銘柄,銘柄,銘柄,取引区分,期限,預り区分,約定日,受渡日,株数,平均約定単価,手数料・諸経費等,課税額・譲渡益税,受渡金額・決済損益,受渡金額(日計り分)
281A,インフォメティス,東証,信用返済売,６ヵ月,特定,2025/07/07,2025/07/09,100,936,7,--,"-2,107",--
281A,インフォメティス,東証,信用返済売,６ヵ月,特定,2025/07/07,2025/07/09,100,936,7,--,"-5,587",--
281A,インフォメティス,PTS(X),信用返済売,６ヵ月,特定,2025/07/07,2025/07/09,100,936,7,--,"-2,007",--
281A,インフォメティス,PTS(O),信用返済売,６ヵ月,特定,2025/07/07,2025/07/09,100,936,7,--,"-1,997",--
281A,インフォメティス,PTS(X),信用返済売,６ヵ月,特定,2025/07/07,2025/07/09,100,936.1,7,--,"-1,977",--
6146,ディスコ,東証,信用返済売,６ヵ月,特定,2025/07/07,2025/07/09,100,"42,000","1,880",--,"112,120",--
6857,アドバンテスト,東証,信用返済売,６ヵ月,特定,2025/07/07,2025/07/09,100,"10,685",81,--,"12,019",--
6857,アドバンテスト,東証,信用返済売,６ヵ月,特定,2025/07/07,2025/07/09,100,"10,685",82,--,"-4,442",--
6920,レーザーテック,東証,信用返済売,６ヵ月,特定,2025/07/07,2025/07/09,100,"18,635",143,--,"-3,643",--
6920,レーザーテック,PTS(X),信用返済売,６ヵ月,特定,2025/07/07,2025/07/09,100,"18,615.1",141,--,"12,199",--
281A,インフォメティス,東証,信用新規買,６ヵ月,特定,2025/07/07,2025/07/09,100,993,--,--,--,--
281A,インフォメティス,東証,信用新規買,６ヵ月,特定,2025/07/07,2025/07/09,100,956,--,--,--,--
281A,インフォメティス,東証,信用新規買,６ヵ月,特定,2025/07/07,2025/07/09,100,992,--,--,--,--
281A,インフォメティス,PTS(X),信用新規買,６ヵ月,特定,2025/07/07,2025/07/09,100,955.8,--,--,--,--
281A,インフォメティス,PTS(X),信用新規買,６ヵ月,特定,2025/07/07,2025/07/09,100,991.8,--,--,--,--
281A,インフォメティス,PTS(X),信用新規買,６ヵ月,特定,2025/07/07,2025/07/09,100,955.9,--,--,--,--
281A,インフォメティス,PTS(X),信用新規買,６ヵ月,特定,2025/07/07,2025/07/09,100,991.9,--,--,--,--
281A,インフォメティス,東証,信用新規買,６ヵ月,特定,2025/07/07,2025/07/09,100,957,--,--,--,--
3353,メディカル一光グループ,東証,信用新規買,６ヵ月,特定,2025/07/07,2025/07/09,100,"2,801",--,--,--,--
3353,メディカル一光グループ,PTS(X),信用新規買,６ヵ月,特定,2025/07/07,2025/07/09,100,"2,828",--,--,--,--
6146,ディスコ,PTS(X),信用新規買,６ヵ月,特定,2025/07/07,2025/07/09,100,"41,988.6",--,--,--,--
6857,アドバンテスト,PTS(X),信用新規買,６ヵ月,特定,2025/07/07,2025/07/09,100,"10,564",--,--,--,--
6857,アドバンテスト,PTS(X),信用新規買,６ヵ月,特定,2025/07/07,2025/07/09,100,"10,728.6",--,--,--,--
6920,レーザーテック,PTS(X),信用新規買,６ヵ月,特定,2025/07/07,2025/07/09,100,"18,491.7",--,--,--,--
6920,レーザーテック,PTS(X),信用新規買,６ヵ月,特定,2025/07/07,2025/07/09,100,"18,670",--,--,--,--
7481,尾家産業,東証,現物買,--,NISA,2025/07/04,2025/07/08,100,"2,104",--,--,"210,400",--
3498,霞ヶ関キャピタル,東証,信用返済売,６ヵ月,特定,2025/07/04,2025/07/08,100,"16,250",125,--,"-6,125",--
3498,霞ヶ関キャピタル,東証,信用返済売,６ヵ月,特定,2025/07/04,2025/07/08,100,"16,250",125,--,"-13,825",--
372A,レント,PTS(X),信用返済売,６ヵ月,特定,2025/07/04,2025/07/08,200,"6,080",96,--,"-38,096",--
6146,ディスコ,東証,信用返済売,６ヵ月,特定,2025/07/04,2025/07/08,100,"40,810",315,--,"-37,205",--
6526,ソシオネクスト,PTS(O),信用返済売,無期限,特定,2025/07/04,2025/07/08,100,"2,690.7",41,--,"-1,871",--
6526,ソシオネクスト,PTS(X),信用返済売,無期限,特定,2025/07/04,2025/07/08,300,"2,690.5",124,--,"-5,674",--
6857,アドバンテスト,東証,信用返済売,６ヵ月,特定,2025/07/04,2025/07/08,100,"10,725",82,--,"2,218",--
6857,アドバンテスト,東証,信用返済売,６ヵ月,特定,2025/07/04,2025/07/08,100,"10,725",82,--,"-3,572",--
6857,アドバンテスト,東証,信用返済売,６ヵ月,特定,2025/07/04,2025/07/08,100,"10,725",82,--,"-3,582",--
6920,レーザーテック,PTS(O),信用返済売,６ヵ月,特定,2025/07/04,2025/07/08,100,"18,730.1",144,--,"-13,874",--
6920,レーザーテック,PTS(X),信用返済売,６ヵ月,特定,2025/07/04,2025/07/08,100,"18,730.1",143,--,"1,417",--
7453,良品計画,東証,信用返済売,６ヵ月,特定,2025/07/04,2025/07/08,200,"6,920",106,--,"-6,006",--
7453,良品計画,東証,信用返済売,６ヵ月,特定,2025/07/04,2025/07/08,200,"6,920",106,--,"-6,086",--
7453,良品計画,東証,信用返済売,６ヵ月,特定,2025/07/04,2025/07/08,100,"6,920",53,--,"-3,033",--
7453,良品計画,東証,信用返済売,６ヵ月,特定,2025/07/04,2025/07/08,200,"6,920",105,--,"6,695",--
7453,良品計画,東証,信用返済売,６ヵ月,特定,2025/07/04,2025/07/08,100,"6,920",52,--,"3,378",--
7453,良品計画,東証,信用返済売,６ヵ月,特定,2025/07/04,2025/07/08,100,"6,920",52,--,"3,358",--
7453,良品計画,東証,信用返済売,６ヵ月,特定,2025/07/04,2025/07/08,100,"6,920",52,--,"1,078",--
7453,良品計画,東証,信用返済売,６ヵ月,特定,2025/07/04,2025/07/08,300,"6,920",159,--,"3,141",--
7453,良品計画,東証,信用返済売,６ヵ月,特定,2025/07/04,2025/07/08,200,"6,920",105,--,"5,695",--
9275,ナルミヤ・インターナショナル,東証,信用返済売,６ヵ月,特定,2025/07/04,2025/07/08,100,"1,504",24,--,"-10,624",--
9275,ナルミヤ・インターナショナル,東証,信用返済売,６ヵ月,特定,2025/07/04,2025/07/08,300,"1,504",72,--,"-21,072",--
9369,キユーソー流通システム,東証,信用返済売,６ヵ月,特定,2025/07/04,2025/07/08,200,"2,784",79,--,"-25,679",--
3498,霞ヶ関キャピタル,PTS(X),信用新規買,６ヵ月,特定,2025/07/04,2025/07/08,100,"16,387",--,--,--,--
3498,霞ヶ関キャピタル,東証,信用新規買,６ヵ月,特定,2025/07/04,2025/07/08,100,"16,310",--,--,--,--
372A,レント,PTS(X),信用新規買,６ヵ月,特定,2025/07/04,2025/07/08,200,"6,270",--,--,--,--
6146,ディスコ,PTS(X),信用新規買,６ヵ月,特定,2025/07/04,2025/07/08,100,"41,178.9",--,--,--,--
6526,ソシオネクスト,PTS(X),信用新規買,６ヵ月,特定,2025/07/04,2025/07/08,300,"2,714.4",--,--,--,--
6857,アドバンテスト,PTS(O),信用新規買,６ヵ月,特定,2025/07/04,2025/07/08,100,"10,702",--,--,--,--
6857,アドバンテスト,PTS(X),信用新規買,６ヵ月,特定,2025/07/04,2025/07/08,100,"10,760",--,--,--,--
6857,アドバンテスト,PTS(X),信用新規買,６ヵ月,特定,2025/07/04,2025/07/08,100,"10,759.9",--,--,--,--
6920,レーザーテック,PTS(O),信用新規買,６ヵ月,特定,2025/07/04,2025/07/08,100,"18,867.4",--,--,--,--
6920,レーザーテック,PTS(X),信用新規買,６ヵ月,特定,2025/07/04,2025/07/08,100,"18,714.5",--,--,--,--
7453,良品計画,PTS(O),信用新規買,６ヵ月,特定,2025/07/04,2025/07/08,100,"6,949.8",--,--,--,--
7453,良品計画,PTS(O),信用新規買,６ヵ月,特定,2025/07/04,2025/07/08,100,"6,885.9",--,--,--,--
7453,良品計画,PTS(O),信用新規買,６ヵ月,特定,2025/07/04,2025/07/08,200,"6,949.5",--,--,--,--
7453,良品計画,PTS(X),信用新規買,６ヵ月,特定,2025/07/04,2025/07/08,200,"6,949.9",--,--,--,--
7453,良品計画,PTS(X),信用新規買,６ヵ月,特定,2025/07/04,2025/07/08,200,"6,891",--,--,--,--
7453,良品計画,PTS(O),信用新規買,６ヵ月,特定,2025/07/04,2025/07/08,100,"6,908.7",--,--,--,--
7453,良品計画,PTS(O),信用新規買,６ヵ月,特定,2025/07/04,2025/07/08,100,"6,885.7",--,--,--,--
7453,良品計画,東証,信用新規買,６ヵ月,特定,2025/07/04,2025/07/08,200,"6,886",--,--,--,--
7453,良品計画,PTS(X),信用新規買,６ヵ月,特定,2025/07/04,2025/07/08,300,"6,909",--,--,--,--
281A,インフォメティス,PTS(X),信用返済売,６ヵ月,特定,2025/07/03,2025/07/07,100,"1,074.4",7,--,"7,433",--
281A,インフォメティス,PTS(X),信用返済売,６ヵ月,特定,2025/07/03,2025/07/07,100,"1,074.4",7,--,"7,433",--
281A,インフォメティス,PTS(X),信用返済売,６ヵ月,特定,2025/07/03,2025/07/07,300,"1,074.4",23,--,"21,997",--
6857,アドバンテスト,東証,信用返済売,６ヵ月,特定,2025/07/03,2025/07/07,100,"10,530",80,--,"3,210",--
6857,アドバンテスト,東証,信用返済売,６ヵ月,特定,2025/07/03,2025/07/07,200,"10,530",162,--,"-10,162",--
6920,レーザーテック,東証,信用返済売,６ヵ月,特定,2025/07/03,2025/07/07,100,"18,890",144,--,"9,026",--
6963,ローム,東証,信用返済売,６ヵ月,特定,2025/07/03,2025/07/07,500,"1,843.5",70,--,"-1,570",--
6963,ローム,東証,信用返済売,６ヵ月,特定,2025/07/03,2025/07/07,200,"1,843.5",28,--,-608,--
6963,ローム,東証,信用返済売,６ヵ月,特定,2025/07/03,2025/07/07,200,"1,843.5",28,--,-728,--
6963,ローム,東証,信用返済売,６ヵ月,特定,2025/07/03,2025/07/07,100,"1,843.5",14,--,-294,--
6963,ローム,PTS(X),信用返済売,６ヵ月,特定,2025/07/03,2025/07/07,300,"1,829.6",41,--,"2,839",--
6963,ローム,PTS(X),信用返済売,６ヵ月,特定,2025/07/03,2025/07/07,200,"1,829.7",27,--,"1,933",--
9369,キユーソー流通システム,PTS(X),信用返済売,６ヵ月,特定,2025/07/03,2025/07/07,100,"2,921.3",22,--,908,--
281A,インフォメティス,東証,信用新規買,６ヵ月,特定,2025/07/03,2025/07/07,300,"1,001",--,--,--,--
281A,インフォメティス,東証,信用新規買,６ヵ月,特定,2025/07/03,2025/07/07,100,"1,000",--,--,--,--
281A,インフォメティス,PTS(X),信用新規買,６ヵ月,特定,2025/07/03,2025/07/07,100,"1,000",--,--,--,--
6526,ソシオネクスト,東証,信用新規買,無期限,特定,2025/07/03,2025/07/07,400,"2,709",--,--,--,--
6857,アドバンテスト,PTS(O),信用新規買,６ヵ月,特定,2025/07/03,2025/07/07,100,"10,497.1",--,--,--,--
6857,アドバンテスト,東証,信用新規買,６ヵ月,特定,2025/07/03,2025/07/07,200,"10,580",--,--,--,--
6920,レーザーテック,PTS(O),信用新規買,６ヵ月,特定,2025/07/03,2025/07/07,100,"18,798.3",--,--,--,--
6963,ローム,PTS(X),信用新規買,６ヵ月,特定,2025/07/03,2025/07/07,200,"1,819.9",--,--,--,--
6963,ローム,PTS(X),信用新規買,６ヵ月,特定,2025/07/03,2025/07/07,100,"1,846.3",--,--,--,--
6963,ローム,PTS(X),信用新規買,６ヵ月,特定,2025/07/03,2025/07/07,200,"1,846.4",--,--,--,--
6963,ローム,東証,信用新規買,６ヵ月,特定,2025/07/03,2025/07/07,200,"1,847",--,--,--,--
6963,ローム,東証,信用新規買,６ヵ月,特定,2025/07/03,2025/07/07,500,"1,846.5",--,--,--,--
6963,ローム,PTS(X),信用新規買,６ヵ月,特定,2025/07/03,2025/07/07,300,"1,820",--,--,--,--
9275,ナルミヤ・インターナショナル,東証,信用新規買,６ヵ月,特定,2025/07/03,2025/07/07,100,"1,610",--,--,--,--
9275,ナルミヤ・インターナショナル,東証,信用新規買,６ヵ月,特定,2025/07/03,2025/07/07,300,"1,574",--,--,--,--
9369,キユーソー流通システム,東証,信用新規買,６ヵ月,特定,2025/07/03,2025/07/07,300,"2,912",--,--,--,--
6028,テクノプロ・ホールディングス,PTS(O),信用返済売,６ヵ月,特定,2025/07/02,2025/07/04,100,"4,115.1",616,--,"7,994",--
6028,テクノプロ・ホールディングス,PTS(O),信用返済売,６ヵ月,特定,2025/07/02,2025/07/04,100,"4,115",616,--,"7,884",--
6028,テクノプロ・ホールディングス,PTS(X),信用返済売,６ヵ月,特定,2025/07/02,2025/07/04,100,"4,114.1",616,--,"7,894",--
6028,テクノプロ・ホールディングス,PTS(O),信用返済売,６ヵ月,特定,2025/07/02,2025/07/04,100,"4,115",616,--,"7,784",--
6028,テクノプロ・ホールディングス,PTS(O),信用返済売,６ヵ月,特定,2025/07/02,2025/07/04,100,"4,115.1",616,--,"7,894",--
6146,ディスコ,東証,信用返済売,６ヵ月,特定,2025/07/02,2025/07/04,100,"40,860","3,647",--,"412,353",--
6146,ディスコ,東証,信用返済売,６ヵ月,特定,2025/07/02,2025/07/04,100,"40,860",315,--,"-23,315",--
6146,ディスコ,東証,信用返済売,６ヵ月,特定,2025/07/02,2025/07/04,100,"40,930",313,--,"6,687",--
6526,ソシオネクスト,PTS(X),信用返済売,無期限,特定,2025/07/02,2025/07/04,200,"2,676",41,--,"-2,941",--
6526,ソシオネクスト,東証,信用返済売,無期限,特定,2025/07/02,2025/07/04,100,"2,676",20,--,"-1,470",--
6857,アドバンテスト,東証,信用返済売,６ヵ月,特定,2025/07/02,2025/07/04,200,"10,425",157,--,"25,843",--
6857,アドバンテスト,東証,信用返済売,無期限,特定,2025/07/02,2025/07/04,300,"10,405","2,887",--,"221,213",--
6920,レーザーテック,PTS(X),信用返済売,無期限,特定,2025/07/02,2025/07/04,100,"18,706.1","1,513",--,"261,597",--
6920,レーザーテック,東証,信用返済売,６ヵ月,特定,2025/07/02,2025/07/04,100,"18,785",139,--,"53,881",--
6920,レーザーテック,PTS(O),信用返済売,無期限,特定,2025/07/02,2025/07/04,100,"18,706.1","1,519",--,"255,591",--
8035,東京エレクトロン,東証,信用返済売,６ヵ月,特定,2025/07/02,2025/07/04,100,"26,615","2,458",--,"186,042",--
281A,インフォメティス,PTS(X),信用新規買,６ヵ月,特定,2025/07/02,2025/07/04,200,"1,211",--,--,--,--
281A,インフォメティス,PTS(O),信用新規買,６ヵ月,特定,2025/07/02,2025/07/04,100,"1,057",--,--,--,--
281A,インフォメティス,東証,信用新規買,６ヵ月,特定,2025/07/02,2025/07/04,100,"1,197",--,--,--,--
281A,インフォメティス,PTS(X),信用新規買,６ヵ月,特定,2025/07/02,2025/07/04,200,"1,057",--,--,--,--
281A,インフォメティス,PTS(X),信用新規買,６ヵ月,特定,2025/07/02,2025/07/04,200,"1,031.8",--,--,--,--
281A,インフォメティス,PTS(O),信用新規買,６ヵ月,特定,2025/07/02,2025/07/04,100,"1,197",--,--,--,--
281A,インフォメティス,PTS(X),信用新規買,６ヵ月,特定,2025/07/02,2025/07/04,100,"1,197",--,--,--,--
5724,アサカ理研,PTS(X),信用新規買,６ヵ月,特定,2025/07/02,2025/07/04,100,"1,078.3",--,--,--,--
5724,アサカ理研,PTS(X),信用新規買,６ヵ月,特定,2025/07/02,2025/07/04,100,"1,036",--,--,--,--
5724,アサカ理研,PTS(X),信用新規買,６ヵ月,特定,2025/07/02,2025/07/04,200,"1,035.1",--,--,--,--
5724,アサカ理研,東証,信用新規買,６ヵ月,特定,2025/07/02,2025/07/04,200,"1,080",--,--,--,--
5724,アサカ理研,PTS(O),信用新規買,６ヵ月,特定,2025/07/02,2025/07/04,200,"1,033.8",--,--,--,--
5724,アサカ理研,PTS(O),信用新規買,６ヵ月,特定,2025/07/02,2025/07/04,100,"1,078.3",--,--,--,--
5724,アサカ理研,PTS(X),信用新規買,６ヵ月,特定,2025/07/02,2025/07/04,100,"1,078.2",--,--,--,--
6146,ディスコ,東証,信用新規買,６ヵ月,特定,2025/07/02,2025/07/04,100,"41,090",--,--,--,--
6146,ディスコ,東証,信用新規買,６ヵ月,特定,2025/07/02,2025/07/04,200,"40,860",--,--,--,--
6526,ソシオネクスト,東証,信用新規買,無期限,特定,2025/07/02,2025/07/04,300,"2,690.5",--,--,--,--
6857,アドバンテスト,東証,信用新規買,無期限,特定,2025/07/02,2025/07/04,300,"10,405",--,--,--,--
6857,アドバンテスト,東証,信用新規買,６ヵ月,特定,2025/07/02,2025/07/04,200,"10,295",--,--,--,--
6920,レーザーテック,東証,信用新規買,無期限,特定,2025/07/02,2025/07/04,200,"18,705",--,--,--,--
6920,レーザーテック,PTS(X),信用新規買,６ヵ月,特定,2025/07/02,2025/07/04,100,"18,244.8",--,--,--,--
8035,東京エレクトロン,東証,信用新規買,６ヵ月,特定,2025/07/02,2025/07/04,100,"26,615",--,--,--,--
3382,セブン＆アイ・ホールディングス,東証,信用返済売,６ヵ月,特定,2025/07/01,2025/07/03,100,"2,324",33,--,"1,487",--
3382,セブン＆アイ・ホールディングス,東証,信用返済売,６ヵ月,特定,2025/07/01,2025/07/03,500,"2,324",165,--,"7,385",--
3382,セブン＆アイ・ホールディングス,東証,信用返済売,６ヵ月,特定,2025/07/01,2025/07/03,300,"2,324",99,--,"4,431",--
3382,セブン＆アイ・ホールディングス,PTS(X),信用返済売,６ヵ月,特定,2025/07/01,2025/07/03,100,"2,324",33,--,"1,477",--
5724,アサカ理研,PTS(J),信用返済売,６ヵ月,特定,2025/07/01,2025/07/03,100,"1,038.1",188,--,"-13,778",--
5724,アサカ理研,PTS(O),信用返済売,６ヵ月,特定,2025/07/01,2025/07/03,100,"1,040",188,--,"-13,588",--
5724,アサカ理研,PTS(X),信用返済売,６ヵ月,特定,2025/07/01,2025/07/03,100,"1,039.9",191,--,"-15,801",--
5724,アサカ理研,PTS(O),信用返済売,６ヵ月,特定,2025/07/01,2025/07/03,100,"1,039.9",191,--,"-15,701",--
5724,アサカ理研,PTS(X),信用返済売,６ヵ月,特定,2025/07/01,2025/07/03,100,"1,040",191,--,"-15,691",--
5724,アサカ理研,PTS(O),信用返済売,６ヵ月,特定,2025/07/01,2025/07/03,100,"1,040.1",188,--,"-13,578",--
5724,アサカ理研,PTS(O),信用返済売,６ヵ月,特定,2025/07/01,2025/07/03,100,"1,039.9",191,--,"-15,701",--
5724,アサカ理研,PTS(X),信用返済売,６ヵ月,特定,2025/07/01,2025/07/03,100,"1,039.9",192,--,"-15,902",--
5724,アサカ理研,PTS(X),信用返済売,６ヵ月,特定,2025/07/01,2025/07/03,200,"1,040.1",376,--,"-27,156",--
6146,ディスコ,東証,信用返済売,６ヵ月,特定,2025/07/01,2025/07/03,100,"42,510",321,--,"65,039",--
6146,ディスコ,東証,信用返済売,６ヵ月,特定,2025/07/01,2025/07/03,100,"42,490",325,--,"1,845",--
6526,ソシオネクスト,PTS(O),信用返済売,６ヵ月,特定,2025/07/01,2025/07/03,100,"2,762.4",20,--,"4,520",--
6526,ソシオネクスト,PTS(X),信用返済売,６ヵ月,特定,2025/07/01,2025/07/03,100,"2,762.3",20,--,"4,560",--
6526,ソシオネクスト,PTS(X),信用返済売,６ヵ月,特定,2025/07/01,2025/07/03,100,"2,762.4",20,--,"4,570",--
6920,レーザーテック,東証,信用返済売,６ヵ月,特定,2025/07/01,2025/07/03,200,"18,770",288,--,"-9,248",--
6920,レーザーテック,PTS(X),信用返済売,６ヵ月,特定,2025/07/01,2025/07/03,100,"18,833.7",144,--,"5,816",--
6920,レーザーテック,PTS(X),信用返済売,６ヵ月,特定,2025/07/01,2025/07/03,100,"18,833.4",144,--,"-5,174",--
6920,レーザーテック,PTS(X),信用返済売,６ヵ月,特定,2025/07/01,2025/07/03,100,"18,833.7",142,--,"21,728",--
9501,東京電力ホールディングス,PTS(X),信用返済売,６ヵ月,特定,2025/07/01,2025/07/03,500,525.1,19,--,"2,681",--
9501,東京電力ホールディングス,東証,信用返済売,６ヵ月,特定,2025/07/01,2025/07/03,600,525.1,24,--,936,--
9501,東京電力ホールディングス,東証,信用返済売,６ヵ月,特定,2025/07/01,2025/07/03,200,525.1,7,--,"1,073",--
9501,東京電力ホールディングス,東証,信用返済売,６ヵ月,特定,2025/07/01,2025/07/03,100,525.1,3,--,537,--
6146,ディスコ,PTS(O),信用新規買,６ヵ月,特定,2025/07/01,2025/07/03,100,"42,468.3",--,--,--,--
6146,ディスコ,PTS(O),信用新規買,６ヵ月,特定,2025/07/01,2025/07/03,100,"41,856.4",--,--,--,--
6526,ソシオネクスト,東証,信用新規買,６ヵ月,特定,2025/07/01,2025/07/03,100,"2,716.5",--,--,--,--
6526,ソシオネクスト,東証,信用新規買,６ヵ月,特定,2025/07/01,2025/07/03,100,"2,717",--,--,--,--
6526,ソシオネクスト,PTS(X),信用新規買,６ヵ月,特定,2025/07/01,2025/07/03,100,"2,716.5",--,--,--,--
6920,レーザーテック,PTS(X),信用新規買,６ヵ月,特定,2025/07/01,2025/07/03,200,"18,814.8",--,--,--,--
6920,レーザーテック,PTS(X),信用新規買,６ヵ月,特定,2025/07/01,2025/07/03,100,"18,883.7",--,--,--,--
6920,レーザーテック,PTS(O),信用新規買,６ヵ月,特定,2025/07/01,2025/07/03,100,"18,774.1",--,--,--,--
6920,レーザーテック,PTS(X),信用新規買,６ヵ月,特定,2025/07/01,2025/07/03,100,"18,615",--,--,--,--
8337,千葉興業銀行,東証,信用新規買,６ヵ月,特定,2025/07/01,2025/07/03,400,"1,400",--,--,--,--
8337,千葉興業銀行,PTS(X),信用新規買,６ヵ月,特定,2025/07/01,2025/07/03,100,"1,363.8",--,--,--,--
9501,東京電力ホールディングス,PTS(X),信用新規買,６ヵ月,特定,2025/07/01,2025/07/03,600,519.7,--,--,--,--
9501,東京電力ホールディングス,PTS(O),信用新規買,６ヵ月,特定,2025/07/01,2025/07/03,200,519.7,--,--,--,--
9501,東京電力ホールディングス,PTS(X),信用新規買,６ヵ月,特定,2025/07/01,2025/07/03,600,523.5,--,--,--,--
6857,アドバンテスト,PTS(O),信用返済売,６ヵ月,特定,2025/06/27,2025/07/01,100,"10,506.7",81,--,"-13,181",--
3382,セブン＆アイ・ホールディングス,PTS(X),信用新規買,６ヵ月,特定,2025/06/27,2025/07/01,600,"2,308.9",--,--,--,--
3382,セブン＆アイ・ホールディングス,PTS(O),信用新規買,６ヵ月,特定,2025/06/27,2025/07/01,100,"2,308.8",--,--,--,--
3382,セブン＆アイ・ホールディングス,PTS(O),信用新規買,６ヵ月,特定,2025/06/27,2025/07/01,300,"2,308.9",--,--,--,--
6857,アドバンテスト,PTS(O),信用新規買,６ヵ月,特定,2025/06/27,2025/07/01,100,"10,637.7",--,--,--,--
6146,ディスコ,PTS(X),信用返済売,無期限,特定,2025/06/26,2025/06/30,100,"39,111",220,--,"77,880",--
6857,アドバンテスト,PTS(O),信用返済売,６ヵ月,特定,2025/06/26,2025/06/30,100,"10,547.1",65,--,"4,145",--
6920,レーザーテック,PTS(X),信用返済売,６ヵ月,特定,2025/06/26,2025/06/30,100,"19,213.5",116,--,"57,244",--
6146,ディスコ,東証,信用新規買,無期限,特定,2025/06/26,2025/06/30,100,"38,330",--,--,--,--
6857,アドバンテスト,PTS(X),信用新規買,６ヵ月,特定,2025/06/26,2025/06/30,100,"10,505",--,--,--,--
6920,レーザーテック,PTS(O),信用新規買,６ヵ月,特定,2025/06/26,2025/06/30,100,"18,639.9",--,--,--,--
6857,アドバンテスト,東証,信用返済売,６ヵ月,特定,2025/06/25,2025/06/27,100,"10,190",62,--,"20,568",--
6857,アドバンテスト,東証,信用返済売,６ヵ月,特定,2025/06/25,2025/06/27,100,"10,190",62,--,"13,628",--
6920,レーザーテック,東証,信用返済売,６ヵ月,特定,2025/06/25,2025/06/27,100,"18,795",115,--,"23,015",--
7735,ＳＣＲＥＥＮホールディングス,PTS(X),信用返済売,６ヵ月,特定,2025/06/25,2025/06/27,100,"11,321.5",71,--,"-7,521",--
9104,商船三井,PTS(X),信用返済売,６ヵ月,特定,2025/06/25,2025/06/27,100,"4,718.7",59,--,"-2,469",--
9104,商船三井,PTS(X),信用返済売,６ヵ月,特定,2025/06/25,2025/06/27,200,"4,718.8",118,--,"-4,938",--
6857,アドバンテスト,PTS(X),信用新規買,６ヵ月,特定,2025/06/25,2025/06/27,100,"10,053.1",--,--,--,--
6857,アドバンテスト,PTS(O),信用新規買,６ヵ月,特定,2025/06/25,2025/06/27,100,"9,983.7",--,--,--,--
6920,レーザーテック,PTS(X),信用新規買,６ヵ月,特定,2025/06/25,2025/06/27,100,"18,563.7",--,--,--,--
7735,ＳＣＲＥＥＮホールディングス,PTS(X),信用新規買,６ヵ月,特定,2025/06/25,2025/06/27,100,"11,396",--,--,--,--
6526,ソシオネクスト,PTS(X),信用返済売,無期限,特定,2025/06/24,2025/06/26,100,"2,741.3",16,--,"-6,186",--
6526,ソシオネクスト,PTS(O),信用返済売,無期限,特定,2025/06/24,2025/06/26,100,"2,741.4",16,--,"-6,276",--
6526,ソシオネクスト,PTS(X),信用返済売,無期限,特定,2025/06/24,2025/06/26,100,"2,741.3",16,--,"-6,236",--
6857,アドバンテスト,東証,信用返済売,６ヵ月,特定,2025/06/24,2025/06/26,100,"9,835",60,--,"7,460",--
6857,アドバンテスト,PTS(O),信用返済売,６ヵ月,特定,2025/06/24,2025/06/26,100,"9,818.2",60,--,"5,780",--
6857,アドバンテスト,PTS(X),信用返済売,６ヵ月,特定,2025/06/24,2025/06/26,100,"9,762",60,--,"8,550",--
6857,アドバンテスト,東証,信用返済売,６ヵ月,特定,2025/06/24,2025/06/26,200,"9,835",123,--,"-5,723",--
6857,アドバンテスト,PTS(X),信用返済売,６ヵ月,特定,2025/06/24,2025/06/26,100,"9,762",60,--,"8,340",--
6526,ソシオネクスト,東証,信用新規買,無期限,特定,2025/06/24,2025/06/26,100,"2,803.5",--,--,--,--
6526,ソシオネクスト,東証,信用新規買,無期限,特定,2025/06/24,2025/06/26,100,"2,804",--,--,--,--
6526,ソシオネクスト,東証,信用新規買,無期限,特定,2025/06/24,2025/06/26,100,"2,803",--,--,--,--
6857,アドバンテスト,PTS(X),信用新規買,６ヵ月,特定,2025/06/24,2025/06/26,100,"9,678",--,--,--,--
6857,アドバンテスト,PTS(X),信用新規買,６ヵ月,特定,2025/06/24,2025/06/26,200,"9,863",--,--,--,--
6857,アドバンテスト,PTS(O),信用新規買,６ヵ月,特定,2025/06/24,2025/06/26,200,"9,759.8",--,--,--,--
6857,アドバンテスト,PTS(O),信用新規買,６ヵ月,特定,2025/06/24,2025/06/26,100,"9,675.9",--,--,--,--
9104,商船三井,PTS(X),信用新規買,６ヵ月,特定,2025/06/24,2025/06/26,200,"4,742.9",--,--,--,--
9104,商船三井,PTS(X),信用新規買,６ヵ月,特定,2025/06/24,2025/06/26,100,"4,742.8",--,--,--,--
6146,ディスコ,東証,信用返済売,無期限,特定,2025/06/23,2025/06/25,100,"36,110",203,--,"75,797",--
6526,ソシオネクスト,東証,信用返済売,無期限,特定,2025/06/23,2025/06/25,300,"2,778",46,--,"18,404",--
6857,アドバンテスト,東証,信用返済売,６ヵ月,特定,2025/06/23,2025/06/25,100,"9,710",59,--,"13,651",--
6857,アドバンテスト,東証,信用返済売,６ヵ月,特定,2025/06/23,2025/06/25,100,"9,710",59,--,"13,651",--
6857,アドバンテスト,東証,信用返済売,６ヵ月,特定,2025/06/23,2025/06/25,100,"9,710",59,--,"13,641",--
6920,レーザーテック,東証,信用返済売,６ヵ月,特定,2025/06/23,2025/06/25,100,"16,200",99,--,"33,091",--
6146,ディスコ,東証,信用新規買,無期限,特定,2025/06/23,2025/06/25,100,"35,350",--,--,--,--
6526,ソシオネクスト,東証,信用新規買,無期限,特定,2025/06/23,2025/06/25,300,"2,716.5",--,--,--,--
6857,アドバンテスト,東証,信用新規買,６ヵ月,特定,2025/06/23,2025/06/25,100,"9,573",--,--,--,--
6857,アドバンテスト,PTS(O),信用新規買,６ヵ月,特定,2025/06/23,2025/06/25,100,"9,572.9",--,--,--,--
6857,アドバンテスト,PTS(X),信用新規買,６ヵ月,特定,2025/06/23,2025/06/25,100,"9,572.9",--,--,--,--
6920,レーザーテック,PTS(X),信用新規買,６ヵ月,特定,2025/06/23,2025/06/25,100,"15,868.1",--,--,--,--
6146,ディスコ,東証,信用返済売,６ヵ月,特定,2025/06/20,2025/06/24,100,"36,690",223,--,"89,777",--
6526,ソシオネクスト,PTS(O),信用返済売,無期限,特定,2025/06/20,2025/06/24,100,"2,711.4",15,--,-275,--
6526,ソシオネクスト,PTS(X),信用返済売,無期限,特定,2025/06/20,2025/06/24,400,"2,711.4",62,--,"-1,302",--
6857,アドバンテスト,東証,信用返済売,６ヵ月,特定,2025/06/20,2025/06/24,300,"9,831",178,--,"90,452",--
6920,レーザーテック,東証,信用返済売,６ヵ月,特定,2025/06/20,2025/06/24,100,"16,470",99,--,"61,991",--
6146,ディスコ,東証,信用新規買,６ヵ月,特定,2025/06/20,2025/06/24,100,"35,790",--,--,--,--
6526,ソシオネクスト,東証,信用新規買,無期限,特定,2025/06/20,2025/06/24,100,"2,714",--,--,--,--
6526,ソシオネクスト,東証,信用新規買,無期限,特定,2025/06/20,2025/06/24,400,"2,714.5",--,--,--,--
6857,アドバンテスト,PTS(X),信用新規買,６ヵ月,特定,2025/06/20,2025/06/24,300,"9,528.9",--,--,--,--
6920,レーザーテック,PTS(O),信用新規買,６ヵ月,特定,2025/06/20,2025/06/24,100,"15,849.1",--,--,--,--
4704,トレンドマイクロ,PTS(O),信用新規売,６ヵ月,特定,2025/06/19,2025/06/23,100,"10,290.5",--,--,--,--
4704,トレンドマイクロ,東証,信用新規売,６ヵ月,特定,2025/06/19,2025/06/23,200,"10,020",--,--,--,--
4704,トレンドマイクロ,PTS(X),信用新規売,６ヵ月,特定,2025/06/19,2025/06/23,100,"10,020.5",--,--,--,--
4704,トレンドマイクロ,PTS(O),信用新規売,６ヵ月,特定,2025/06/19,2025/06/23,100,"10,020.5",--,--,--,--
4704,トレンドマイクロ,PTS(X),信用新規売,６ヵ月,特定,2025/06/19,2025/06/23,100,"10,021",--,--,--,--
4704,トレンドマイクロ,PTS(X),信用新規売,６ヵ月,特定,2025/06/19,2025/06/23,100,"10,022",--,--,--,--
8473,ＳＢＩホールディングス,PTS(X),信用新規売,６ヵ月,特定,2025/06/19,2025/06/23,200,"5,017.8",--,--,--,--
8473,ＳＢＩホールディングス,PTS(X),信用新規売,６ヵ月,特定,2025/06/19,2025/06/23,200,"4,934.2",--,--,--,--
8473,ＳＢＩホールディングス,PTS(O),信用新規売,６ヵ月,特定,2025/06/19,2025/06/23,100,"4,936.1",--,--,--,--
5401,日本製鉄,PTS(X),信用返済売,６ヵ月,特定,2025/06/19,2025/06/23,300,"2,752.9",52,--,"-16,132",--
6526,ソシオネクスト,PTS(O),信用返済売,無期限,特定,2025/06/19,2025/06/23,100,"2,693.6",15,--,-555,--
6526,ソシオネクスト,東証,信用返済売,無期限,特定,2025/06/19,2025/06/23,500,"2,693.5",77,--,"3,423",--
6526,ソシオネクスト,東証,信用返済売,無期限,特定,2025/06/19,2025/06/23,200,"2,693.5",30,--,"7,070",--
6526,ソシオネクスト,東証,信用返済売,無期限,特定,2025/06/19,2025/06/23,"1,300","2,693.5",201,--,"-7,351",--
6526,ソシオネクスト,東証,信用返済売,無期限,特定,2025/06/19,2025/06/23,400,"2,693",62,--,"-2,462",--
6526,ソシオネクスト,PTS(X),信用返済売,無期限,特定,2025/06/19,2025/06/23,100,"2,693.6",15,--,"3,545",--
6526,ソシオネクスト,PTS(X),信用返済売,無期限,特定,2025/06/19,2025/06/23,100,"2,693.5",15,--,"3,535",--
6526,ソシオネクスト,PTS(X),信用返済売,無期限,特定,2025/06/19,2025/06/23,300,"2,693.7",46,--,"-1,636",--
6526,ソシオネクスト,PTS(O),信用返済売,無期限,特定,2025/06/19,2025/06/23,100,"2,693.6",15,--,"3,545",--
6526,ソシオネクスト,PTS(X),信用返済売,無期限,特定,2025/06/19,2025/06/23,200,"2,693.6",31,--,"-1,111",--
6526,ソシオネクスト,PTS(O),信用返済売,無期限,特定,2025/06/19,2025/06/23,200,"2,693.5",31,--,"-1,131",--
6857,アドバンテスト,東証,信用返済売,６ヵ月,特定,2025/06/19,2025/06/23,100,"9,481",60,--,"-25,120",--
6857,アドバンテスト,PTS(X),信用返済売,６ヵ月,特定,2025/06/19,2025/06/23,100,"9,481.1",60,--,"-25,110",--
6857,アドバンテスト,PTS(X),信用返済売,６ヵ月,特定,2025/06/19,2025/06/23,100,"9,481.3",59,--,"-11,209",--
6857,アドバンテスト,PTS(X),信用返済売,６ヵ月,特定,2025/06/19,2025/06/23,100,"9,481.1",60,--,"-15,680",--
6920,レーザーテック,東証,信用返済売,６ヵ月,特定,2025/06/19,2025/06/23,100,"15,690",97,--,"1,923",--
6920,レーザーテック,PTS(X),信用返済売,６ヵ月,特定,2025/06/19,2025/06/23,100,"15,676.5",101,--,"-57,451",--
6920,レーザーテック,東証,信用返済売,６ヵ月,特定,2025/06/19,2025/06/23,100,"15,690",97,--,"1,923",--
6920,レーザーテック,東証,信用返済売,６ヵ月,特定,2025/06/19,2025/06/23,100,"15,690",97,--,"1,913",--
6920,レーザーテック,東証,信用返済売,６ヵ月,特定,2025/06/19,2025/06/23,100,"15,690",97,--,"1,953",--
5401,日本製鉄,PTS(X),信用新規買,６ヵ月,特定,2025/06/19,2025/06/23,300,"2,806.5",--,--,--,--
6526,ソシオネクスト,東証,信用新規買,無期限,特定,2025/06/19,2025/06/23,500,"2,686.5",--,--,--,--
6526,ソシオネクスト,東証,信用新規買,無期限,特定,2025/06/19,2025/06/23,500,"2,658",--,--,--,--
6526,ソシオネクスト,東証,信用新規買,無期限,特定,2025/06/19,2025/06/23,"2,500","2,699",--,--,--,--
6857,アドバンテスト,PTS(X),信用新規買,６ヵ月,特定,2025/06/19,2025/06/23,100,"9,592.8",--,--,--,--
6857,アドバンテスト,PTS(X),信用新規買,６ヵ月,特定,2025/06/19,2025/06/23,200,"9,731.6",--,--,--,--
6857,アドバンテスト,PTS(X),信用新規買,６ヵ月,特定,2025/06/19,2025/06/23,100,"9,637.3",--,--,--,--
6920,レーザーテック,PTS(X),信用新規買,６ヵ月,特定,2025/06/19,2025/06/23,100,"15,669.9",--,--,--,--
6920,レーザーテック,東証,信用新規買,６ヵ月,特定,2025/06/19,2025/06/23,100,"16,250",--,--,--,--
6920,レーザーテック,PTS(X),信用新規買,６ヵ月,特定,2025/06/19,2025/06/23,200,"15,669.8",--,--,--,--
6920,レーザーテック,PTS(X),信用新規買,６ヵ月,特定,2025/06/19,2025/06/23,100,"15,669.5",--,--,--,--
4704,トレンドマイクロ,東証,信用返済買,６ヵ月,特定,2025/06/19,2025/06/23,100,"10,025",30,--,-480,--
4704,トレンドマイクロ,東証,信用返済買,６ヵ月,特定,2025/06/19,2025/06/23,100,"10,025",30,--,-330,--
4704,トレンドマイクロ,東証,信用返済買,６ヵ月,特定,2025/06/19,2025/06/23,200,"10,025",60,--,"-1,060",--
4704,トレンドマイクロ,東証,信用返済買,６ヵ月,特定,2025/06/19,2025/06/23,100,"10,025",30,--,-430,--
4704,トレンドマイクロ,東証,信用返済買,６ヵ月,特定,2025/06/19,2025/06/23,100,"10,025",30,--,-480,--
4704,トレンドマイクロ,東証,信用返済買,６ヵ月,特定,2025/06/19,2025/06/23,100,"10,265",31,--,"2,519",--
8473,ＳＢＩホールディングス,PTS(O),信用返済買,６ヵ月,特定,2025/06/19,2025/06/23,100,"4,963.2",14,--,"-2,914",--
8473,ＳＢＩホールディングス,PTS(X),信用返済買,６ヵ月,特定,2025/06/19,2025/06/23,100,"4,963.4",14,--,"-2,744",--
8473,ＳＢＩホールディングス,PTS(X),信用返済買,６ヵ月,特定,2025/06/19,2025/06/23,200,"4,963.4",30,--,"10,850",--
8473,ＳＢＩホールディングス,PTS(X),信用返済買,６ヵ月,特定,2025/06/19,2025/06/23,100,"4,963.4",14,--,"-2,934",--
6146,ディスコ,東証,信用返済売,６ヵ月,特定,2025/06/18,2025/06/20,100,"36,690",631,--,"298,369",--
6526,ソシオネクスト,PTS(X),信用返済売,６ヵ月,特定,2025/06/18,2025/06/20,100,"2,598",60,--,"17,140",--
6526,ソシオネクスト,PTS(O),信用返済売,６ヵ月,特定,2025/06/18,2025/06/20,100,"2,598",60,--,"17,140",--
6526,ソシオネクスト,PTS(X),信用返済売,６ヵ月,特定,2025/06/18,2025/06/20,200,"2,598",260,--,"55,640",--
6526,ソシオネクスト,東証,信用返済売,６ヵ月,特定,2025/06/18,2025/06/20,100,"2,598",60,--,"17,140",--
6526,ソシオネクスト,東証,信用返済売,６ヵ月,特定,2025/06/18,2025/06/20,300,"2,598",364,--,"48,836",--
6526,ソシオネクスト,東証,信用返済売,６ヵ月,特定,2025/06/18,2025/06/20,200,"2,597.5",243,--,"32,457",--
6857,アドバンテスト,東証,信用返済売,６ヵ月,特定,2025/06/18,2025/06/20,100,"9,659",156,--,"119,344",--
6857,アドバンテスト,東証,信用返済売,６ヵ月,特定,2025/06/18,2025/06/20,100,"9,663",60,--,450,--
6857,アドバンテスト,東証,信用返済売,無期限,特定,2025/06/18,2025/06/20,200,"9,661",109,--,"26,091",--
6857,アドバンテスト,東証,信用返済売,６ヵ月,特定,2025/06/18,2025/06/20,100,"9,663",60,--,460,--
6857,アドバンテスト,東証,信用返済売,６ヵ月,特定,2025/06/18,2025/06/20,100,"9,663",60,--,450,--
6857,アドバンテスト,東証,信用返済売,６ヵ月,特定,2025/06/18,2025/06/20,100,"9,659",120,--,"30,780",--
6857,アドバンテスト,東証,信用返済売,６ヵ月,特定,2025/06/18,2025/06/20,100,"9,659",118,--,"37,502",--
6920,レーザーテック,東証,信用返済売,６ヵ月,特定,2025/06/18,2025/06/20,200,"16,150",200,--,"15,740",--
6920,レーザーテック,PTS(X),信用返済売,６ヵ月,特定,2025/06/18,2025/06/20,100,"16,085.4",364,--,"148,676",--
6920,レーザーテック,PTS(X),信用返済売,６ヵ月,特定,2025/06/18,2025/06/20,100,"16,085.4",276,--,"130,264",--
6920,レーザーテック,PTS(O),信用返済売,無期限,特定,2025/06/18,2025/06/20,100,"16,064.8",88,--,"74,392",--
8035,東京エレクトロン,東証,信用返済売,６ヵ月,特定,2025/06/18,2025/06/20,100,"24,725",593,--,"97,997",--
1911,住友林業,東証,信用新規買,無期限,特定,2025/06/18,2025/06/20,100,"4,362",--,--,--,--
5889,Ｊａｐａｎ　Ｅｙｅｗｅａｒ　Ｈｏｌｄｉｎｇｓ,PTS(X),信用新規買,６ヵ月,特定,2025/06/18,2025/06/20,100,"2,134.8",--,--,--,--
5889,Ｊａｐａｎ　Ｅｙｅｗｅａｒ　Ｈｏｌｄｉｎｇｓ,PTS(O),信用新規買,６ヵ月,特定,2025/06/18,2025/06/20,100,"2,134.7",--,--,--,--
6146,ディスコ,東証,信用新規買,６ヵ月,特定,2025/06/18,2025/06/20,100,"36,700",--,--,--,--
6369,トーヨーカネツ,東証,信用新規買,無期限,特定,2025/06/18,2025/06/20,100,"3,885",--,--,--,--
6526,ソシオネクスト,PTS(X),信用新規買,６ヵ月,特定,2025/06/18,2025/06/20,400,"2,598.1",--,--,--,--
6526,ソシオネクスト,PTS(O),信用新規買,６ヵ月,特定,2025/06/18,2025/06/20,100,"2,598.1",--,--,--,--
6526,ソシオネクスト,PTS(X),信用新規買,６ヵ月,特定,2025/06/18,2025/06/20,100,"2,598.2",--,--,--,--
6526,ソシオネクスト,PTS(O),信用新規買,６ヵ月,特定,2025/06/18,2025/06/20,100,"2,598.4",--,--,--,--
6526,ソシオネクスト,PTS(X),信用新規買,６ヵ月,特定,2025/06/18,2025/06/20,300,"2,598.4",--,--,--,--
6857,アドバンテスト,東証,信用新規買,無期限,特定,2025/06/18,2025/06/20,200,"9,530",--,--,--,--
6857,アドバンテスト,東証,信用新規買,無期限,特定,2025/06/18,2025/06/20,300,"9,658",--,--,--,--
6857,アドバンテスト,PTS(O),信用新規買,６ヵ月,特定,2025/06/18,2025/06/20,100,"9,657.8",--,--,--,--
6857,アドバンテスト,PTS(O),信用新規買,６ヵ月,特定,2025/06/18,2025/06/20,100,"9,657.9",--,--,--,--
6857,アドバンテスト,PTS(X),信用新規買,６ヵ月,特定,2025/06/18,2025/06/20,100,"9,657.9",--,--,--,--
6920,レーザーテック,東証,信用新規買,無期限,特定,2025/06/18,2025/06/20,100,"15,320",--,--,--,--
6920,レーザーテック,東証,信用新規買,無期限,特定,2025/06/18,2025/06/20,100,"16,135",--,--,--,--
6920,レーザーテック,東証,信用新規買,無期限,特定,2025/06/18,2025/06/20,100,"16,075",--,--,--,--
6920,レーザーテック,PTS(X),信用新規買,６ヵ月,特定,2025/06/18,2025/06/20,200,"16,070.3",--,--,--,--
7313,テイ・エス　テック,東証,信用新規買,無期限,特定,2025/06/18,2025/06/20,100,"1,703.5",--,--,--,--
7313,テイ・エス　テック,東証,信用新規買,無期限,特定,2025/06/18,2025/06/20,100,"1,704",--,--,--,--
8016,オンワードホールディングス,東証,信用新規買,無期限,特定,2025/06/18,2025/06/20,900,578,--,--,--,--
8035,東京エレクトロン,東証,信用新規買,６ヵ月,特定,2025/06/18,2025/06/20,100,"24,730",--,--,--,--
8078,阪和興業,東証,信用新規買,無期限,特定,2025/06/18,2025/06/20,100,"5,220",--,--,--,--
9304,澁澤倉庫,東証,信用新規買,無期限,特定,2025/06/18,2025/06/20,100,"4,095",--,--,--,--
1911,住友林業,--,現引,無期限,特定,2025/06/18,2025/06/20,100,"4,362",25,--,"-436,225",--
5889,Ｊａｐａｎ　Ｅｙｅｗｅａｒ　Ｈｏｌｄｉｎｇｓ,--,現引,６ヵ月,特定,2025/06/18,2025/06/20,100,"2,134.7",13,--,"-213,483",--
5889,Ｊａｐａｎ　Ｅｙｅｗｅａｒ　Ｈｏｌｄｉｎｇｓ,--,現引,６ヵ月,特定,2025/06/18,2025/06/20,100,"2,134.8",13,--,"-213,493",--
6369,トーヨーカネツ,--,現引,無期限,特定,2025/06/18,2025/06/20,100,"3,885",22,--,"-388,522",--
7313,テイ・エス　テック,--,現引,無期限,特定,2025/06/18,2025/06/20,100,"1,703.5",9,--,"-170,359",--
7313,テイ・エス　テック,--,現引,無期限,特定,2025/06/18,2025/06/20,100,"1,704",9,--,"-170,409",--
8016,オンワードホールディングス,--,現引,無期限,特定,2025/06/18,2025/06/20,900,578,29,--,"-520,229",--
8078,阪和興業,--,現引,無期限,特定,2025/06/18,2025/06/20,100,"5,220",30,--,"-522,030",--
9304,澁澤倉庫,--,現引,無期限,特定,2025/06/18,2025/06/20,100,"4,095",23,--,"-409,523",--
6315,ＴＯＷＡ,PTS(X),信用返済売,６ヵ月,特定,2025/06/17,2025/06/19,100,"1,686.4",10,--,"-3,570",--
6315,ＴＯＷＡ,PTS(X),信用返済売,６ヵ月,特定,2025/06/17,2025/06/19,100,"1,686.1",10,--,"-3,600",--
6315,ＴＯＷＡ,PTS(X),信用返済売,６ヵ月,特定,2025/06/17,2025/06/19,100,"1,686.3",10,--,"-3,580",--
6315,ＴＯＷＡ,PTS(O),信用返済売,６ヵ月,特定,2025/06/17,2025/06/19,100,"1,686.4",10,--,"-3,560",--
6315,ＴＯＷＡ,PTS(X),信用返済売,６ヵ月,特定,2025/06/17,2025/06/19,100,"1,686.4",10,--,"-3,560",--
6857,アドバンテスト,東証,信用返済売,無期限,特定,2025/06/17,2025/06/19,200,"9,550",107,--,"37,493",--
6857,アドバンテスト,東証,信用返済売,無期限,特定,2025/06/17,2025/06/19,100,"9,550",54,--,"5,646",--
6857,アドバンテスト,東証,信用返済売,無期限,特定,2025/06/17,2025/06/19,100,"9,550",55,--,"-11,055",--
6857,アドバンテスト,東証,信用返済売,無期限,特定,2025/06/17,2025/06/19,100,"9,550",54,--,"5,746",--
6857,アドバンテスト,PTS(X),信用返済売,６ヵ月,特定,2025/06/17,2025/06/19,100,"9,490",59,--,"-2,729",--
6871,日本マイクロニクス,PTS(X),信用返済売,６ヵ月,特定,2025/06/17,2025/06/19,100,"4,715.5",30,--,"-14,980",--
6871,日本マイクロニクス,PTS(X),信用返済売,６ヵ月,特定,2025/06/17,2025/06/19,100,"4,716",30,--,"-14,880",--
6871,日本マイクロニクス,PTS(X),信用返済売,６ヵ月,特定,2025/06/17,2025/06/19,200,"4,716",59,--,"-7,659",--
6315,ＴＯＷＡ,PTS(O),信用新規買,６ヵ月,特定,2025/06/17,2025/06/19,100,"1,721.9",--,--,--,--
6315,ＴＯＷＡ,PTS(X),信用新規買,６ヵ月,特定,2025/06/17,2025/06/19,200,"1,722",--,--,--,--
6315,ＴＯＷＡ,PTS(X),信用新規買,６ヵ月,特定,2025/06/17,2025/06/19,100,"1,721.9",--,--,--,--
6315,ＴＯＷＡ,東証,信用新規買,６ヵ月,特定,2025/06/17,2025/06/19,100,"1,722",--,--,--,--
6857,アドバンテスト,PTS(X),信用新規買,６ヵ月,特定,2025/06/17,2025/06/19,100,"9,516.7",--,--,--,--
6857,アドバンテスト,東証,信用新規買,無期限,特定,2025/06/17,2025/06/19,200,"9,362",--,--,--,--
6857,アドバンテスト,東証,信用新規買,無期限,特定,2025/06/17,2025/06/19,100,"9,492",--,--,--,--
6857,アドバンテスト,東証,信用新規買,無期限,特定,2025/06/17,2025/06/19,100,"9,660",--,--,--,--
6857,アドバンテスト,東証,信用新規買,無期限,特定,2025/06/17,2025/06/19,100,"9,493",--,--,--,--
6871,日本マイクロニクス,PTS(X),信用新規買,６ヵ月,特定,2025/06/17,2025/06/19,100,"4,865",--,--,--,--
6871,日本マイクロニクス,PTS(O),信用新規買,６ヵ月,特定,2025/06/17,2025/06/19,100,"4,864.5",--,--,--,--
6871,日本マイクロニクス,PTS(X),信用新規買,６ヵ月,特定,2025/06/17,2025/06/19,200,"4,754",--,--,--,--
6616,トレックス・セミコンダクター,PTS(O),信用返済売,６ヵ月,特定,2025/06/16,2025/06/18,100,"1,194.1",7,--,"-4,087",--
6616,トレックス・セミコンダクター,PTS(X),信用返済売,６ヵ月,特定,2025/06/16,2025/06/18,100,"1,193.8",7,--,"-4,177",--
6616,トレックス・セミコンダクター,PTS(X),信用返済売,６ヵ月,特定,2025/06/16,2025/06/18,100,"1,193.9",7,--,"-4,167",--
6616,トレックス・セミコンダクター,PTS(X),信用返済売,６ヵ月,特定,2025/06/16,2025/06/18,100,"1,194.1",7,--,"-4,087",--
6616,トレックス・セミコンダクター,PTS(X),信用返済売,６ヵ月,特定,2025/06/16,2025/06/18,100,"1,194.1",7,--,"-4,077",--
6857,アドバンテスト,東証,信用返済売,６ヵ月,特定,2025/06/16,2025/06/18,100,"9,323",105,--,"85,795",--
6857,アドバンテスト,PTS(X),信用返済売,無期限,特定,2025/06/16,2025/06/18,200,"9,218.1",98,--,"136,522",--
6857,アドバンテスト,PTS(O),信用返済売,６ヵ月,特定,2025/06/16,2025/06/18,100,"9,266.6",105,--,"80,155",--
6920,レーザーテック,東証,信用返済売,６ヵ月,特定,2025/06/16,2025/06/18,100,"14,820",182,--,"22,318",--
7011,三菱重工業,東証,信用返済売,６ヵ月,特定,2025/06/16,2025/06/18,200,"3,619",45,--,"3,175",--
7011,三菱重工業,PTS(X),信用返済売,６ヵ月,特定,2025/06/16,2025/06/18,100,"3,619",22,--,"1,588",--
7011,三菱重工業,東証,信用返済売,６ヵ月,特定,2025/06/16,2025/06/18,200,"3,619",45,--,"3,195",--
6146,ディスコ,東証,信用新規買,６ヵ月,特定,2025/06/16,2025/06/18,100,"33,700",--,--,--,--
6616,トレックス・セミコンダクター,PTS(X),信用新規買,６ヵ月,特定,2025/06/16,2025/06/18,100,"1,234.8",--,--,--,--
6616,トレックス・セミコンダクター,PTS(O),信用新規買,６ヵ月,特定,2025/06/16,2025/06/18,100,"1,234.9",--,--,--,--
6616,トレックス・セミコンダクター,PTS(X),信用新規買,６ヵ月,特定,2025/06/16,2025/06/18,100,"1,234.9",--,--,--,--
6616,トレックス・セミコンダクター,PTS(O),信用新規買,６ヵ月,特定,2025/06/16,2025/06/18,100,"1,235.5",--,--,--,--
6616,トレックス・セミコンダクター,PTS(X),信用新規買,６ヵ月,特定,2025/06/16,2025/06/18,100,"1,235.5",--,--,--,--
6857,アドバンテスト,東証,信用新規買,６ヵ月,特定,2025/06/16,2025/06/18,100,"9,350",--,--,--,--
6857,アドバンテスト,東証,信用新規買,無期限,特定,2025/06/16,2025/06/18,200,"8,535",--,--,--,--
6857,アドバンテスト,PTS(O),信用新規買,６ヵ月,特定,2025/06/16,2025/06/18,100,"9,282.8",--,--,--,--
6920,レーザーテック,東証,信用新規買,６ヵ月,特定,2025/06/16,2025/06/18,100,"14,780",--,--,--,--
7011,三菱重工業,PTS(O),信用新規買,６ヵ月,特定,2025/06/16,2025/06/18,300,"3,602.9",--,--,--,--
7011,三菱重工業,PTS(X),信用新規買,６ヵ月,特定,2025/06/16,2025/06/18,200,"3,602.8",--,--,--,--
3659,ネクソン,東証,信用新規売,６ヵ月,特定,2025/06/13,2025/06/17,200,"2,850.5",--,--,--,--
3659,ネクソン,東証,信用新規売,６ヵ月,特定,2025/06/13,2025/06/17,"1,100","2,849.5",--,--,--,--
3659,ネクソン,東証,信用新規売,６ヵ月,特定,2025/06/13,2025/06/17,"1,200","2,850",--,--,--,--
3659,ネクソン,PTS(O),信用新規売,６ヵ月,特定,2025/06/13,2025/06/17,100,"2,850.6",--,--,--,--
3659,ネクソン,PTS(O),信用新規売,６ヵ月,特定,2025/06/13,2025/06/17,200,"2,850.5",--,--,--,--
3659,ネクソン,PTS(X),信用新規売,６ヵ月,特定,2025/06/13,2025/06/17,100,"2,851.5",--,--,--,--
3659,ネクソン,PTS(O),信用新規売,６ヵ月,特定,2025/06/13,2025/06/17,100,"2,851.5",--,--,--,--
5889,Ｊａｐａｎ　Ｅｙｅｗｅａｒ　Ｈｏｌｄｉｎｇｓ,PTS(X),信用返済売,６ヵ月,特定,2025/06/13,2025/06/17,100,"2,131.2",13,--,"-4,093",--
5889,Ｊａｐａｎ　Ｅｙｅｗｅａｒ　Ｈｏｌｄｉｎｇｓ,PTS(X),信用返済売,６ヵ月,特定,2025/06/13,2025/06/17,100,"2,130.1",13,--,"-4,203",--
5889,Ｊａｐａｎ　Ｅｙｅｗｅａｒ　Ｈｏｌｄｉｎｇｓ,PTS(X),信用返済売,６ヵ月,特定,2025/06/13,2025/06/17,100,"2,131.1",13,--,"-4,103",--
5889,Ｊａｐａｎ　Ｅｙｅｗｅａｒ　Ｈｏｌｄｉｎｇｓ,PTS(O),信用返済売,６ヵ月,特定,2025/06/13,2025/06/17,100,"2,130.1",13,--,"-4,203",--
5889,Ｊａｐａｎ　Ｅｙｅｗｅａｒ　Ｈｏｌｄｉｎｇｓ,東証,信用返済売,６ヵ月,特定,2025/06/13,2025/06/17,100,"2,130",13,--,"-4,213",--
5889,Ｊａｐａｎ　Ｅｙｅｗｅａｒ　Ｈｏｌｄｉｎｇｓ,東証,信用返済売,６ヵ月,特定,2025/06/13,2025/06/17,200,"2,130",60,--,"-59,260",--
5889,Ｊａｐａｎ　Ｅｙｅｗｅａｒ　Ｈｏｌｄｉｎｇｓ,東証,信用返済売,６ヵ月,特定,2025/06/13,2025/06/17,100,"2,130",30,--,"-29,730",--
5889,Ｊａｐａｎ　Ｅｙｅｗｅａｒ　Ｈｏｌｄｉｎｇｓ,東証,信用返済売,６ヵ月,特定,2025/06/13,2025/06/17,100,"2,130",30,--,"-29,620",--
6146,ディスコ,PTS(X),信用返済売,６ヵ月,特定,2025/06/13,2025/06/17,100,"33,651.2",215,--,"-89,095",--
6526,ソシオネクスト,PTS(X),信用返済売,６ヵ月,特定,2025/06/13,2025/06/17,200,"2,450",173,--,"26,127",--
6526,ソシオネクスト,東証,信用返済売,６ヵ月,特定,2025/06/13,2025/06/17,100,"2,434",86,--,"11,464",--
6526,ソシオネクスト,東証,信用返済売,６ヵ月,特定,2025/06/13,2025/06/17,200,"2,434.5",173,--,"23,027",--
6857,アドバンテスト,東証,信用返済売,６ヵ月,特定,2025/06/13,2025/06/17,100,"8,504",52,--,"7,348",--
6857,アドバンテスト,東証,信用返済売,６ヵ月,特定,2025/06/13,2025/06/17,200,"8,451",103,--,"31,097",--
6857,アドバンテスト,東証,信用返済売,６ヵ月,特定,2025/06/13,2025/06/17,100,"8,451",51,--,"15,649",--
6857,アドバンテスト,東証,信用返済売,６ヵ月,特定,2025/06/13,2025/06/17,100,"8,504",52,--,"7,158",--
6857,アドバンテスト,東証,信用返済売,６ヵ月,特定,2025/06/13,2025/06/17,100,"8,459",51,--,"18,969",--
6857,アドバンテスト,PTS(O),信用返済売,６ヵ月,特定,2025/06/13,2025/06/17,100,"8,338.9",104,--,"-3,664",--
6857,アドバンテスト,PTS(X),信用返済売,６ヵ月,特定,2025/06/13,2025/06/17,100,"8,328.4",104,--,"-2,954",--
6857,アドバンテスト,PTS(O),信用返済売,６ヵ月,特定,2025/06/13,2025/06/17,100,"8,261.6",51,--,"-4,481",--
6857,アドバンテスト,PTS(O),信用返済売,６ヵ月,特定,2025/06/13,2025/06/17,100,"8,261.2",51,--,"-4,531",--
6857,アドバンテスト,PTS(O),信用返済売,６ヵ月,特定,2025/06/13,2025/06/17,100,"8,261.7",51,--,"-4,461",--
6857,アドバンテスト,PTS(X),信用返済売,６ヵ月,特定,2025/06/13,2025/06/17,100,"8,439.1",51,--,"17,069",--
6857,アドバンテスト,PTS(X),信用返済売,６ヵ月,特定,2025/06/13,2025/06/17,100,"8,261.4",51,--,"-4,481",--
6857,アドバンテスト,PTS(X),信用返済売,６ヵ月,特定,2025/06/13,2025/06/17,100,"8,338.7",52,--,"-2,582",--
6857,アドバンテスト,東証,信用返済売,６ヵ月,特定,2025/06/13,2025/06/17,100,"8,504",52,--,"10,968",--
6857,アドバンテスト,東証,信用返済売,６ヵ月,特定,2025/06/13,2025/06/17,100,"8,504",52,--,"10,968",--
6857,アドバンテスト,東証,信用返済売,６ヵ月,特定,2025/06/13,2025/06/17,100,"8,449",51,--,"18,059",--
6857,アドバンテスト,東証,信用返済売,６ヵ月,特定,2025/06/13,2025/06/17,200,"8,504",104,--,"21,896",--
6857,アドバンテスト,東証,信用返済売,６ヵ月,特定,2025/06/13,2025/06/17,100,"8,449",51,--,"17,979",--
6857,アドバンテスト,東証,信用返済売,６ヵ月,特定,2025/06/13,2025/06/17,100,"8,504",52,--,"7,168",--
6857,アドバンテスト,東証,信用返済売,６ヵ月,特定,2025/06/13,2025/06/17,100,"8,459",51,--,"18,979",--
6857,アドバンテスト,東証,信用返済売,６ヵ月,特定,2025/06/13,2025/06/17,100,"8,459",51,--,"17,169",--
6857,アドバンテスト,東証,信用返済売,６ヵ月,特定,2025/06/13,2025/06/17,200,"8,458",103,--,"32,697",--
6920,レーザーテック,PTS(O),信用返済売,６ヵ月,特定,2025/06/13,2025/06/17,100,"14,776.4",473,--,"-39,503",--
6920,レーザーテック,PTS(O),信用返済売,６ヵ月,特定,2025/06/13,2025/06/17,100,"14,726.7",92,--,"-15,912",--
6920,レーザーテック,PTS(O),信用返済売,６ヵ月,特定,2025/06/13,2025/06/17,200,"14,776.5","1,116",--,"-25,816",--
6920,レーザーテック,PTS(O),信用返済売,６ヵ月,特定,2025/06/13,2025/06/17,100,"14,680.1",93,--,"-21,053",--
7011,三菱重工業,東証,信用返済売,６ヵ月,特定,2025/06/13,2025/06/17,300,"3,453",64,--,"-1,864",--
7011,三菱重工業,東証,信用返済売,６ヵ月,特定,2025/06/13,2025/06/17,100,"3,485",21,--,"1,229",--
7011,三菱重工業,東証,信用返済売,６ヵ月,特定,2025/06/13,2025/06/17,400,"3,485",86,--,"4,874",--
7011,三菱重工業,PTS(O),信用返済売,６ヵ月,特定,2025/06/13,2025/06/17,100,"3,460.3",21,--,529,--
7011,三菱重工業,PTS(O),信用返済売,６ヵ月,特定,2025/06/13,2025/06/17,100,"3,485.4",21,--,"1,249",--
7011,三菱重工業,PTS(O),信用返済売,６ヵ月,特定,2025/06/13,2025/06/17,100,"3,453",21,--,-601,--
7011,三菱重工業,PTS(J),信用返済売,６ヵ月,特定,2025/06/13,2025/06/17,100,"3,485.1",21,--,"1,259",--
7011,三菱重工業,PTS(X),信用返済売,６ヵ月,特定,2025/06/13,2025/06/17,100,"3,485.4",21,--,"1,279",--
7011,三菱重工業,PTS(X),信用返済売,６ヵ月,特定,2025/06/13,2025/06/17,100,"3,460.1",21,--,529,--
7011,三菱重工業,PTS(X),信用返済売,６ヵ月,特定,2025/06/13,2025/06/17,100,"3,453.1",21,--,-211,--
7011,三菱重工業,PTS(X),信用返済売,６ヵ月,特定,2025/06/13,2025/06/17,100,"3,460.1",21,--,519,--
7011,三菱重工業,PTS(X),信用返済売,６ヵ月,特定,2025/06/13,2025/06/17,200,"3,460.1",43,--,"1,037",--
7011,三菱重工業,PTS(X),信用返済売,６ヵ月,特定,2025/06/13,2025/06/17,100,"3,485",21,--,"1,219",--
7011,三菱重工業,PTS(O),信用返済売,６ヵ月,特定,2025/06/13,2025/06/17,100,"3,485",21,--,"1,219",--
7011,三菱重工業,PTS(O),信用返済売,６ヵ月,特定,2025/06/13,2025/06/17,100,"3,453",21,--,-611,--
7011,三菱重工業,PTS(O),信用返済売,６ヵ月,特定,2025/06/13,2025/06/17,500,"3,453",108,--,"-3,108",--
7011,三菱重工業,PTS(X),信用返済売,６ヵ月,特定,2025/06/13,2025/06/17,400,"3,453.2",86,--,-806,--
7014,名村造船所,東証,信用返済売,６ヵ月,特定,2025/06/13,2025/06/17,100,"2,806",17,--,-517,--
7014,名村造船所,東証,信用返済売,６ヵ月,特定,2025/06/13,2025/06/17,100,"2,806",17,--,-517,--
7014,名村造船所,東証,信用返済売,６ヵ月,特定,2025/06/13,2025/06/17,200,"2,806",35,--,"-1,235",--
7014,名村造船所,東証,信用返済売,６ヵ月,特定,2025/06/13,2025/06/17,400,"2,806",70,--,"-3,230",--
7014,名村造船所,東証,信用返済売,６ヵ月,特定,2025/06/13,2025/06/17,100,"2,806",17,--,-517,--
7014,名村造船所,東証,信用返済売,６ヵ月,特定,2025/06/13,2025/06/17,100,"2,805",17,--,-907,--
7270,ＳＵＢＡＲＵ,PTS(X),信用返済売,６ヵ月,特定,2025/06/13,2025/06/17,100,"2,452",15,--,"-2,015",--
7270,ＳＵＢＡＲＵ,PTS(X),信用返済売,６ヵ月,特定,2025/06/13,2025/06/17,100,"2,451.9",15,--,"-2,025",--
7270,ＳＵＢＡＲＵ,PTS(O),信用返済売,６ヵ月,特定,2025/06/13,2025/06/17,300,"2,453.5",46,--,"-5,596",--
8035,東京エレクトロン,PTS(X),信用返済売,６ヵ月,特定,2025/06/13,2025/06/17,100,"23,965.4",308,--,"-72,268",--
8035,東京エレクトロン,東証,信用返済売,６ヵ月,特定,2025/06/13,2025/06/17,100,"23,735",149,--,"-16,649",--
5889,Ｊａｐａｎ　Ｅｙｅｗｅａｒ　Ｈｏｌｄｉｎｇｓ,東証,信用新規買,６ヵ月,特定,2025/06/13,2025/06/17,200,"2,172",--,--,--,--
5889,Ｊａｐａｎ　Ｅｙｅｗｅａｒ　Ｈｏｌｄｉｎｇｓ,東証,信用新規買,６ヵ月,特定,2025/06/13,2025/06/17,300,"2,172",--,--,--,--
6146,ディスコ,東証,信用新規買,６ヵ月,特定,2025/06/13,2025/06/17,100,"34,540",--,--,--,--
6526,ソシオネクスト,PTS(X),信用新規買,６ヵ月,特定,2025/06/13,2025/06/17,300,"2,426",--,--,--,--
6857,アドバンテスト,東証,信用新規買,６ヵ月,特定,2025/06/13,2025/06/17,100,"8,364",--,--,--,--
6857,アドバンテスト,東証,信用新規買,６ヵ月,特定,2025/06/13,2025/06/17,100,"8,306",--,--,--,--
6857,アドバンテスト,東証,信用新規買,６ヵ月,特定,2025/06/13,2025/06/17,200,"8,394",--,--,--,--
6857,アドバンテスト,PTS(O),信用新規買,６ヵ月,特定,2025/06/13,2025/06/17,100,"8,268.8",--,--,--,--
6857,アドバンテスト,PTS(O),信用新規買,６ヵ月,特定,2025/06/13,2025/06/17,100,"8,294",--,--,--,--
6857,アドバンテスト,PTS(O),信用新規買,６ヵ月,特定,2025/06/13,2025/06/17,100,"8,393.8",--,--,--,--
6857,アドバンテスト,PTS(X),信用新規買,６ヵ月,特定,2025/06/13,2025/06/17,100,"8,305.9",--,--,--,--
6857,アドバンテスト,PTS(X),信用新規買,６ヵ月,特定,2025/06/13,2025/06/17,100,"8,431.8",--,--,--,--
6857,アドバンテスト,PTS(X),信用新規買,６ヵ月,特定,2025/06/13,2025/06/17,100,"8,431.9",--,--,--,--
6857,アドバンテスト,PTS(O),信用新規買,６ヵ月,特定,2025/06/13,2025/06/17,100,"8,268.7",--,--,--,--
6857,アドバンテスト,PTS(O),信用新規買,６ヵ月,特定,2025/06/13,2025/06/17,100,"8,286.8",--,--,--,--
6857,アドバンテスト,PTS(X),信用新規買,６ヵ月,特定,2025/06/13,2025/06/17,100,"8,393.8",--,--,--,--
6857,アドバンテスト,PTS(O),信用新規買,６ヵ月,特定,2025/06/13,2025/06/17,100,"8,267.9",--,--,--,--
6857,アドバンテスト,PTS(O),信用新規買,６ヵ月,特定,2025/06/13,2025/06/17,100,"8,305.7",--,--,--,--
6857,アドバンテスト,PTS(O),信用新規買,６ヵ月,特定,2025/06/13,2025/06/17,100,"8,305.8",--,--,--,--
6857,アドバンテスト,PTS(X),信用新規買,６ヵ月,特定,2025/06/13,2025/06/17,100,"8,267.9",--,--,--,--
6857,アドバンテスト,PTS(O),信用新規買,６ヵ月,特定,2025/06/13,2025/06/17,100,"8,268.7",--,--,--,--
6857,アドバンテスト,東証,信用新規買,６ヵ月,特定,2025/06/13,2025/06/17,200,"8,295",--,--,--,--
6857,アドバンテスト,東証,信用新規買,６ヵ月,特定,2025/06/13,2025/06/17,200,"8,294",--,--,--,--
6857,アドバンテスト,東証,信用新規買,６ヵ月,特定,2025/06/13,2025/06/17,300,"8,464",--,--,--,--
6857,アドバンテスト,東証,信用新規買,６ヵ月,特定,2025/06/13,2025/06/17,100,"8,430",--,--,--,--
6920,レーザーテック,東証,信用新規買,６ヵ月,特定,2025/06/13,2025/06/17,200,"14,595",--,--,--,--
6920,レーザーテック,PTS(X),信用新規買,６ヵ月,特定,2025/06/13,2025/06/17,100,"14,889.7",--,--,--,--
6920,レーザーテック,PTS(X),信用新規買,６ヵ月,特定,2025/06/13,2025/06/17,100,"14,884.9",--,--,--,--
7011,三菱重工業,PTS(O),信用新規買,６ヵ月,特定,2025/06/13,2025/06/17,100,"3,454.7",--,--,--,--
7011,三菱重工業,PTS(O),信用新規買,６ヵ月,特定,2025/06/13,2025/06/17,100,"3,454.6",--,--,--,--
7011,三菱重工業,PTS(X),信用新規買,６ヵ月,特定,2025/06/13,2025/06/17,100,"3,458.9",--,--,--,--
7011,三菱重工業,PTS(X),信用新規買,６ヵ月,特定,2025/06/13,2025/06/17,100,"3,472.7",--,--,--,--
7011,三菱重工業,PTS(J),信用新規買,６ヵ月,特定,2025/06/13,2025/06/17,100,"3,472.5",--,--,--,--
7011,三菱重工業,PTS(O),信用新規買,６ヵ月,特定,2025/06/13,2025/06/17,100,"3,454.8",--,--,--,--
7011,三菱重工業,PTS(X),信用新規買,６ヵ月,特定,2025/06/13,2025/06/17,600,"3,472.6",--,--,--,--
7011,三菱重工業,PTS(X),信用新規買,６ヵ月,特定,2025/06/13,2025/06/17,100,"3,458.8",--,--,--,--
7011,三菱重工業,PTS(J),信用新規買,６ヵ月,特定,2025/06/13,2025/06/17,100,"3,472.4",--,--,--,--
7011,三菱重工業,PTS(X),信用新規買,６ヵ月,特定,2025/06/13,2025/06/17,200,"3,454.7",--,--,--,--
7011,三菱重工業,PTS(X),信用新規買,６ヵ月,特定,2025/06/13,2025/06/17,100,"3,472.3",--,--,--,--
7011,三菱重工業,東証,信用新規買,６ヵ月,特定,2025/06/13,2025/06/17,800,"3,459",--,--,--,--
7011,三菱重工業,東証,信用新規買,６ヵ月,特定,2025/06/13,2025/06/17,500,"3,455",--,--,--,--
7014,名村造船所,PTS(X),信用新規買,６ヵ月,特定,2025/06/13,2025/06/17,500,"2,813.9",--,--,--,--
7014,名村造船所,PTS(O),信用新規買,６ヵ月,特定,2025/06/13,2025/06/17,100,"2,811",--,--,--,--
7014,名村造船所,東証,信用新規買,６ヵ月,特定,2025/06/13,2025/06/17,200,"2,812",--,--,--,--
7014,名村造船所,東証,信用新規買,６ヵ月,特定,2025/06/13,2025/06/17,100,"2,811",--,--,--,--
7014,名村造船所,PTS(X),信用新規買,６ヵ月,特定,2025/06/13,2025/06/17,100,"2,811",--,--,--,--
7270,ＳＵＢＡＲＵ,東証,信用新規買,６ヵ月,特定,2025/06/13,2025/06/17,500,"2,472",--,--,--,--
8035,東京エレクトロン,PTS(X),信用新規買,６ヵ月,特定,2025/06/13,2025/06/17,100,"23,739.1",--,--,--,--
8035,東京エレクトロン,PTS(J),信用新規買,６ヵ月,特定,2025/06/13,2025/06/17,100,"23,900",--,--,--,--
3659,ネクソン,PTS(O),信用返済買,６ヵ月,特定,2025/06/13,2025/06/17,100,"2,809.4",8,--,"4,002",--
3659,ネクソン,PTS(X),信用返済買,６ヵ月,特定,2025/06/13,2025/06/17,100,"2,809.3",8,--,"4,012",--
3659,ネクソン,PTS(X),信用返済買,６ヵ月,特定,2025/06/13,2025/06/17,100,"2,803.9",8,--,"4,752",--
3659,ネクソン,PTS(O),信用返済買,６ヵ月,特定,2025/06/13,2025/06/17,100,"2,804",8,--,"4,742",--
3659,ネクソン,東証,信用返済買,６ヵ月,特定,2025/06/13,2025/06/17,300,"2,800.5",25,--,"14,825",--
3659,ネクソン,東証,信用返済買,６ヵ月,特定,2025/06/13,2025/06/17,600,"2,810",51,--,"23,649",--
3659,ネクソン,東証,信用返済買,６ヵ月,特定,2025/06/13,2025/06/17,200,"2,801",17,--,"9,883",--
3659,ネクソン,東証,信用返済買,６ヵ月,特定,2025/06/13,2025/06/17,100,"2,801",8,--,"4,952",--
3659,ネクソン,東証,信用返済買,６ヵ月,特定,2025/06/13,2025/06/17,100,"2,809.5",8,--,"3,992",--
3659,ネクソン,東証,信用返済買,６ヵ月,特定,2025/06/13,2025/06/17,500,"2,804.5",42,--,"22,708",--
3659,ネクソン,東証,信用返済買,６ヵ月,特定,2025/06/13,2025/06/17,100,"2,801",8,--,"4,892",--
3659,ネクソン,東証,信用返済買,６ヵ月,特定,2025/06/13,2025/06/17,100,"2,801",8,--,"4,842",--
3659,ネクソン,PTS(X),信用返済買,６ヵ月,特定,2025/06/13,2025/06/17,100,"2,804",8,--,"4,592",--
3659,ネクソン,PTS(X),信用返済買,６ヵ月,特定,2025/06/13,2025/06/17,100,"2,800.5",8,--,"4,942",--
3659,ネクソン,PTS(X),信用返済買,６ヵ月,特定,2025/06/13,2025/06/17,100,"2,809.4",8,--,"4,002",--
3659,ネクソン,PTS(X),信用返済買,６ヵ月,特定,2025/06/13,2025/06/17,100,"2,804",8,--,"4,642",--
3659,ネクソン,PTS(O),信用返済買,６ヵ月,特定,2025/06/13,2025/06/17,100,"2,804",8,--,"4,642",--
3659,ネクソン,PTS(O),信用返済買,６ヵ月,特定,2025/06/13,2025/06/17,100,"2,800.4",8,--,"4,952",--
6146,ディスコ,東証,信用返済売,６ヵ月,特定,2025/06/12,2025/06/16,100,"34,480",217,--,"-27,147",--
6526,ソシオネクスト,東証,信用返済売,無期限,特定,2025/06/12,2025/06/16,100,"2,502",14,--,"-2,064",--
6526,ソシオネクスト,東証,信用返済売,無期限,特定,2025/06/12,2025/06/16,400,"2,502",58,--,"-8,858",--
6857,アドバンテスト,PTS(X),信用返済売,６ヵ月,特定,2025/06/12,2025/06/16,100,"8,278.1",208,--,"-5,268",--
6857,アドバンテスト,PTS(X),信用返済売,６ヵ月,特定,2025/06/12,2025/06/16,100,"8,312.4",51,--,"3,599",--
6857,アドバンテスト,PTS(X),信用返済売,６ヵ月,特定,2025/06/12,2025/06/16,100,"8,312.4",51,--,"3,599",--
6857,アドバンテスト,PTS(X),信用返済売,６ヵ月,特定,2025/06/12,2025/06/16,100,"8,278.1",51,--,"-3,431",--
6857,アドバンテスト,PTS(X),信用返済売,６ヵ月,特定,2025/06/12,2025/06/16,100,"8,296.1",208,--,"-3,448",--
8035,東京エレクトロン,東証,信用返済売,６ヵ月,特定,2025/06/12,2025/06/16,100,"25,000",154,--,"31,346",--
9164,トライト,東証,信用返済売,６ヵ月,特定,2025/06/12,2025/06/16,100,876,20,--,"23,490",--
9164,トライト,東証,信用返済売,６ヵ月,特定,2025/06/12,2025/06/16,100,876,19,--,"24,901",--
9164,トライト,東証,信用返済売,６ヵ月,特定,2025/06/12,2025/06/16,100,876,19,--,"25,381",--
9164,トライト,東証,信用返済売,６ヵ月,特定,2025/06/12,2025/06/16,100,876,19,--,"24,901",--
9164,トライト,東証,信用返済売,６ヵ月,特定,2025/06/12,2025/06/16,100,876,20,--,"23,480",--
9164,トライト,東証,信用返済売,６ヵ月,特定,2025/06/12,2025/06/16,100,876,20,--,"23,490",--
9164,トライト,東証,信用返済売,６ヵ月,特定,2025/06/12,2025/06/16,100,876,19,--,"25,391",--
9164,トライト,東証,信用返済売,６ヵ月,特定,2025/06/12,2025/06/16,200,876,38,--,"50,762",--
9164,トライト,東証,信用返済売,６ヵ月,特定,2025/06/12,2025/06/16,100,876,19,--,"25,421",--
5889,Ｊａｐａｎ　Ｅｙｅｗｅａｒ　Ｈｏｌｄｉｎｇｓ,東証,信用新規買,６ヵ月,特定,2025/06/12,2025/06/16,200,"2,426",--,--,--,--
5889,Ｊａｐａｎ　Ｅｙｅｗｅａｒ　Ｈｏｌｄｉｎｇｓ,PTS(X),信用新規買,６ヵ月,特定,2025/06/12,2025/06/16,100,"2,425.9",--,--,--,--
5889,Ｊａｐａｎ　Ｅｙｅｗｅａｒ　Ｈｏｌｄｉｎｇｓ,東証,信用新規買,６ヵ月,特定,2025/06/12,2025/06/16,100,"2,427",--,--,--,--
6146,ディスコ,PTS(X),信用新規買,６ヵ月,特定,2025/06/12,2025/06/16,100,"34,749.3",--,--,--,--
6526,ソシオネクスト,東証,信用新規買,無期限,特定,2025/06/12,2025/06/16,100,"2,522.5",--,--,--,--
6526,ソシオネクスト,東証,信用新規買,無期限,特定,2025/06/12,2025/06/16,400,"2,524",--,--,--,--
6857,アドバンテスト,PTS(O),信用新規買,６ヵ月,特定,2025/06/12,2025/06/16,100,"8,311.9",--,--,--,--
6857,アドバンテスト,PTS(O),信用新規買,６ヵ月,特定,2025/06/12,2025/06/16,100,"8,275.9",--,--,--,--
6857,アドバンテスト,PTS(O),信用新規買,６ヵ月,特定,2025/06/12,2025/06/16,100,"8,356.9",--,--,--,--
6857,アドバンテスト,PTS(O),信用新規買,６ヵ月,特定,2025/06/12,2025/06/16,100,"8,374.5",--,--,--,--
6857,アドバンテスト,PTS(X),信用新規買,６ヵ月,特定,2025/06/12,2025/06/16,100,"8,275.9",--,--,--,--
8035,東京エレクトロン,東証,信用新規買,６ヵ月,特定,2025/06/12,2025/06/16,200,"24,685",--,--,--,--
4911,資生堂,東証,信用返済売,６ヵ月,特定,2025/06/11,2025/06/13,100,"2,577",16,--,"-4,566",--
4911,資生堂,東証,信用返済売,６ヵ月,特定,2025/06/11,2025/06/13,100,"2,576",16,--,"-4,666",--
4911,資生堂,東証,信用返済売,６ヵ月,特定,2025/06/11,2025/06/13,100,"2,576",16,--,"-4,716",--
4911,資生堂,東証,信用返済売,６ヵ月,特定,2025/06/11,2025/06/13,200,"2,577",32,--,"-9,132",--
4911,資生堂,PTS(X),信用返済売,６ヵ月,特定,2025/06/11,2025/06/13,100,"2,577.4",16,--,"-4,436",--
4911,資生堂,PTS(O),信用返済売,６ヵ月,特定,2025/06/11,2025/06/13,100,"2,577.4",16,--,"-4,436",--
4911,資生堂,PTS(O),信用返済売,６ヵ月,特定,2025/06/11,2025/06/13,100,"2,577.3",16,--,"-4,456",--
4911,資生堂,PTS(O),信用返済売,６ヵ月,特定,2025/06/11,2025/06/13,100,"2,577.3",16,--,"-4,446",--
4911,資生堂,東証,信用返済売,６ヵ月,特定,2025/06/11,2025/06/13,100,"2,576.5",16,--,"-4,616",--
5713,住友金属鉱山,PTS(O),信用返済売,６ヵ月,特定,2025/06/11,2025/06/13,100,"3,332",41,--,"-1,541",--
5713,住友金属鉱山,PTS(X),信用返済売,６ヵ月,特定,2025/06/11,2025/06/13,100,"3,332",20,--,"-1,130",--
5713,住友金属鉱山,PTS(X),信用返済売,６ヵ月,特定,2025/06/11,2025/06/13,100,"3,332.2",20,--,"-1,100",--
5713,住友金属鉱山,PTS(X),信用返済売,６ヵ月,特定,2025/06/11,2025/06/13,100,"3,332.1",20,--,"-1,110",--
5713,住友金属鉱山,PTS(X),信用返済売,６ヵ月,特定,2025/06/11,2025/06/13,100,"3,331.9",20,--,"-1,140",--
5713,住友金属鉱山,PTS(O),信用返済売,６ヵ月,特定,2025/06/11,2025/06/13,200,"3,341.4",83,--,"-1,203",--
5713,住友金属鉱山,PTS(X),信用返済売,６ヵ月,特定,2025/06/11,2025/06/13,200,"3,342.2",83,--,"-1,043",--
5713,住友金属鉱山,PTS(X),信用返済売,６ヵ月,特定,2025/06/11,2025/06/13,200,"3,342.1",83,--,"-1,063",--
5713,住友金属鉱山,PTS(X),信用返済売,６ヵ月,特定,2025/06/11,2025/06/13,200,"3,342.2",83,--,"-1,043",--
5724,アサカ理研,東証,信用返済売,６ヵ月,特定,2025/06/11,2025/06/13,100,"1,143",7,--,93,--
5724,アサカ理研,東証,信用返済売,６ヵ月,特定,2025/06/11,2025/06/13,100,"1,143",7,--,133,--
5724,アサカ理研,東証,信用返済売,６ヵ月,特定,2025/06/11,2025/06/13,100,"1,143",6,--,"2,394",--
5724,アサカ理研,東証,信用返済売,６ヵ月,特定,2025/06/11,2025/06/13,100,"1,143",6,--,"2,404",--
5724,アサカ理研,東証,信用返済売,６ヵ月,特定,2025/06/11,2025/06/13,100,"1,143",6,--,"2,414",--
6146,ディスコ,東証,信用返済売,６ヵ月,特定,2025/06/11,2025/06/13,100,"34,900",216,--,"24,244",--
6526,ソシオネクスト,東証,信用返済売,無期限,特定,2025/06/11,2025/06/13,300,"2,463.5",41,--,"18,709",--
6526,ソシオネクスト,PTS(X),信用返済売,無期限,特定,2025/06/11,2025/06/13,100,"2,450",13,--,"4,887",--
6526,ソシオネクスト,東証,信用返済売,６ヵ月,特定,2025/06/11,2025/06/13,300,"2,463.5",86,--,"43,414",--
6526,ソシオネクスト,PTS(X),信用返済売,無期限,特定,2025/06/11,2025/06/13,100,"2,446.3",13,--,"4,517",--
6594,ニデック,PTS(X),信用返済売,６ヵ月,特定,2025/06/11,2025/06/13,100,"2,847.7",17,--,"-1,997",--
6594,ニデック,PTS(O),信用返済売,６ヵ月,特定,2025/06/11,2025/06/13,100,"2,848.1",17,--,"-1,907",--
6594,ニデック,PTS(X),信用返済売,６ヵ月,特定,2025/06/11,2025/06/13,100,"2,848.1",17,--,"-1,907",--
6594,ニデック,PTS(X),信用返済売,６ヵ月,特定,2025/06/11,2025/06/13,100,"2,848",17,--,"-1,917",--
6594,ニデック,PTS(X),信用返済売,６ヵ月,特定,2025/06/11,2025/06/13,300,"2,847.6",53,--,"-6,023",--
6594,ニデック,PTS(X),信用返済売,６ヵ月,特定,2025/06/11,2025/06/13,100,"2,847.6",17,--,"-1,957",--
6594,ニデック,PTS(X),信用返済売,６ヵ月,特定,2025/06/11,2025/06/13,100,"2,847.8",17,--,"-1,937",--
6594,ニデック,PTS(O),信用返済売,６ヵ月,特定,2025/06/11,2025/06/13,100,"2,848",17,--,"-1,917",--
6857,アドバンテスト,東証,信用返済売,無期限,特定,2025/06/11,2025/06/13,100,"8,382",49,--,"-20,249",--
6857,アドバンテスト,東証,信用返済売,無期限,特定,2025/06/11,2025/06/13,100,"8,382",48,--,"-2,048",--
6857,アドバンテスト,PTS(O),信用返済売,６ヵ月,特定,2025/06/11,2025/06/13,100,"8,317.5",52,--,"-8,192",--
6857,アドバンテスト,PTS(O),信用返済売,６ヵ月,特定,2025/06/11,2025/06/13,100,"8,317.6",52,--,"-5,692",--
6857,アドバンテスト,PTS(X),信用返済売,６ヵ月,特定,2025/06/11,2025/06/13,100,"8,325.1",103,--,"2,007",--
6857,アドバンテスト,東証,信用返済売,無期限,特定,2025/06/11,2025/06/13,100,"8,382",49,--,"-20,349",--
6857,アドバンテスト,PTS(O),信用返済売,６ヵ月,特定,2025/06/11,2025/06/13,100,"8,325",103,--,"1,997",--
6857,アドバンテスト,PTS(O),信用返済売,６ヵ月,特定,2025/06/11,2025/06/13,100,"8,325.1",103,--,"2,007",--
6857,アドバンテスト,PTS(X),信用返済売,６ヵ月,特定,2025/06/11,2025/06/13,100,"8,317.4",52,--,"-5,712",--
6920,レーザーテック,PTS(O),信用返済売,無期限,特定,2025/06/11,2025/06/13,100,"15,250.3",87,--,"-1,557",--
6920,レーザーテック,PTS(O),信用返済売,無期限,特定,2025/06/11,2025/06/13,100,"15,250.3",88,--,"-19,058",--
7205,日野自動車,東証,信用返済売,６ヵ月,特定,2025/06/11,2025/06/13,300,404.4,7,--,"-1,597",--
7205,日野自動車,PTS(O),信用返済売,６ヵ月,特定,2025/06/11,2025/06/13,100,404.4,2,--,-532,--
7205,日野自動車,東証,信用返済売,６ヵ月,特定,2025/06/11,2025/06/13,100,404.3,2,--,-542,--
7205,日野自動車,PTS(X),信用返済売,６ヵ月,特定,2025/06/11,2025/06/13,100,404.4,2,--,-532,--
7205,日野自動車,東証,信用返済売,６ヵ月,特定,2025/06/11,2025/06/13,100,404.3,2,--,-542,--
7205,日野自動車,東証,信用返済売,６ヵ月,特定,2025/06/11,2025/06/13,"1,400",404.3,35,--,"-7,735",--
7205,日野自動車,東証,信用返済売,６ヵ月,特定,2025/06/11,2025/06/13,700,404.3,17,--,"-3,937",--
7205,日野自動車,東証,信用返済売,６ヵ月,特定,2025/06/11,2025/06/13,200,404.3,5,--,"-1,065",--
8035,東京エレクトロン,東証,信用返済売,６ヵ月,特定,2025/06/11,2025/06/13,100,"24,880",154,--,"19,116",--
8035,東京エレクトロン,PTS(O),信用返済売,６ヵ月,特定,2025/06/11,2025/06/13,100,"24,735.2",154,--,"4,616",--
4911,資生堂,PTS(X),信用新規買,６ヵ月,特定,2025/06/11,2025/06/13,200,"2,622.5",--,--,--,--
4911,資生堂,PTS(O),信用新規買,６ヵ月,特定,2025/06/11,2025/06/13,100,"2,621.7",--,--,--,--
4911,資生堂,PTS(J),信用新規買,６ヵ月,特定,2025/06/11,2025/06/13,100,"2,622.5",--,--,--,--
4911,資生堂,PTS(O),信用新規買,６ヵ月,特定,2025/06/11,2025/06/13,300,"2,621.6",--,--,--,--
4911,資生堂,東証,信用新規買,６ヵ月,特定,2025/06/11,2025/06/13,200,"2,622.5",--,--,--,--
4911,資生堂,東証,信用新規買,６ヵ月,特定,2025/06/11,2025/06/13,100,"2,623",--,--,--,--
5713,住友金属鉱山,PTS(X),信用新規買,６ヵ月,特定,2025/06/11,2025/06/13,200,"3,343.1",--,--,--,--
5713,住友金属鉱山,PTS(X),信用新規買,６ヵ月,特定,2025/06/11,2025/06/13,200,"3,343",--,--,--,--
5724,アサカ理研,PTS(X),信用新規買,６ヵ月,特定,2025/06/11,2025/06/13,100,"1,141.6",--,--,--,--
5724,アサカ理研,PTS(X),信用新規買,６ヵ月,特定,2025/06/11,2025/06/13,100,"1,142",--,--,--,--
5724,アサカ理研,PTS(X),信用新規買,６ヵ月,特定,2025/06/11,2025/06/13,100,"1,118.9",--,--,--,--
5724,アサカ理研,PTS(X),信用新規買,６ヵ月,特定,2025/06/11,2025/06/13,100,"1,118.8",--,--,--,--
5724,アサカ理研,東証,信用新規買,６ヵ月,特定,2025/06/11,2025/06/13,100,"1,119",--,--,--,--
6028,テクノプロ・ホールディングス,東証,信用新規買,６ヵ月,特定,2025/06/11,2025/06/13,200,"4,030",--,--,--,--
6028,テクノプロ・ホールディングス,東証,信用新規買,６ヵ月,特定,2025/06/11,2025/06/13,200,"4,029",--,--,--,--
6028,テクノプロ・ホールディングス,東証,信用新規買,６ヵ月,特定,2025/06/11,2025/06/13,100,"4,031",--,--,--,--
6146,ディスコ,PTS(X),信用新規買,６ヵ月,特定,2025/06/11,2025/06/13,100,"34,655.4",--,--,--,--
6526,ソシオネクスト,東証,信用新規買,６ヵ月,特定,2025/06/11,2025/06/13,500,"2,434",--,--,--,--
6526,ソシオネクスト,東証,信用新規買,無期限,特定,2025/06/11,2025/06/13,500,"2,401",--,--,--,--
6594,ニデック,東証,信用新規買,６ヵ月,特定,2025/06/11,2025/06/13,500,"2,867",--,--,--,--
6594,ニデック,東証,信用新規買,６ヵ月,特定,2025/06/11,2025/06/13,400,"2,867.5",--,--,--,--
6594,ニデック,PTS(X),信用新規買,６ヵ月,特定,2025/06/11,2025/06/13,100,"2,867",--,--,--,--
6857,アドバンテスト,東証,信用新規買,６ヵ月,特定,2025/06/11,2025/06/13,200,"8,374",--,--,--,--
6857,アドバンテスト,PTS(O),信用新規買,６ヵ月,特定,2025/06/11,2025/06/13,100,"8,328.5",--,--,--,--
6857,アドバンテスト,PTS(X),信用新規買,６ヵ月,特定,2025/06/11,2025/06/13,100,"8,328.7",--,--,--,--
6857,アドバンテスト,東証,信用新規買,無期限,特定,2025/06/11,2025/06/13,100,"8,584",--,--,--,--
6857,アドバンテスト,東証,信用新規買,無期限,特定,2025/06/11,2025/06/13,100,"8,402",--,--,--,--
6857,アドバンテスト,東証,信用新規買,無期限,特定,2025/06/11,2025/06/13,100,"8,585",--,--,--,--
6857,アドバンテスト,PTS(O),信用新規買,６ヵ月,特定,2025/06/11,2025/06/13,100,"8,398.9",--,--,--,--
6920,レーザーテック,東証,信用新規買,無期限,特定,2025/06/11,2025/06/13,100,"15,440",--,--,--,--
6920,レーザーテック,東証,信用新規買,無期限,特定,2025/06/11,2025/06/13,100,"15,265",--,--,--,--
6920,レーザーテック,PTS(X),信用新規買,６ヵ月,特定,2025/06/11,2025/06/13,100,"15,166.7",--,--,--,--
7205,日野自動車,東証,信用新規買,６ヵ月,特定,2025/06/11,2025/06/13,600,409.7,--,--,--,--
7205,日野自動車,PTS(X),信用新規買,６ヵ月,特定,2025/06/11,2025/06/13,200,409.6,--,--,--,--
7205,日野自動車,PTS(X),信用新規買,６ヵ月,特定,2025/06/11,2025/06/13,100,409.7,--,--,--,--
7205,日野自動車,東証,信用新規買,６ヵ月,特定,2025/06/11,2025/06/13,700,409.9,--,--,--,--
7205,日野自動車,東証,信用新規買,６ヵ月,特定,2025/06/11,2025/06/13,"1,400",409.8,--,--,--,--
8035,東京エレクトロン,PTS(O),信用新規買,６ヵ月,特定,2025/06/11,2025/06/13,100,"24,687.3",--,--,--,--
8035,東京エレクトロン,PTS(X),信用新規買,６ヵ月,特定,2025/06/11,2025/06/13,100,"24,687.5",--,--,--,--
3905,データセクション,東証,信用新規売,日計りHP,特定,2025/06/10,2025/06/12,100,"2,473",--,--,--,--
3905,データセクション,東証,信用新規売,日計りHP,特定,2025/06/10,2025/06/12,100,"2,570",--,--,--,--
3905,データセクション,東証,信用新規売,日計りHP,特定,2025/06/10,2025/06/12,100,"2,470",--,--,--,--
6857,アドバンテスト,PTS(O),信用新規売,６ヵ月,特定,2025/06/10,2025/06/12,100,"8,414.1",--,--,--,--
6857,アドバンテスト,PTS(O),信用新規売,６ヵ月,特定,2025/06/10,2025/06/12,100,"8,412.5",--,--,--,--
6857,アドバンテスト,PTS(J),信用新規売,６ヵ月,特定,2025/06/10,2025/06/12,100,"8,413.1",--,--,--,--
6857,アドバンテスト,PTS(J),信用新規売,６ヵ月,特定,2025/06/10,2025/06/12,100,"8,412.1",--,--,--,--
6857,アドバンテスト,東証,信用新規売,６ヵ月,特定,2025/06/10,2025/06/12,"1,500","8,402",--,--,--,--
6857,アドバンテスト,PTS(J),信用新規売,６ヵ月,特定,2025/06/10,2025/06/12,100,"8,412.1",--,--,--,--
4911,資生堂,東証,信用返済売,６ヵ月,特定,2025/06/10,2025/06/12,300,"2,509.5",46,--,854,--
4911,資生堂,PTS(X),信用返済売,６ヵ月,特定,2025/06/10,2025/06/12,100,"2,509.5",15,--,295,--
4911,資生堂,PTS(X),信用返済売,６ヵ月,特定,2025/06/10,2025/06/12,100,"2,509.5",15,--,285,--
5713,住友金属鉱山,東証,信用返済売,６ヵ月,特定,2025/06/10,2025/06/12,100,"3,349",62,--,448,--
5713,住友金属鉱山,東証,信用返済売,６ヵ月,特定,2025/06/10,2025/06/12,400,"3,349",250,--,"1,750",--
5713,住友金属鉱山,東証,信用返済売,６ヵ月,特定,2025/06/10,2025/06/12,100,"3,349",62,--,468,--
5713,住友金属鉱山,東証,信用返済売,６ヵ月,特定,2025/06/10,2025/06/12,100,"3,349",62,--,458,--
5713,住友金属鉱山,PTS(J),信用返済売,６ヵ月,特定,2025/06/10,2025/06/12,100,"3,349.1",62,--,448,--
5713,住友金属鉱山,PTS(X),信用返済売,６ヵ月,特定,2025/06/10,2025/06/12,100,"3,349.1",62,--,448,--
6526,ソシオネクスト,東証,信用返済売,６ヵ月,特定,2025/06/10,2025/06/12,200,"2,348.5",56,--,"17,844",--
6526,ソシオネクスト,PTS(O),信用返済売,６ヵ月,特定,2025/06/10,2025/06/12,100,"2,348.6",28,--,"8,932",--
6526,ソシオネクスト,PTS(X),信用返済売,６ヵ月,特定,2025/06/10,2025/06/12,200,"2,348.7",56,--,"18,024",--
6526,ソシオネクスト,PTS(X),信用返済売,６ヵ月,特定,2025/06/10,2025/06/12,100,"2,348.7",28,--,"9,012",--
6526,ソシオネクスト,PTS(X),信用返済売,６ヵ月,特定,2025/06/10,2025/06/12,100,"2,348.6",28,--,"8,932",--
6526,ソシオネクスト,PTS(O),信用返済売,６ヵ月,特定,2025/06/10,2025/06/12,100,"2,348.8",28,--,"8,952",--
6526,ソシオネクスト,PTS(X),信用返済売,６ヵ月,特定,2025/06/10,2025/06/12,200,"2,348.7",56,--,"17,884",--
6526,ソシオネクスト,PTS(X),信用返済売,６ヵ月,特定,2025/06/10,2025/06/12,100,"2,336.8",14,--,"-1,034",--
6526,ソシオネクスト,PTS(J),信用返済売,６ヵ月,特定,2025/06/10,2025/06/12,100,"2,336.7",14,--,"-1,044",--
6526,ソシオネクスト,PTS(X),信用返済売,６ヵ月,特定,2025/06/10,2025/06/12,200,"2,336.6",29,--,"-2,109",--
6526,ソシオネクスト,PTS(X),信用返済売,６ヵ月,特定,2025/06/10,2025/06/12,300,"2,336.7",43,--,"-3,133",--
6526,ソシオネクスト,PTS(X),信用返済売,６ヵ月,特定,2025/06/10,2025/06/12,300,"2,336.8",43,--,"-2,953",--
6594,ニデック,東証,信用返済売,６ヵ月,特定,2025/06/10,2025/06/12,300,"2,862.5",53,--,"4,897",--
6594,ニデック,東証,信用返済売,６ヵ月,特定,2025/06/10,2025/06/12,100,"2,862.5",17,--,"1,633",--
6594,ニデック,PTS(O),信用返済売,６ヵ月,特定,2025/06/10,2025/06/12,200,"2,862.6",35,--,"3,285",--
6594,ニデック,PTS(X),信用返済売,６ヵ月,特定,2025/06/10,2025/06/12,300,"2,862.6",53,--,"4,927",--
6594,ニデック,PTS(O),信用返済売,６ヵ月,特定,2025/06/10,2025/06/12,100,"2,862.7",17,--,"1,653",--
6857,アドバンテスト,PTS(X),信用返済売,無期限,特定,2025/06/10,2025/06/12,100,"8,406.1",48,--,"-4,638",--
6857,アドバンテスト,PTS(O),信用返済売,無期限,特定,2025/06/10,2025/06/12,100,"8,634.7",49,--,921,--
6857,アドバンテスト,PTS(O),信用返済売,無期限,特定,2025/06/10,2025/06/12,200,"8,406.7",97,--,"-9,157",--
6857,アドバンテスト,PTS(J),信用返済売,無期限,特定,2025/06/10,2025/06/12,100,"8,634.7",49,--,"6,921",--
6857,アドバンテスト,PTS(X),信用返済売,無期限,特定,2025/06/10,2025/06/12,100,"8,635.1",49,--,"6,961",--
6857,アドバンテスト,東証,信用返済売,無期限,特定,2025/06/10,2025/06/12,200,"8,406",97,--,"-9,297",--
6857,アドバンテスト,東証,信用返済売,無期限,特定,2025/06/10,2025/06/12,100,"8,405",48,--,"-10,748",--
6857,アドバンテスト,東証,信用返済売,無期限,特定,2025/06/10,2025/06/12,200,"8,479",99,--,"-31,299",--
6857,アドバンテスト,東証,信用返済売,無期限,特定,2025/06/10,2025/06/12,200,"8,406",97,--,"-21,297",--
6857,アドバンテスト,PTS(O),信用返済売,６ヵ月,特定,2025/06/10,2025/06/12,100,"8,404.3",52,--,"-6,722",--
6857,アドバンテスト,PTS(X),信用返済売,６ヵ月,特定,2025/06/10,2025/06/12,200,"8,494.1",106,--,"-5,666",--
6857,アドバンテスト,PTS(X),信用返済売,６ヵ月,特定,2025/06/10,2025/06/12,100,"8,404.1",52,--,"-6,742",--
6857,アドバンテスト,PTS(X),信用返済売,６ヵ月,特定,2025/06/10,2025/06/12,100,"8,494.2",53,--,"-2,713",--
6857,アドバンテスト,PTS(O),信用返済売,６ヵ月,特定,2025/06/10,2025/06/12,100,"8,494.2",53,--,"-2,823",--
6857,アドバンテスト,PTS(O),信用返済売,６ヵ月,特定,2025/06/10,2025/06/12,100,"8,494.1",53,--,"-2,833",--
6857,アドバンテスト,PTS(O),信用返済売,６ヵ月,特定,2025/06/10,2025/06/12,100,"8,483.1",147,--,"60,693",--
6857,アドバンテスト,東証,信用返済売,６ヵ月,特定,2025/06/10,2025/06/12,100,"8,404",52,--,"-6,852",--
6857,アドバンテスト,東証,信用返済売,６ヵ月,特定,2025/06/10,2025/06/12,100,"8,483",101,--,"32,609",--
6857,アドバンテスト,東証,信用返済売,６ヵ月,特定,2025/06/10,2025/06/12,100,"8,482",101,--,"32,509",--
6857,アドバンテスト,東証,信用返済売,６ヵ月,特定,2025/06/10,2025/06/12,100,"8,482",52,--,358,--
6857,アドバンテスト,東証,信用返済売,６ヵ月,特定,2025/06/10,2025/06/12,200,"8,403",105,--,"-13,905",--
6920,レーザーテック,PTS(X),信用返済売,６ヵ月,特定,2025/06/10,2025/06/12,100,"15,057.6",94,--,-584,--
6920,レーザーテック,PTS(O),信用返済売,６ヵ月,特定,2025/06/10,2025/06/12,100,"15,057.8",94,--,-554,--
6920,レーザーテック,PTS(O),信用返済売,６ヵ月,特定,2025/06/10,2025/06/12,100,"15,003.1",94,--,"-6,784",--
6920,レーザーテック,東証,信用返済売,６ヵ月,特定,2025/06/10,2025/06/12,100,"15,080",271,--,"60,349",--
6920,レーザーテック,PTS(O),信用返済売,６ヵ月,特定,2025/06/10,2025/06/12,100,"15,057.9",94,--,-554,--
6920,レーザーテック,東証,信用返済売,６ヵ月,特定,2025/06/10,2025/06/12,100,"15,080",271,--,"60,779",--
6920,レーザーテック,PTS(O),信用返済売,６ヵ月,特定,2025/06/10,2025/06/12,100,"15,003.5",94,--,"-6,744",--
6920,レーザーテック,PTS(O),信用返済売,６ヵ月,特定,2025/06/10,2025/06/12,100,"15,003.2",94,--,"-6,774",--
6920,レーザーテック,東証,信用返済売,６ヵ月,特定,2025/06/10,2025/06/12,100,"15,080",271,--,"60,319",--
7203,トヨタ自動車,PTS(O),信用返済売,６ヵ月,特定,2025/06/10,2025/06/12,200,"2,649.7",33,--,-593,--
7203,トヨタ自動車,PTS(X),信用返済売,６ヵ月,特定,2025/06/10,2025/06/12,100,"2,649.5",16,--,-316,--
7203,トヨタ自動車,PTS(X),信用返済売,６ヵ月,特定,2025/06/10,2025/06/12,200,"2,649.6",33,--,-613,--
7203,トヨタ自動車,PTS(O),信用返済売,６ヵ月,特定,2025/06/10,2025/06/12,100,"2,649.5",16,--,-316,--
7203,トヨタ自動車,PTS(X),信用返済売,６ヵ月,特定,2025/06/10,2025/06/12,300,"2,649.7",49,--,-889,--
7203,トヨタ自動車,PTS(X),信用返済売,６ヵ月,特定,2025/06/10,2025/06/12,100,"2,649.5",16,--,-316,--
9301,三菱倉庫,PTS(X),信用返済売,６ヵ月,特定,2025/06/10,2025/06/12,100,"1,167.5",22,--,"-1,822",--
9301,三菱倉庫,PTS(O),信用返済売,６ヵ月,特定,2025/06/10,2025/06/12,100,"1,167.5",22,--,"-1,822",--
9301,三菱倉庫,東証,信用返済売,６ヵ月,特定,2025/06/10,2025/06/12,100,"1,167.5",22,--,"-1,872",--
9301,三菱倉庫,東証,信用返済売,６ヵ月,特定,2025/06/10,2025/06/12,100,"1,167.5",22,--,"-1,822",--
9301,三菱倉庫,東証,信用返済売,６ヵ月,特定,2025/06/10,2025/06/12,400,"1,167.5",88,--,"-7,288",--
9301,三菱倉庫,東証,信用返済売,６ヵ月,特定,2025/06/10,2025/06/12,200,"1,167.5",44,--,"-3,644",--
9501,東京電力ホールディングス,東証,信用返済売,６ヵ月,特定,2025/06/10,2025/06/12,900,378.2,21,--,"-2,811",--
9501,東京電力ホールディングス,PTS(X),信用返済売,６ヵ月,特定,2025/06/10,2025/06/12,"1,700",378.2,40,--,"-5,310",--
9501,東京電力ホールディングス,PTS(O),信用返済売,６ヵ月,特定,2025/06/10,2025/06/12,400,378.2,9,--,"-1,249",--
4911,資生堂,東証,信用新規買,６ヵ月,特定,2025/06/10,2025/06/12,100,"2,506.5",--,--,--,--
4911,資生堂,PTS(X),信用新規買,６ヵ月,特定,2025/06/10,2025/06/12,300,"2,506.5",--,--,--,--
4911,資生堂,PTS(X),信用新規買,６ヵ月,特定,2025/06/10,2025/06/12,100,"2,506.4",--,--,--,--
5713,住友金属鉱山,東証,信用新規買,６ヵ月,特定,2025/06/10,2025/06/12,900,"3,347",--,--,--,--
6526,ソシオネクスト,東証,信用新規買,６ヵ月,特定,2025/06/10,2025/06/12,"1,000","2,318.5",--,--,--,--
6526,ソシオネクスト,東証,信用新規買,６ヵ月,特定,2025/06/10,2025/06/12,700,"2,347",--,--,--,--
6526,ソシオネクスト,東証,信用新規買,６ヵ月,特定,2025/06/10,2025/06/12,300,"2,346.5",--,--,--,--
6594,ニデック,東証,信用新規買,６ヵ月,特定,2025/06/10,2025/06/12,700,"2,846",--,--,--,--
6594,ニデック,PTS(X),信用新規買,６ヵ月,特定,2025/06/10,2025/06/12,300,"2,846",--,--,--,--
6857,アドバンテスト,PTS(X),信用新規買,６ヵ月,特定,2025/06/10,2025/06/12,100,"8,520.8",--,--,--,--
6857,アドバンテスト,PTS(X),信用新規買,６ヵ月,特定,2025/06/10,2025/06/12,400,"8,521.9",--,--,--,--
6857,アドバンテスト,PTS(X),信用新規買,６ヵ月,特定,2025/06/10,2025/06/12,100,"8,477.9",--,--,--,--
6857,アドバンテスト,東証,信用新規買,６ヵ月,特定,2025/06/10,2025/06/12,300,"8,304",--,--,--,--
6857,アドバンテスト,東証,信用新規買,６ヵ月,特定,2025/06/10,2025/06/12,200,"8,471",--,--,--,--
6857,アドバンテスト,東証,信用新規買,６ヵ月,特定,2025/06/10,2025/06/12,300,"8,472",--,--,--,--
6857,アドバンテスト,東証,信用新規買,無期限,特定,2025/06/10,2025/06/12,500,"8,452",--,--,--,--
6857,アドバンテスト,東証,信用新規買,無期限,特定,2025/06/10,2025/06/12,200,"8,565",--,--,--,--
6857,アドバンテスト,東証,信用新規買,無期限,特定,2025/06/10,2025/06/12,100,"8,625",--,--,--,--
6857,アドバンテスト,東証,信用新規買,無期限,特定,2025/06/10,2025/06/12,300,"8,512",--,--,--,--
6857,アドバンテスト,東証,信用新規買,無期限,特定,2025/06/10,2025/06/12,200,"8,635",--,--,--,--
6920,レーザーテック,PTS(X),信用新規買,６ヵ月,特定,2025/06/10,2025/06/12,100,"15,062.5",--,--,--,--
6920,レーザーテック,東証,信用新規買,６ヵ月,特定,2025/06/10,2025/06/12,300,"15,070",--,--,--,--
6920,レーザーテック,東証,信用新規買,６ヵ月,特定,2025/06/10,2025/06/12,200,"14,900",--,--,--,--
6920,レーザーテック,PTS(O),信用新規買,６ヵ月,特定,2025/06/10,2025/06/12,100,"15,062.5",--,--,--,--
6920,レーザーテック,PTS(O),信用新規買,６ヵ月,特定,2025/06/10,2025/06/12,100,"15,062.4",--,--,--,--
7203,トヨタ自動車,東証,信用新規買,６ヵ月,特定,2025/06/10,2025/06/12,900,"2,652.5",--,--,--,--
7203,トヨタ自動車,PTS(X),信用新規買,６ヵ月,特定,2025/06/10,2025/06/12,100,"2,652.5",--,--,--,--
9164,トライト,PTS(O),信用新規買,６ヵ月,特定,2025/06/10,2025/06/12,100,640.9,--,--,--,--
9164,トライト,PTS(J),信用新規買,６ヵ月,特定,2025/06/10,2025/06/12,100,622,--,--,--,--
9164,トライト,PTS(O),信用新規買,６ヵ月,特定,2025/06/10,2025/06/12,100,626.8,--,--,--,--
9164,トライト,PTS(X),信用新規買,６ヵ月,特定,2025/06/10,2025/06/12,100,626.8,--,--,--,--
9164,トライト,PTS(X),信用新規買,６ヵ月,特定,2025/06/10,2025/06/12,100,640.9,--,--,--,--
9164,トライト,PTS(X),信用新規買,６ヵ月,特定,2025/06/10,2025/06/12,100,621.9,--,--,--,--
9164,トライト,東証,信用新規買,６ヵ月,特定,2025/06/10,2025/06/12,100,641,--,--,--,--
9164,トライト,東証,信用新規買,６ヵ月,特定,2025/06/10,2025/06/12,200,622,--,--,--,--
9164,トライト,PTS(X),信用新規買,６ヵ月,特定,2025/06/10,2025/06/12,100,621.6,--,--,--,--
9501,東京電力ホールディングス,東証,信用新規買,６ヵ月,特定,2025/06/10,2025/06/12,"3,000",381.3,--,--,--,--
3905,データセクション,東証,信用返済買,日計りHP,特定,2025/06/10,2025/06/12,100,"2,625","1,128",--,"-6,628",--
3905,データセクション,東証,信用返済買,日計りHP,特定,2025/06/10,2025/06/12,100,"2,625","1,128",--,"-16,328",--
3905,データセクション,東証,信用返済買,日計りHP,特定,2025/06/10,2025/06/12,100,"2,625","1,128",--,"-16,628",--
6857,アドバンテスト,PTS(O),信用返済買,６ヵ月,特定,2025/06/10,2025/06/12,100,"8,355.5",25,--,"4,625",--
6857,アドバンテスト,PTS(X),信用返済買,６ヵ月,特定,2025/06/10,2025/06/12,200,"8,355.5",50,--,"9,250",--
6857,アドバンテスト,PTS(O),信用返済買,６ヵ月,特定,2025/06/10,2025/06/12,100,"8,312.9",25,--,"8,885",--
6857,アドバンテスト,PTS(X),信用返済買,６ヵ月,特定,2025/06/10,2025/06/12,100,"8,369.7",25,--,"4,315",--
6857,アドバンテスト,PTS(X),信用返済買,６ヵ月,特定,2025/06/10,2025/06/12,100,"8,312.9",25,--,"8,885",--
6857,アドバンテスト,PTS(J),信用返済買,６ヵ月,特定,2025/06/10,2025/06/12,100,"8,369.9",25,--,"4,395",--
6857,アドバンテスト,東証,信用返済買,６ヵ月,特定,2025/06/10,2025/06/12,100,"8,370",25,--,"4,185",--
6857,アドバンテスト,東証,信用返済買,６ヵ月,特定,2025/06/10,2025/06/12,100,"8,370",25,--,"4,185",--
6857,アドバンテスト,東証,信用返済買,６ヵ月,特定,2025/06/10,2025/06/12,500,"8,304",126,--,"48,874",--
6857,アドバンテスト,東証,信用返済買,６ヵ月,特定,2025/06/10,2025/06/12,500,"8,363",126,--,"19,374",--
6857,アドバンテスト,東証,信用返済買,６ヵ月,特定,2025/06/10,2025/06/12,100,"8,370",25,--,"4,225",--
3350,メタプラネット,東証,信用新規売,日計りHP,特定,2025/06/09,2025/06/11,300,"1,573",--,--,--,--
3905,データセクション,東証,信用新規売,日計りHP,特定,2025/06/09,2025/06/11,100,"2,181",--,--,--,--
3905,データセクション,東証,信用新規売,日計りHP,特定,2025/06/09,2025/06/11,100,"2,180",--,--,--,--
4578,大塚ホールディングス,PTS(X),信用返済売,６ヵ月,特定,2025/06/09,2025/06/11,200,"7,399",92,--,"4,108",--
6146,ディスコ,東証,信用返済売,６ヵ月,特定,2025/06/09,2025/06/11,100,"33,140",207,--,"-1,027",--
6857,アドバンテスト,東証,信用返済売,６ヵ月,特定,2025/06/09,2025/06/11,100,"8,314",98,--,"46,602",--
6857,アドバンテスト,東証,信用返済売,６ヵ月,特定,2025/06/09,2025/06/11,100,"8,314",98,--,"43,842",--
6920,レーザーテック,東証,信用返済売,無期限,特定,2025/06/09,2025/06/11,100,"14,890",85,--,"5,915",--
9301,三菱倉庫,PTS(O),信用返済売,６ヵ月,特定,2025/06/09,2025/06/11,100,"1,176.6",14,--,-904,--
9301,三菱倉庫,PTS(O),信用返済売,６ヵ月,特定,2025/06/09,2025/06/11,200,"1,176.5",29,--,"-1,829",--
9301,三菱倉庫,PTS(X),信用返済売,６ヵ月,特定,2025/06/09,2025/06/11,400,"1,176.5",59,--,"-3,659",--
9301,三菱倉庫,東証,信用返済売,６ヵ月,特定,2025/06/09,2025/06/11,800,"1,176.5",118,--,"-7,318",--
4578,大塚ホールディングス,東証,信用新規買,６ヵ月,特定,2025/06/09,2025/06/11,200,"7,378",--,--,--,--
6146,ディスコ,PTS(X),信用新規買,６ヵ月,特定,2025/06/09,2025/06/11,100,"33,148.2",--,--,--,--
6526,ソシオネクスト,東証,信用新規買,６ヵ月,特定,2025/06/09,2025/06/11,400,"2,259",--,--,--,--
6526,ソシオネクスト,PTS(O),信用新規買,６ヵ月,特定,2025/06/09,2025/06/11,200,"2,258.3",--,--,--,--
6526,ソシオネクスト,PTS(O),信用新規買,６ヵ月,特定,2025/06/09,2025/06/11,300,"2,259",--,--,--,--
6526,ソシオネクスト,PTS(X),信用新規買,６ヵ月,特定,2025/06/09,2025/06/11,100,"2,258.3",--,--,--,--
6857,アドバンテスト,PTS(X),信用新規買,６ヵ月,特定,2025/06/09,2025/06/11,200,"8,155.9",--,--,--,--
6920,レーザーテック,東証,信用新規買,無期限,特定,2025/06/09,2025/06/11,100,"14,830",--,--,--,--
3350,メタプラネット,東証,信用返済買,日計りHP,特定,2025/06/09,2025/06/11,300,"1,562","1,656",--,"1,644",--
3905,データセクション,PTS(X),信用返済買,日計りHP,特定,2025/06/09,2025/06/11,100,"2,201",720,--,"-2,720",--
3905,データセクション,PTS(X),信用返済買,日計りHP,特定,2025/06/09,2025/06/11,100,"2,201",720,--,"-2,820",--
8923,トーセイ,東証,信用新規売,６ヵ月,特定,2025/06/06,2025/06/10,200,"2,853",--,--,--,--
8923,トーセイ,PTS(X),信用新規売,６ヵ月,特定,2025/06/06,2025/06/10,200,"2,853",--,--,--,--
8923,トーセイ,PTS(O),信用新規売,６ヵ月,特定,2025/06/06,2025/06/10,100,"2,853",--,--,--,--
4661,オリエンタルランド,PTS(X),信用返済売,６ヵ月,特定,2025/06/06,2025/06/10,100,"3,272.5",20,--,860,--
4661,オリエンタルランド,PTS(X),信用返済売,６ヵ月,特定,2025/06/06,2025/06/10,100,"3,272.5",20,--,830,--
4661,オリエンタルランド,PTS(O),信用返済売,６ヵ月,特定,2025/06/06,2025/06/10,100,"3,272.6",20,--,840,--
5632,三菱製鋼,PTS(X),信用返済売,６ヵ月,特定,2025/06/06,2025/06/10,100,"1,671.1",10,--,"-1,000",--
5632,三菱製鋼,PTS(X),信用返済売,６ヵ月,特定,2025/06/06,2025/06/10,100,"1,673",10,--,-910,--
5632,三菱製鋼,PTS(X),信用返済売,６ヵ月,特定,2025/06/06,2025/06/10,100,"1,671.4",10,--,-940,--
5632,三菱製鋼,東証,信用返済売,６ヵ月,特定,2025/06/06,2025/06/10,300,"1,671",31,--,"-3,331",--
5632,三菱製鋼,東証,信用返済売,６ヵ月,特定,2025/06/06,2025/06/10,100,"1,671",10,--,"-1,010",--
5632,三菱製鋼,東証,信用返済売,６ヵ月,特定,2025/06/06,2025/06/10,100,"1,671",10,--,"-1,010",--
5632,三菱製鋼,東証,信用返済売,６ヵ月,特定,2025/06/06,2025/06/10,200,"1,672",21,--,"-2,021",--
5632,三菱製鋼,東証,信用返済売,６ヵ月,特定,2025/06/06,2025/06/10,300,"1,670",31,--,"-3,331",--
5632,三菱製鋼,東証,信用返済売,６ヵ月,特定,2025/06/06,2025/06/10,100,"1,673",10,--,-910,--
5632,三菱製鋼,PTS(X),信用返済売,６ヵ月,特定,2025/06/06,2025/06/10,100,"1,673.1",10,--,-900,--
5632,三菱製鋼,PTS(X),信用返済売,６ヵ月,特定,2025/06/06,2025/06/10,100,"1,671.3",10,--,-960,--
5632,三菱製鋼,PTS(X),信用返済売,６ヵ月,特定,2025/06/06,2025/06/10,100,"1,673.4",10,--,-870,--
5632,三菱製鋼,PTS(O),信用返済売,６ヵ月,特定,2025/06/06,2025/06/10,100,"1,671.4",10,--,-950,--
5632,三菱製鋼,PTS(O),信用返済売,６ヵ月,特定,2025/06/06,2025/06/10,100,"1,671.3",10,--,-970,--
5632,三菱製鋼,PTS(O),信用返済売,６ヵ月,特定,2025/06/06,2025/06/10,100,"1,673",10,--,-910,--
5713,住友金属鉱山,PTS(X),信用返済売,６ヵ月,特定,2025/06/06,2025/06/10,100,"3,370.1",20,--,"2,620",--
6369,トーヨーカネツ,PTS(X),信用返済売,６ヵ月,特定,2025/06/06,2025/06/10,100,"3,860.5",24,--,-974,--
6369,トーヨーカネツ,PTS(X),信用返済売,６ヵ月,特定,2025/06/06,2025/06/10,100,"3,875.5",119,--,"5,531",--
6857,アドバンテスト,PTS(O),信用返済売,６ヵ月,特定,2025/06/06,2025/06/10,100,"7,874.4",96,--,"15,154",--
6857,アドバンテスト,東証,信用返済売,６ヵ月,特定,2025/06/06,2025/06/10,200,"7,865",97,--,"12,383",--
6857,アドバンテスト,東証,信用返済売,６ヵ月,特定,2025/06/06,2025/06/10,100,"7,865",96,--,"14,214",--
6857,アドバンテスト,PTS(X),信用返済売,６ヵ月,特定,2025/06/06,2025/06/10,100,"7,853.2",96,--,"13,024",--
6857,アドバンテスト,PTS(O),信用返済売,６ヵ月,特定,2025/06/06,2025/06/10,100,"7,865",48,--,"6,202",--
6920,レーザーテック,PTS(X),信用返済売,６ヵ月,特定,2025/06/06,2025/06/10,100,"14,460.4",178,--,"18,362",--
6920,レーザーテック,PTS(X),信用返済売,６ヵ月,特定,2025/06/06,2025/06/10,100,"14,446.2",178,--,"16,942",--
6920,レーザーテック,PTS(X),信用返済売,６ヵ月,特定,2025/06/06,2025/06/10,100,"14,385.3",178,--,"10,852",--
6920,レーザーテック,PTS(O),信用返済売,６ヵ月,特定,2025/06/06,2025/06/10,100,"14,446.4",89,--,"6,351",--
6920,レーザーテック,PTS(X),信用返済売,６ヵ月,特定,2025/06/06,2025/06/10,100,"14,446.2",89,--,"7,321",--
7777,スリー・ディー・マトリックス,PTS(O),信用返済売,６ヵ月,特定,2025/06/06,2025/06/10,300,149.4,2,--,"-1,082",--
7777,スリー・ディー・マトリックス,PTS(J),信用返済売,６ヵ月,特定,2025/06/06,2025/06/10,"1,200",149.1,11,--,"-4,691",--
7777,スリー・ディー・マトリックス,PTS(X),信用返済売,６ヵ月,特定,2025/06/06,2025/06/10,100,149.2,--,--,-380,--
7777,スリー・ディー・マトリックス,PTS(J),信用返済売,６ヵ月,特定,2025/06/06,2025/06/10,100,149.2,--,--,-380,--
7777,スリー・ディー・マトリックス,PTS(X),信用返済売,６ヵ月,特定,2025/06/06,2025/06/10,700,149.4,6,--,"-2,526",--
7777,スリー・ディー・マトリックス,PTS(O),信用返済売,６ヵ月,特定,2025/06/06,2025/06/10,200,149.4,1,--,-701,--
7777,スリー・ディー・マトリックス,PTS(O),信用返済売,６ヵ月,特定,2025/06/06,2025/06/10,200,149.4,1,--,-701,--
7777,スリー・ディー・マトリックス,PTS(X),信用返済売,６ヵ月,特定,2025/06/06,2025/06/10,"2,200",149.3,21,--,"-8,161",--
8078,阪和興業,PTS(X),信用返済売,６ヵ月,特定,2025/06/06,2025/06/10,100,"5,280",165,--,"-2,765",--
8150,三信電気,東証,信用返済売,無期限,特定,2025/06/06,2025/06/10,300,"2,290",198,--,"-1,998",--
8150,三信電気,東証,信用返済売,無期限,特定,2025/06/06,2025/06/10,200,"2,289",132,--,"-1,532",--
9301,三菱倉庫,PTS(X),信用返済売,６ヵ月,特定,2025/06/06,2025/06/10,100,"1,185.6",7,--,3,--
9301,三菱倉庫,PTS(O),信用返済売,６ヵ月,特定,2025/06/06,2025/06/10,100,"1,185.7",7,--,13,--
9301,三菱倉庫,PTS(O),信用返済売,６ヵ月,特定,2025/06/06,2025/06/10,100,"1,185.6",7,--,3,--
9301,三菱倉庫,PTS(X),信用返済売,６ヵ月,特定,2025/06/06,2025/06/10,200,"1,185.7",14,--,26,--
9304,澁澤倉庫,PTS(X),信用返済売,６ヵ月,特定,2025/06/06,2025/06/10,100,"3,921.5",121,--,"3,079",--
4661,オリエンタルランド,PTS(X),信用新規買,６ヵ月,特定,2025/06/06,2025/06/10,100,"3,263.7",--,--,--,--
4661,オリエンタルランド,東証,信用新規買,６ヵ月,特定,2025/06/06,2025/06/10,200,"3,264",--,--,--,--
5632,三菱製鋼,PTS(O),信用新規買,６ヵ月,特定,2025/06/06,2025/06/10,100,"1,680.8",--,--,--,--
5632,三菱製鋼,PTS(J),信用新規買,６ヵ月,特定,2025/06/06,2025/06/10,100,"1,680.9",--,--,--,--
5632,三菱製鋼,PTS(O),信用新規買,６ヵ月,特定,2025/06/06,2025/06/10,100,"1,680.7",--,--,--,--
5632,三菱製鋼,PTS(X),信用新規買,６ヵ月,特定,2025/06/06,2025/06/10,100,"1,680.8",--,--,--,--
5632,三菱製鋼,東証,信用新規買,６ヵ月,特定,2025/06/06,2025/06/10,500,"1,681",--,--,--,--
5632,三菱製鋼,東証,信用新規買,６ヵ月,特定,2025/06/06,2025/06/10,100,"1,681",--,--,--,--
5632,三菱製鋼,東証,信用新規買,６ヵ月,特定,2025/06/06,2025/06/10,"1,000","1,682",--,--,--,--
5713,住友金属鉱山,PTS(X),信用新規買,６ヵ月,特定,2025/06/06,2025/06/10,100,"3,343.8",--,--,--,--
5713,住友金属鉱山,PTS(O),信用新規買,６ヵ月,特定,2025/06/06,2025/06/10,100,"3,343.7",--,--,--,--
5713,住友金属鉱山,PTS(X),信用新規買,６ヵ月,特定,2025/06/06,2025/06/10,100,"3,343.9",--,--,--,--
5713,住友金属鉱山,PTS(X),信用新規買,６ヵ月,特定,2025/06/06,2025/06/10,100,"3,343.7",--,--,--,--
5713,住友金属鉱山,東証,信用新規買,６ヵ月,特定,2025/06/06,2025/06/10,600,"3,344",--,--,--,--
6369,トーヨーカネツ,東証,信用新規買,６ヵ月,特定,2025/06/06,2025/06/10,100,"3,870",--,--,--,--
6857,アドバンテスト,PTS(O),信用新規買,６ヵ月,特定,2025/06/06,2025/06/10,100,"7,874.6",--,--,--,--
6857,アドバンテスト,PTS(X),信用新規買,６ヵ月,特定,2025/06/06,2025/06/10,100,"7,847",--,--,--,--
6857,アドバンテスト,PTS(X),信用新規買,６ヵ月,特定,2025/06/06,2025/06/10,100,"7,874.7",--,--,--,--
6857,アドバンテスト,PTS(O),信用新規買,６ヵ月,特定,2025/06/06,2025/06/10,100,"7,802.5",--,--,--,--
6857,アドバンテスト,PTS(X),信用新規買,６ヵ月,特定,2025/06/06,2025/06/10,200,"7,802.6",--,--,--,--
6920,レーザーテック,PTS(X),信用新規買,６ヵ月,特定,2025/06/06,2025/06/10,100,"14,382",--,--,--,--
6920,レーザーテック,PTS(X),信用新規買,６ヵ月,特定,2025/06/06,2025/06/10,100,"14,474.1",--,--,--,--
6920,レーザーテック,PTS(O),信用新規買,６ヵ月,特定,2025/06/06,2025/06/10,100,"14,372.1",--,--,--,--
6920,レーザーテック,PTS(O),信用新規買,６ヵ月,特定,2025/06/06,2025/06/10,100,"14,473.8",--,--,--,--
6920,レーザーテック,PTS(O),信用新規買,６ヵ月,特定,2025/06/06,2025/06/10,100,"14,469.5",--,--,--,--
7777,スリー・ディー・マトリックス,PTS(X),信用新規買,６ヵ月,特定,2025/06/06,2025/06/10,200,152.9,--,--,--,--
7777,スリー・ディー・マトリックス,東証,信用新規買,６ヵ月,特定,2025/06/06,2025/06/10,"4,600",153,--,--,--,--
7777,スリー・ディー・マトリックス,PTS(O),信用新規買,６ヵ月,特定,2025/06/06,2025/06/10,200,152.9,--,--,--,--
9301,三菱倉庫,PTS(X),信用新規買,６ヵ月,特定,2025/06/06,2025/06/10,100,"1,185.5",--,--,--,--
9301,三菱倉庫,東証,信用新規買,６ヵ月,特定,2025/06/06,2025/06/10,100,"1,186",--,--,--,--
9301,三菱倉庫,東証,信用新規買,６ヵ月,特定,2025/06/06,2025/06/10,"2,600","1,185.5",--,--,--,--
9301,三菱倉庫,PTS(O),信用新規買,６ヵ月,特定,2025/06/06,2025/06/10,200,"1,185.5",--,--,--,--
8923,トーセイ,PTS(X),信用返済買,６ヵ月,特定,2025/06/06,2025/06/10,100,"2,737.9",8,--,"11,502",--
8923,トーセイ,PTS(X),信用返済買,６ヵ月,特定,2025/06/06,2025/06/10,100,"2,718.2",8,--,"13,472",--
8923,トーセイ,PTS(X),信用返済買,６ヵ月,特定,2025/06/06,2025/06/10,100,"2,734.9",8,--,"11,802",--
8923,トーセイ,PTS(X),信用返済買,６ヵ月,特定,2025/06/06,2025/06/10,100,"2,717.7",8,--,"13,522",--
8923,トーセイ,PTS(X),信用返済買,６ヵ月,特定,2025/06/06,2025/06/10,100,"2,738",8,--,"11,492",--
3905,データセクション,東証,信用新規売,日計りHP,特定,2025/06/05,2025/06/09,100,"2,064",--,--,--,--
3905,データセクション,東証,信用新規売,日計りHP,特定,2025/06/05,2025/06/09,100,"2,076",--,--,--,--
3905,データセクション,東証,信用新規売,日計りHP,特定,2025/06/05,2025/06/09,100,"2,076",--,--,--,--
9069,センコーグループホールディングス,PTS(X),信用新規売,６ヵ月,特定,2025/06/05,2025/06/09,100,"1,943.2",--,--,--,--
9069,センコーグループホールディングス,PTS(O),信用新規売,６ヵ月,特定,2025/06/05,2025/06/09,200,"1,943.1",--,--,--,--
9069,センコーグループホールディングス,PTS(X),信用新規売,６ヵ月,特定,2025/06/05,2025/06/09,100,"1,968",--,--,--,--
9069,センコーグループホールディングス,PTS(X),信用新規売,６ヵ月,特定,2025/06/05,2025/06/09,100,"1,973",--,--,--,--
9069,センコーグループホールディングス,PTS(O),信用新規売,６ヵ月,特定,2025/06/05,2025/06/09,100,"1,967.8",--,--,--,--
9069,センコーグループホールディングス,PTS(X),信用新規売,６ヵ月,特定,2025/06/05,2025/06/09,100,"1,943",--,--,--,--
9069,センコーグループホールディングス,PTS(X),信用新規売,６ヵ月,特定,2025/06/05,2025/06/09,100,"1,943.3",--,--,--,--
9069,センコーグループホールディングス,PTS(X),信用新規売,６ヵ月,特定,2025/06/05,2025/06/09,100,"1,973.1",--,--,--,--
9069,センコーグループホールディングス,PTS(X),信用新規売,６ヵ月,特定,2025/06/05,2025/06/09,100,"1,967.9",--,--,--,--
9069,センコーグループホールディングス,PTS(O),信用新規売,６ヵ月,特定,2025/06/05,2025/06/09,100,"1,973.1",--,--,--,--
9069,センコーグループホールディングス,PTS(O),信用新規売,６ヵ月,特定,2025/06/05,2025/06/09,200,"1,967.9",--,--,--,--
9069,センコーグループホールディングス,PTS(O),信用新規売,６ヵ月,特定,2025/06/05,2025/06/09,100,"1,943.2",--,--,--,--
9069,センコーグループホールディングス,東証,信用新規売,６ヵ月,特定,2025/06/05,2025/06/09,200,"1,973",--,--,--,--
9069,センコーグループホールディングス,東証,信用新規売,６ヵ月,特定,2025/06/05,2025/06/09,100,"1,943",--,--,--,--
9069,センコーグループホールディングス,東証,信用新規売,６ヵ月,特定,2025/06/05,2025/06/09,300,"1,942",--,--,--,--
5713,住友金属鉱山,PTS(O),信用返済売,６ヵ月,特定,2025/06/05,2025/06/09,100,"3,331.1",84,--,"-4,174",--
5713,住友金属鉱山,東証,信用返済売,６ヵ月,特定,2025/06/05,2025/06/09,400,"3,329",337,--,"-17,937",--
5713,住友金属鉱山,東証,信用返済売,６ヵ月,特定,2025/06/05,2025/06/09,300,"3,331",252,--,"-12,852",--
5713,住友金属鉱山,東証,信用返済売,６ヵ月,特定,2025/06/05,2025/06/09,500,"3,330",421,--,"-21,921",--
5713,住友金属鉱山,東証,信用返済売,６ヵ月,特定,2025/06/05,2025/06/09,100,"3,329",84,--,"-4,584",--
5713,住友金属鉱山,PTS(X),信用返済売,６ヵ月,特定,2025/06/05,2025/06/09,100,"3,331.1",84,--,"-4,174",--
6016,ジャパンエンジンコーポレーション,PTS(X),信用返済売,６ヵ月,特定,2025/06/05,2025/06/09,100,"4,877.5",117,--,"18,633",--
6016,ジャパンエンジンコーポレーション,PTS(O),信用返済売,６ヵ月,特定,2025/06/05,2025/06/09,100,"4,877.5",117,--,"18,633",--
6857,アドバンテスト,PTS(O),信用返済売,６ヵ月,特定,2025/06/05,2025/06/09,100,"7,772.8",48,--,"5,042",--
6857,アドバンテスト,PTS(O),信用返済売,６ヵ月,特定,2025/06/05,2025/06/09,100,"7,772.8",48,--,"5,042",--
6920,レーザーテック,PTS(O),信用返済売,６ヵ月,特定,2025/06/05,2025/06/09,100,"14,376.7",89,--,"10,081",--
6920,レーザーテック,PTS(X),信用返済売,６ヵ月,特定,2025/06/05,2025/06/09,100,"14,375.9",89,--,"10,001",--
6920,レーザーテック,PTS(O),信用返済売,６ヵ月,特定,2025/06/05,2025/06/09,100,"14,365.4",89,--,"8,951",--
6920,レーザーテック,PTS(O),信用返済売,６ヵ月,特定,2025/06/05,2025/06/09,100,"14,376.9",89,--,"10,101",--
6920,レーザーテック,PTS(O),信用返済売,６ヵ月,特定,2025/06/05,2025/06/09,100,"14,365.3",89,--,"8,941",--
6920,レーザーテック,PTS(X),信用返済売,６ヵ月,特定,2025/06/05,2025/06/09,100,"14,173.1",88,--,222,--
6963,ローム,PTS(O),信用返済売,６ヵ月,特定,2025/06/05,2025/06/09,100,"1,718.5",10,--,-310,--
6963,ローム,東証,信用返済売,６ヵ月,特定,2025/06/05,2025/06/09,100,"1,718.5",10,--,-330,--
6963,ローム,東証,信用返済売,６ヵ月,特定,2025/06/05,2025/06/09,100,"1,718.5",10,--,-320,--
6963,ローム,東証,信用返済売,６ヵ月,特定,2025/06/05,2025/06/09,300,"1,718.5",32,--,"-1,052",--
6963,ローム,東証,信用返済売,６ヵ月,特定,2025/06/05,2025/06/09,300,"1,718.5",32,--,"-1,052",--
6963,ローム,東証,信用返済売,６ヵ月,特定,2025/06/05,2025/06/09,100,"1,718.5",10,--,-340,--
7014,名村造船所,PTS(X),信用返済売,６ヵ月,特定,2025/06/05,2025/06/09,100,"2,334.1",58,--,-548,--
7014,名村造船所,PTS(O),信用返済売,６ヵ月,特定,2025/06/05,2025/06/09,100,"2,334.6",58,--,-498,--
7014,名村造船所,PTS(O),信用返済売,６ヵ月,特定,2025/06/05,2025/06/09,200,"2,334.5",116,--,"-1,016",--
7014,名村造船所,PTS(X),信用返済売,６ヵ月,特定,2025/06/05,2025/06/09,200,"2,334.4",116,--,"-1,036",--
7014,名村造船所,東証,信用返済売,６ヵ月,特定,2025/06/05,2025/06/09,200,"2,334",116,--,"-1,116",--
7014,名村造船所,PTS(O),信用返済売,６ヵ月,特定,2025/06/05,2025/06/09,100,"2,334.4",58,--,-518,--
7014,名村造船所,東証,信用返済売,６ヵ月,特定,2025/06/05,2025/06/09,100,"2,333",58,--,-658,--
9301,三菱倉庫,PTS(O),信用返済売,６ヵ月,特定,2025/06/05,2025/06/09,300,"1,159.5",87,--,"-1,557",--
9301,三菱倉庫,PTS(O),信用返済売,６ヵ月,特定,2025/06/05,2025/06/09,100,"1,159.6",29,--,-509,--
9301,三菱倉庫,PTS(O),信用返済売,６ヵ月,特定,2025/06/05,2025/06/09,100,"1,159.5",29,--,-519,--
9301,三菱倉庫,PTS(X),信用返済売,６ヵ月,特定,2025/06/05,2025/06/09,100,"1,159.7",29,--,-489,--
9301,三菱倉庫,PTS(O),信用返済売,６ヵ月,特定,2025/06/05,2025/06/09,100,"1,159.7",29,--,-499,--
9301,三菱倉庫,PTS(O),信用返済売,６ヵ月,特定,2025/06/05,2025/06/09,100,"1,159.5",29,--,-529,--
9301,三菱倉庫,PTS(O),信用返済売,６ヵ月,特定,2025/06/05,2025/06/09,300,"1,159.5",87,--,"-2,337",--
9301,三菱倉庫,PTS(X),信用返済売,６ヵ月,特定,2025/06/05,2025/06/09,200,"1,159.6",58,--,-998,--
9301,三菱倉庫,東証,信用返済売,６ヵ月,特定,2025/06/05,2025/06/09,100,"1,159",29,--,-819,--
9301,三菱倉庫,東証,信用返済売,６ヵ月,特定,2025/06/05,2025/06/09,100,"1,159",29,--,-819,--
9301,三菱倉庫,東証,信用返済売,６ヵ月,特定,2025/06/05,2025/06/09,100,"1,159",29,--,-809,--
9301,三菱倉庫,東証,信用返済売,６ヵ月,特定,2025/06/05,2025/06/09,100,"1,159",29,--,-809,--
9301,三菱倉庫,東証,信用返済売,６ヵ月,特定,2025/06/05,2025/06/09,"1,100","1,159.5",320,--,"-8,570",--
9301,三菱倉庫,東証,信用返済売,６ヵ月,特定,2025/06/05,2025/06/09,200,"1,159",58,--,"-1,638",--
5724,アサカ理研,東証,信用新規買,６ヵ月,特定,2025/06/05,2025/06/09,200,"1,195",--,--,--,--
5724,アサカ理研,東証,信用新規買,６ヵ月,特定,2025/06/05,2025/06/09,100,"1,197",--,--,--,--
5724,アサカ理研,PTS(X),信用新規買,６ヵ月,特定,2025/06/05,2025/06/09,100,"1,195",--,--,--,--
5724,アサカ理研,東証,信用新規買,６ヵ月,特定,2025/06/05,2025/06/09,100,"1,196",--,--,--,--
5724,アサカ理研,東証,信用新規買,６ヵ月,特定,2025/06/05,2025/06/09,500,"1,174",--,--,--,--
6857,アドバンテスト,PTS(J),信用新規買,６ヵ月,特定,2025/06/05,2025/06/09,100,"7,721.9",--,--,--,--
6857,アドバンテスト,東証,信用新規買,６ヵ月,特定,2025/06/05,2025/06/09,100,"7,722",--,--,--,--
6857,アドバンテスト,PTS(X),信用新規買,６ヵ月,特定,2025/06/05,2025/06/09,300,"7,721.9",--,--,--,--
6920,レーザーテック,東証,信用新規買,６ヵ月,特定,2025/06/05,2025/06/09,100,"14,275",--,--,--,--
6920,レーザーテック,東証,信用新規買,６ヵ月,特定,2025/06/05,2025/06/09,700,"14,275",--,--,--,--
6920,レーザーテック,PTS(X),信用新規買,６ヵ月,特定,2025/06/05,2025/06/09,100,"14,170",--,--,--,--
6963,ローム,PTS(O),信用新規買,６ヵ月,特定,2025/06/05,2025/06/09,300,"1,721.9",--,--,--,--
6963,ローム,PTS(X),信用新規買,６ヵ月,特定,2025/06/05,2025/06/09,100,"1,721.6",--,--,--,--
6963,ローム,PTS(X),信用新規買,６ヵ月,特定,2025/06/05,2025/06/09,100,"1,721.7",--,--,--,--
6963,ローム,PTS(X),信用新規買,６ヵ月,特定,2025/06/05,2025/06/09,100,"1,721.8",--,--,--,--
6963,ローム,PTS(O),信用新規買,６ヵ月,特定,2025/06/05,2025/06/09,100,"1,721.5",--,--,--,--
6963,ローム,PTS(X),信用新規買,６ヵ月,特定,2025/06/05,2025/06/09,300,"1,721.9",--,--,--,--
3905,データセクション,PTS(X),信用返済買,日計りHP,特定,2025/06/05,2025/06/09,100,"1,823.9",144,--,"23,866",--
3905,データセクション,PTS(X),信用返済買,日計りHP,特定,2025/06/05,2025/06/09,100,"1,809.5",144,--,"26,506",--
3905,データセクション,PTS(X),信用返済買,日計りHP,特定,2025/06/05,2025/06/09,100,"1,819.9",144,--,"25,466",--
9069,センコーグループホールディングス,PTS(X),信用返済買,６ヵ月,特定,2025/06/05,2025/06/09,100,"1,956.8",5,--,"1,095",--
9069,センコーグループホールディングス,東証,信用返済買,６ヵ月,特定,2025/06/05,2025/06/09,300,"1,937",17,--,"1,483",--
9069,センコーグループホールディングス,東証,信用返済買,６ヵ月,特定,2025/06/05,2025/06/09,100,"1,957",5,--,"1,085",--
9069,センコーグループホールディングス,PTS(X),信用返済買,６ヵ月,特定,2025/06/05,2025/06/09,100,"1,956.7",5,--,"1,125",--
9069,センコーグループホールディングス,PTS(O),信用返済買,６ヵ月,特定,2025/06/05,2025/06/09,100,"1,956.8",5,--,"1,105",--
9069,センコーグループホールディングス,東証,信用返済買,６ヵ月,特定,2025/06/05,2025/06/09,200,"1,964",11,--,"1,789",--
9069,センコーグループホールディングス,東証,信用返済買,６ヵ月,特定,2025/06/05,2025/06/09,100,"1,937",5,--,605,--
9069,センコーグループホールディングス,東証,信用返済買,６ヵ月,特定,2025/06/05,2025/06/09,100,"1,964",5,--,895,--
9069,センコーグループホールディングス,東証,信用返済買,６ヵ月,特定,2025/06/05,2025/06/09,100,"1,964",5,--,905,--
9069,センコーグループホールディングス,東証,信用返済買,６ヵ月,特定,2025/06/05,2025/06/09,100,"1,964",5,--,905,--
9069,センコーグループホールディングス,東証,信用返済買,６ヵ月,特定,2025/06/05,2025/06/09,100,"1,936",5,--,705,--
9069,センコーグループホールディングス,東証,信用返済買,６ヵ月,特定,2025/06/05,2025/06/09,100,"1,936",5,--,695,--
9069,センコーグループホールディングス,東証,信用返済買,６ヵ月,特定,2025/06/05,2025/06/09,100,"1,937",5,--,615,--
9069,センコーグループホールディングス,東証,信用返済買,６ヵ月,特定,2025/06/05,2025/06/09,100,"1,937",5,--,615,--
9069,センコーグループホールディングス,東証,信用返済買,６ヵ月,特定,2025/06/05,2025/06/09,100,"1,936",5,--,725,--
9069,センコーグループホールディングス,東証,信用返済買,６ヵ月,特定,2025/06/05,2025/06/09,100,"1,936",5,--,695,--
9069,センコーグループホールディングス,東証,信用返済買,６ヵ月,特定,2025/06/05,2025/06/09,100,"1,957",5,--,"1,085",--
4506,住友ファーマ,東証,信用返済売,６ヵ月,特定,2025/06/04,2025/06/06,300,932,17,--,943,--
4506,住友ファーマ,東証,信用返済売,６ヵ月,特定,2025/06/04,2025/06/06,200,932,11,--,629,--
4506,住友ファーマ,PTS(X),信用返済売,６ヵ月,特定,2025/06/04,2025/06/06,100,932,5,--,305,--
4506,住友ファーマ,PTS(X),信用返済売,６ヵ月,特定,2025/06/04,2025/06/06,100,932,5,--,305,--
4506,住友ファーマ,PTS(X),信用返済売,６ヵ月,特定,2025/06/04,2025/06/06,300,932,17,--,943,--
5713,住友金属鉱山,PTS(X),信用返済売,６ヵ月,特定,2025/06/04,2025/06/06,100,"3,357.7",21,--,"-1,441",--
5713,住友金属鉱山,PTS(O),信用返済売,６ヵ月,特定,2025/06/04,2025/06/06,100,"3,357.7",21,--,"-1,451",--
5713,住友金属鉱山,PTS(X),信用返済売,６ヵ月,特定,2025/06/04,2025/06/06,100,"3,357.5",21,--,"-1,471",--
5713,住友金属鉱山,PTS(X),信用返済売,６ヵ月,特定,2025/06/04,2025/06/06,100,"3,357.4",21,--,"-1,481",--
5713,住友金属鉱山,PTS(X),信用返済売,６ヵ月,特定,2025/06/04,2025/06/06,100,"3,357.6",21,--,"-1,461",--
6016,ジャパンエンジンコーポレーション,東証,信用返済売,６ヵ月,特定,2025/06/04,2025/06/06,200,"4,815",58,--,"24,942",--
6201,豊田自動織機,PTS(X),信用返済売,６ヵ月,特定,2025/06/04,2025/06/06,100,"16,140",941,--,"-169,941",--
6201,豊田自動織機,PTS(X),信用返済売,６ヵ月,特定,2025/06/04,2025/06/06,100,"16,140",939,--,"-165,439",--
6201,豊田自動織機,東証,信用返済売,６ヵ月,特定,2025/06/04,2025/06/06,100,"16,145","2,023",--,"-159,523",--
6201,豊田自動織機,東証,信用返済売,６ヵ月,特定,2025/06/04,2025/06/06,100,"16,140",339,--,"-200,289",--
6201,豊田自動織機,東証,信用返済売,６ヵ月,特定,2025/06/04,2025/06/06,100,"16,140",942,--,"-170,942",--
6201,豊田自動織機,東証,信用返済売,６ヵ月,特定,2025/06/04,2025/06/06,100,"16,145",939,--,"-164,939",--
6201,豊田自動織機,PTS(X),信用返済売,６ヵ月,特定,2025/06/04,2025/06/06,100,"16,145.5","2,023",--,"-159,473",--
6201,豊田自動織機,PTS(O),信用返済売,６ヵ月,特定,2025/06/04,2025/06/06,100,"16,145.5","2,023",--,"-159,473",--
6857,アドバンテスト,PTS(X),信用返済売,６ヵ月,特定,2025/06/04,2025/06/06,100,"7,448.6",46,--,"-4,256",--
6857,アドバンテスト,PTS(J),信用返済売,６ヵ月,特定,2025/06/04,2025/06/06,100,"7,448",46,--,"-4,336",--
6857,アドバンテスト,東証,信用返済売,６ヵ月,特定,2025/06/04,2025/06/06,100,"7,565",47,--,263,--
6857,アドバンテスト,東証,信用返済売,６ヵ月,特定,2025/06/04,2025/06/06,100,"7,565",47,--,253,--
6857,アドバンテスト,東証,信用返済売,６ヵ月,特定,2025/06/04,2025/06/06,300,"7,448",140,--,"-13,340",--
6857,アドバンテスト,東証,信用返済売,６ヵ月,特定,2025/06/04,2025/06/06,300,"7,565",141,--,819,--
6857,アドバンテスト,PTS(X),信用返済売,６ヵ月,特定,2025/06/04,2025/06/06,100,"7,448.6",46,--,"-4,226",--
6857,アドバンテスト,PTS(O),信用返済売,６ヵ月,特定,2025/06/04,2025/06/06,100,"7,448.5",46,--,"-4,296",--
6857,アドバンテスト,PTS(O),信用返済売,６ヵ月,特定,2025/06/04,2025/06/06,100,"7,448.6",46,--,"-4,276",--
6857,アドバンテスト,PTS(X),信用返済売,６ヵ月,特定,2025/06/04,2025/06/06,100,"7,448.5",46,--,"-4,286",--
6857,アドバンテスト,PTS(X),信用返済売,６ヵ月,特定,2025/06/04,2025/06/06,200,"7,448.1",93,--,"-8,673",--
6857,アドバンテスト,PTS(X),信用返済売,６ヵ月,特定,2025/06/04,2025/06/06,100,"7,448.6",46,--,"-4,266",--
6857,アドバンテスト,PTS(X),信用返済売,６ヵ月,特定,2025/06/04,2025/06/06,200,"7,448.1",93,--,"-8,673",--
6857,アドバンテスト,PTS(X),信用返済売,６ヵ月,特定,2025/06/04,2025/06/06,100,"7,448.1",46,--,"-4,326",--
6857,アドバンテスト,PTS(O),信用返済売,６ヵ月,特定,2025/06/04,2025/06/06,100,"7,448.8",46,--,"-4,256",--
6857,アドバンテスト,PTS(O),信用返済売,６ヵ月,特定,2025/06/04,2025/06/06,200,"7,448.1",93,--,"-8,873",--
6857,アドバンテスト,PTS(X),信用返済売,６ヵ月,特定,2025/06/04,2025/06/06,200,"7,448.1",93,--,"-8,873",--
6920,レーザーテック,PTS(O),信用返済売,６ヵ月,特定,2025/06/04,2025/06/06,100,"14,340.5","1,074",--,"15,726",--
6920,レーザーテック,PTS(X),信用返済売,６ヵ月,特定,2025/06/04,2025/06/06,100,"14,340","1,073",--,"16,927",--
6920,レーザーテック,PTS(X),信用返済売,６ヵ月,特定,2025/06/04,2025/06/06,200,"14,352.1",179,--,"-5,619",--
6920,レーザーテック,PTS(X),信用返済売,６ヵ月,特定,2025/06/04,2025/06/06,100,"14,340","1,074",--,"15,636",--
6920,レーザーテック,PTS(X),信用返済売,６ヵ月,特定,2025/06/04,2025/06/06,100,"14,352.1",89,--,"-2,819",--
7014,名村造船所,東証,信用返済売,６ヵ月,特定,2025/06/04,2025/06/06,500,"2,277",70,--,"6,430",--
7014,名村造船所,東証,信用返済売,６ヵ月,特定,2025/06/04,2025/06/06,"1,500","2,273",212,--,"13,288",--
7014,名村造船所,東証,信用返済売,６ヵ月,特定,2025/06/04,2025/06/06,100,"2,372",14,--,"3,316",--
7014,名村造船所,東証,信用返済売,６ヵ月,特定,2025/06/04,2025/06/06,300,"2,372",43,--,"9,977",--
7014,名村造船所,東証,信用返済売,６ヵ月,特定,2025/06/04,2025/06/06,300,"2,277",42,--,"4,158",--
7014,名村造船所,東証,信用返済売,６ヵ月,特定,2025/06/04,2025/06/06,200,"2,277",28,--,"2,372",--
7014,名村造船所,東証,信用返済売,６ヵ月,特定,2025/06/04,2025/06/06,600,"2,277",84,--,"7,716",--
7014,名村造船所,東証,信用返済売,６ヵ月,特定,2025/06/04,2025/06/06,100,"2,277",14,--,"1,386",--
7014,名村造船所,東証,信用返済売,６ヵ月,特定,2025/06/04,2025/06/06,200,"2,371",29,--,"6,371",--
7014,名村造船所,PTS(X),信用返済売,６ヵ月,特定,2025/06/04,2025/06/06,200,"2,277",28,--,"2,792",--
7014,名村造船所,PTS(J),信用返済売,６ヵ月,特定,2025/06/04,2025/06/06,100,"2,277",14,--,"1,426",--
7014,名村造船所,PTS(X),信用返済売,６ヵ月,特定,2025/06/04,2025/06/06,100,"2,277.3",14,--,"1,316",--
7014,名村造船所,PTS(O),信用返済売,６ヵ月,特定,2025/06/04,2025/06/06,100,"2,277",14,--,"1,396",--
7014,名村造船所,PTS(X),信用返済売,６ヵ月,特定,2025/06/04,2025/06/06,200,"2,277",28,--,"2,772",--
7014,名村造船所,PTS(X),信用返済売,６ヵ月,特定,2025/06/04,2025/06/06,100,"2,277",14,--,"1,416",--
7014,名村造船所,PTS(X),信用返済売,６ヵ月,特定,2025/06/04,2025/06/06,100,"2,277.1",14,--,"1,296",--
7014,名村造船所,PTS(X),信用返済売,６ヵ月,特定,2025/06/04,2025/06/06,100,"2,372.1",14,--,"3,356",--
7014,名村造船所,PTS(X),信用返済売,６ヵ月,特定,2025/06/04,2025/06/06,500,"2,279.3",70,--,"7,580",--
7014,名村造船所,PTS(O),信用返済売,６ヵ月,特定,2025/06/04,2025/06/06,100,"2,372.1",14,--,"3,346",--
7014,名村造船所,PTS(O),信用返済売,６ヵ月,特定,2025/06/04,2025/06/06,100,"2,277",14,--,"1,406",--
7014,名村造船所,PTS(O),信用返済売,６ヵ月,特定,2025/06/04,2025/06/06,100,"2,277",14,--,"1,286",--
7014,名村造船所,PTS(O),信用返済売,６ヵ月,特定,2025/06/04,2025/06/06,100,"2,277",14,--,"1,386",--
7014,名村造船所,東証,信用返済売,６ヵ月,特定,2025/06/04,2025/06/06,200,"2,372",29,--,"6,591",--
7014,名村造船所,東証,信用返済売,６ヵ月,特定,2025/06/04,2025/06/06,100,"2,277",14,--,"1,396",--
8136,サンリオ,東証,信用返済売,６ヵ月,特定,2025/06/04,2025/06/06,500,"6,761",209,--,"18,791",--
8136,サンリオ,東証,信用返済売,６ヵ月,特定,2025/06/04,2025/06/06,400,"6,746",169,--,"-10,569",--
8136,サンリオ,東証,信用返済売,６ヵ月,特定,2025/06/04,2025/06/06,100,"6,746",42,--,"-2,642",--
8136,サンリオ,PTS(O),信用返済売,６ヵ月,特定,2025/06/04,2025/06/06,100,"6,746.3",41,--,"2,289",--
8136,サンリオ,PTS(X),信用返済売,６ヵ月,特定,2025/06/04,2025/06/06,200,"6,746.3",84,--,"-5,224",--
8136,サンリオ,PTS(O),信用返済売,６ヵ月,特定,2025/06/04,2025/06/06,100,"6,761.1",41,--,"3,779",--
8136,サンリオ,PTS(O),信用返済売,６ヵ月,特定,2025/06/04,2025/06/06,200,"6,761",83,--,"7,517",--
8136,サンリオ,PTS(O),信用返済売,６ヵ月,特定,2025/06/04,2025/06/06,100,"6,761.1",42,--,"3,768",--
8136,サンリオ,PTS(O),信用返済売,６ヵ月,特定,2025/06/04,2025/06/06,200,"6,746.1",84,--,"-5,264",--
4506,住友ファーマ,PTS(X),信用新規買,６ヵ月,特定,2025/06/04,2025/06/06,100,928.9,--,--,--,--
4506,住友ファーマ,PTS(O),信用新規買,６ヵ月,特定,2025/06/04,2025/06/06,300,928.8,--,--,--,--
4506,住友ファーマ,PTS(X),信用新規買,６ヵ月,特定,2025/06/04,2025/06/06,500,928.8,--,--,--,--
4506,住友ファーマ,PTS(O),信用新規買,６ヵ月,特定,2025/06/04,2025/06/06,100,928.9,--,--,--,--
5713,住友金属鉱山,東証,信用新規買,６ヵ月,特定,2025/06/04,2025/06/06,100,"3,374",--,--,--,--
5713,住友金属鉱山,PTS(O),信用新規買,６ヵ月,特定,2025/06/04,2025/06/06,100,"3,371.9",--,--,--,--
5713,住友金属鉱山,東証,信用新規買,６ヵ月,特定,2025/06/04,2025/06/06,400,"3,372",--,--,--,--
5713,住友金属鉱山,東証,信用新規買,６ヵ月,特定,2025/06/04,2025/06/06,"1,200","3,373",--,--,--,--
5713,住友金属鉱山,PTS(X),信用新規買,６ヵ月,特定,2025/06/04,2025/06/06,100,"3,372",--,--,--,--
5713,住友金属鉱山,PTS(O),信用新規買,６ヵ月,特定,2025/06/04,2025/06/06,100,"3,372",--,--,--,--
6016,ジャパンエンジンコーポレーション,東証,信用新規買,６ヵ月,特定,2025/06/04,2025/06/06,400,"4,690",--,--,--,--
6369,トーヨーカネツ,PTS(X),信用新規買,６ヵ月,特定,2025/06/04,2025/06/06,100,"3,819",--,--,--,--
6857,アドバンテスト,PTS(J),信用新規買,６ヵ月,特定,2025/06/04,2025/06/06,100,"7,490.9",--,--,--,--
6857,アドバンテスト,PTS(O),信用新規買,６ヵ月,特定,2025/06/04,2025/06/06,100,"7,490.4",--,--,--,--
6857,アドバンテスト,PTS(J),信用新規買,６ヵ月,特定,2025/06/04,2025/06/06,100,"7,490.8",--,--,--,--
6857,アドバンテスト,PTS(X),信用新規買,６ヵ月,特定,2025/06/04,2025/06/06,200,"7,490.9",--,--,--,--
6857,アドバンテスト,PTS(X),信用新規買,６ヵ月,特定,2025/06/04,2025/06/06,100,"7,561.9",--,--,--,--
6857,アドバンテスト,PTS(O),信用新規買,６ヵ月,特定,2025/06/04,2025/06/06,200,"7,491",--,--,--,--
6857,アドバンテスト,PTS(O),信用新規買,６ヵ月,特定,2025/06/04,2025/06/06,200,"7,490.9",--,--,--,--
6857,アドバンテスト,PTS(X),信用新規買,６ヵ月,特定,2025/06/04,2025/06/06,300,"7,561.8",--,--,--,--
6857,アドバンテスト,PTS(X),信用新規買,６ヵ月,特定,2025/06/04,2025/06/06,100,"7,490.7",--,--,--,--
6857,アドバンテスト,東証,信用新規買,６ヵ月,特定,2025/06/04,2025/06/06,700,"7,492",--,--,--,--
6857,アドバンテスト,東証,信用新規買,６ヵ月,特定,2025/06/04,2025/06/06,300,"7,491",--,--,--,--
6857,アドバンテスト,東証,信用新規買,６ヵ月,特定,2025/06/04,2025/06/06,100,"7,562",--,--,--,--
6920,レーザーテック,PTS(X),信用新規買,６ヵ月,特定,2025/06/04,2025/06/06,200,"14,379.3",--,--,--,--
6920,レーザーテック,PTS(X),信用新規買,６ヵ月,特定,2025/06/04,2025/06/06,100,"14,379.4",--,--,--,--
7014,名村造船所,東証,信用新規買,６ヵ月,特定,2025/06/04,2025/06/06,"1,200","2,339",--,--,--,--
7014,名村造船所,東証,信用新規買,６ヵ月,特定,2025/06/04,2025/06/06,"3,400","2,264",--,--,--,--
7014,名村造船所,東証,信用新規買,６ヵ月,特定,2025/06/04,2025/06/06,700,"2,263",--,--,--,--
7014,名村造船所,東証,信用新規買,６ヵ月,特定,2025/06/04,2025/06/06,200,"2,265",--,--,--,--
7014,名村造船所,PTS(X),信用新規買,６ヵ月,特定,2025/06/04,2025/06/06,200,"2,338.9",--,--,--,--
7014,名村造船所,PTS(X),信用新規買,６ヵ月,特定,2025/06/04,2025/06/06,400,"2,262.9",--,--,--,--
7014,名村造船所,PTS(J),信用新規買,６ヵ月,特定,2025/06/04,2025/06/06,100,"2,338.7",--,--,--,--
7014,名村造船所,PTS(X),信用新規買,６ヵ月,特定,2025/06/04,2025/06/06,100,"2,262.8",--,--,--,--
7014,名村造船所,PTS(O),信用新規買,６ヵ月,特定,2025/06/04,2025/06/06,100,"2,262.6",--,--,--,--
7014,名村造船所,PTS(O),信用新規買,６ヵ月,特定,2025/06/04,2025/06/06,100,"2,262.7",--,--,--,--
7014,名村造船所,PTS(X),信用新規買,６ヵ月,特定,2025/06/04,2025/06/06,300,"2,338.6",--,--,--,--
7014,名村造船所,PTS(O),信用新規買,６ヵ月,特定,2025/06/04,2025/06/06,100,"2,338.4",--,--,--,--
7014,名村造船所,PTS(X),信用新規買,６ヵ月,特定,2025/06/04,2025/06/06,100,"2,338.5",--,--,--,--
8078,阪和興業,PTS(X),信用新規買,６ヵ月,特定,2025/06/04,2025/06/06,100,"5,306",--,--,--,--
8136,サンリオ,PTS(X),信用新規買,６ヵ月,特定,2025/06/04,2025/06/06,400,"6,772",--,--,--,--
8136,サンリオ,PTS(X),信用新規買,６ヵ月,特定,2025/06/04,2025/06/06,100,"6,723",--,--,--,--
8136,サンリオ,PTS(O),信用新規買,６ヵ月,特定,2025/06/04,2025/06/06,100,"6,722.9",--,--,--,--
8136,サンリオ,東証,信用新規買,６ヵ月,特定,2025/06/04,2025/06/06,800,"6,723",--,--,--,--
8136,サンリオ,東証,信用新規買,６ヵ月,特定,2025/06/04,2025/06/06,500,"6,772",--,--,--,--
8150,三信電気,東証,信用新規買,無期限,特定,2025/06/04,2025/06/06,500,"2,296",--,--,--,--
9301,三菱倉庫,PTS(O),信用新規買,６ヵ月,特定,2025/06/04,2025/06/06,100,"1,166.8",--,--,--,--
9301,三菱倉庫,PTS(O),信用新規買,６ヵ月,特定,2025/06/04,2025/06/06,200,"1,164.4",--,--,--,--
9301,三菱倉庫,PTS(X),信用新規買,６ヵ月,特定,2025/06/04,2025/06/06,100,"1,166.8",--,--,--,--
9301,三菱倉庫,PTS(X),信用新規買,６ヵ月,特定,2025/06/04,2025/06/06,300,"1,164.4",--,--,--,--
9301,三菱倉庫,PTS(J),信用新規買,６ヵ月,特定,2025/06/04,2025/06/06,100,"1,166.9",--,--,--,--
9301,三菱倉庫,PTS(X),信用新規買,６ヵ月,特定,2025/06/04,2025/06/06,100,"1,166.9",--,--,--,--
9301,三菱倉庫,東証,信用新規買,６ヵ月,特定,2025/06/04,2025/06/06,"1,400","1,167",--,--,--,--
9301,三菱倉庫,PTS(J),信用新規買,６ヵ月,特定,2025/06/04,2025/06/06,100,"1,164.4",--,--,--,--
9301,三菱倉庫,PTS(X),信用新規買,６ヵ月,特定,2025/06/04,2025/06/06,100,"1,164.5",--,--,--,--
9301,三菱倉庫,PTS(O),信用新規買,６ヵ月,特定,2025/06/04,2025/06/06,200,"1,166.9",--,--,--,--
9301,三菱倉庫,PTS(O),信用新規買,６ヵ月,特定,2025/06/04,2025/06/06,300,"1,164.3",--,--,--,--
9304,澁澤倉庫,PTS(X),信用新規買,６ヵ月,特定,2025/06/04,2025/06/06,100,"3,889.5",--,--,--,--
2413,エムスリー,PTS(O),信用返済売,６ヵ月,特定,2025/06/03,2025/06/05,100,"2,168.3",13,--,"-2,333",--
2413,エムスリー,東証,信用返済売,６ヵ月,特定,2025/06/03,2025/06/05,200,"2,168",27,--,"-4,667",--
2413,エムスリー,PTS(O),信用返済売,６ヵ月,特定,2025/06/03,2025/06/05,100,"2,168.2",13,--,"-2,333",--
2413,エムスリー,PTS(X),信用返済売,６ヵ月,特定,2025/06/03,2025/06/05,100,"2,168.1",13,--,"-2,333",--
2413,エムスリー,PTS(X),信用返済売,６ヵ月,特定,2025/06/03,2025/06/05,200,"2,168.3",27,--,"-4,547",--
2413,エムスリー,東証,信用返済売,６ヵ月,特定,2025/06/03,2025/06/05,100,"2,168",13,--,"-2,313",--
2413,エムスリー,PTS(X),信用返済売,６ヵ月,特定,2025/06/03,2025/06/05,100,"2,168",13,--,"-2,353",--
2413,エムスリー,PTS(O),信用返済売,６ヵ月,特定,2025/06/03,2025/06/05,100,"2,168.2",13,--,"-2,333",--
6146,ディスコ,PTS(O),信用返済売,６ヵ月,特定,2025/06/03,2025/06/05,100,"32,774",205,--,"-9,805",--
6857,アドバンテスト,東証,信用返済売,６ヵ月,特定,2025/06/03,2025/06/05,300,"7,287",137,--,"-16,337",--
6857,アドバンテスト,東証,信用返済売,６ヵ月,特定,2025/06/03,2025/06/05,300,"7,288",137,--,"-16,037",--
7012,川崎重工業,PTS(O),信用返済売,６ヵ月,特定,2025/06/03,2025/06/05,100,"10,725.5",67,--,"-2,267",--
7012,川崎重工業,PTS(X),信用返済売,６ヵ月,特定,2025/06/03,2025/06/05,200,"10,725.5",134,--,"-4,534",--
2413,エムスリー,PTS(O),信用新規買,６ヵ月,特定,2025/06/03,2025/06/05,200,"2,190.9",--,--,--,--
2413,エムスリー,PTS(X),信用新規買,６ヵ月,特定,2025/06/03,2025/06/05,200,"2,191.2",--,--,--,--
2413,エムスリー,PTS(O),信用新規買,６ヵ月,特定,2025/06/03,2025/06/05,100,"2,191",--,--,--,--
2413,エムスリー,PTS(X),信用新規買,６ヵ月,特定,2025/06/03,2025/06/05,100,"2,191.4",--,--,--,--
2413,エムスリー,PTS(X),信用新規買,６ヵ月,特定,2025/06/03,2025/06/05,100,"2,191.5",--,--,--,--
2413,エムスリー,PTS(O),信用新規買,６ヵ月,特定,2025/06/03,2025/06/05,200,"2,191.4",--,--,--,--
2413,エムスリー,PTS(X),信用新規買,６ヵ月,特定,2025/06/03,2025/06/05,100,"2,191.3",--,--,--,--
6146,ディスコ,東証,信用新規買,６ヵ月,特定,2025/06/03,2025/06/05,100,"32,870",--,--,--,--
6857,アドバンテスト,東証,信用新規買,６ヵ月,特定,2025/06/03,2025/06/05,600,"7,341",--,--,--,--
7012,川崎重工業,PTS(O),信用新規買,６ヵ月,特定,2025/06/03,2025/06/05,100,"10,747.5",--,--,--,--
7012,川崎重工業,PTS(X),信用新規買,６ヵ月,特定,2025/06/03,2025/06/05,200,"10,747.5",--,--,--,--
5105,ＴＯＹＯ　ＴＩＲＥ,PTS(X),信用返済売,６ヵ月,特定,2025/06/02,2025/06/04,100,"3,018.4",18,--,"-1,478",--
5105,ＴＯＹＯ　ＴＩＲＥ,東証,信用返済売,６ヵ月,特定,2025/06/02,2025/06/04,600,"3,018",114,--,"-15,714",--
5105,ＴＯＹＯ　ＴＩＲＥ,PTS(J),信用返済売,６ヵ月,特定,2025/06/02,2025/06/04,100,"3,018.1",18,--,"-1,508",--
5105,ＴＯＹＯ　ＴＩＲＥ,PTS(O),信用返済売,６ヵ月,特定,2025/06/02,2025/06/04,100,"3,018.1",19,--,"-2,409",--
5105,ＴＯＹＯ　ＴＩＲＥ,PTS(X),信用返済売,６ヵ月,特定,2025/06/02,2025/06/04,100,"3,018.5",18,--,"-1,468",--
5105,ＴＯＹＯ　ＴＩＲＥ,PTS(J),信用返済売,６ヵ月,特定,2025/06/02,2025/06/04,100,"3,018.2",18,--,"-1,398",--
5105,ＴＯＹＯ　ＴＩＲＥ,PTS(O),信用返済売,６ヵ月,特定,2025/06/02,2025/06/04,100,"3,018.1",18,--,"-1,508",--
5105,ＴＯＹＯ　ＴＩＲＥ,東証,信用返済売,６ヵ月,特定,2025/06/02,2025/06/04,100,"3,018",19,--,"-2,519",--
5105,ＴＯＹＯ　ＴＩＲＥ,PTS(O),信用返済売,６ヵ月,特定,2025/06/02,2025/06/04,100,"3,018.1",18,--,"-2,308",--
5105,ＴＯＹＯ　ＴＩＲＥ,PTS(O),信用返済売,６ヵ月,特定,2025/06/02,2025/06/04,100,"3,018.4",18,--,"-1,378",--
5105,ＴＯＹＯ　ＴＩＲＥ,PTS(X),信用返済売,６ヵ月,特定,2025/06/02,2025/06/04,100,"3,018.1",19,--,"-2,409",--
5105,ＴＯＹＯ　ＴＩＲＥ,PTS(X),信用返済売,６ヵ月,特定,2025/06/02,2025/06/04,100,"3,018.6",18,--,"-1,358",--
6857,アドバンテスト,東証,信用返済売,６ヵ月,特定,2025/06/02,2025/06/04,100,"7,085",91,--,"-27,331",--
6857,アドバンテスト,東証,信用返済売,６ヵ月,特定,2025/06/02,2025/06/04,100,"7,085",91,--,"-27,331",--
6857,アドバンテスト,東証,信用返済売,６ヵ月,特定,2025/06/02,2025/06/04,100,"7,085",44,--,"-4,204",--
6857,アドバンテスト,東証,信用返済売,６ヵ月,特定,2025/06/02,2025/06/04,300,"7,085",135,--,"-37,245",--
6920,レーザーテック,PTS(O),信用返済売,無期限,特定,2025/06/02,2025/06/04,100,"14,271.1",81,--,"4,029",--
6920,レーザーテック,PTS(O),信用返済売,無期限,特定,2025/06/02,2025/06/04,100,"14,271.3",81,--,"4,049",--
6920,レーザーテック,PTS(X),信用返済売,無期限,特定,2025/06/02,2025/06/04,100,"14,257",83,--,"-33,883",--
8795,Ｔ＆Ｄホールディングス,PTS(O),信用返済売,６ヵ月,特定,2025/06/02,2025/06/04,100,"3,452",21,--,"-4,001",--
8795,Ｔ＆Ｄホールディングス,東証,信用返済売,６ヵ月,特定,2025/06/02,2025/06/04,200,"3,452",43,--,"-8,023",--
8795,Ｔ＆Ｄホールディングス,PTS(O),信用返済売,６ヵ月,特定,2025/06/02,2025/06/04,100,"3,452.1",21,--,"-3,991",--
8795,Ｔ＆Ｄホールディングス,東証,信用返済売,６ヵ月,特定,2025/06/02,2025/06/04,100,"3,451",21,--,"-4,221",--
8795,Ｔ＆Ｄホールディングス,PTS(X),信用返済売,６ヵ月,特定,2025/06/02,2025/06/04,300,"3,452",65,--,"-12,005",--
8795,Ｔ＆Ｄホールディングス,東証,信用返済売,６ヵ月,特定,2025/06/02,2025/06/04,100,"3,452",21,--,"-4,011",--
5105,ＴＯＹＯ　ＴＩＲＥ,東証,信用新規買,６ヵ月,特定,2025/06/02,2025/06/04,100,"3,043",--,--,--,--
5105,ＴＯＹＯ　ＴＩＲＥ,東証,信用新規買,６ヵ月,特定,2025/06/02,2025/06/04,300,"3,032",--,--,--,--
5105,ＴＯＹＯ　ＴＩＲＥ,東証,信用新規買,６ヵ月,特定,2025/06/02,2025/06/04,600,"3,044",--,--,--,--
5105,ＴＯＹＯ　ＴＩＲＥ,東証,信用新規買,６ヵ月,特定,2025/06/02,2025/06/04,200,"3,042",--,--,--,--
5105,ＴＯＹＯ　ＴＩＲＥ,東証,信用新規買,６ヵ月,特定,2025/06/02,2025/06/04,400,"3,033",--,--,--,--
5105,ＴＯＹＯ　ＴＩＲＥ,東証,信用新規買,６ヵ月,特定,2025/06/02,2025/06/04,100,"3,041",--,--,--,--
6201,豊田自動織機,PTS(X),信用新規買,６ヵ月,特定,2025/06/02,2025/06/04,100,"18,139.5",--,--,--,--
6857,アドバンテスト,PTS(O),信用新規買,６ヵ月,特定,2025/06/02,2025/06/04,100,"7,126.6",--,--,--,--
6857,アドバンテスト,PTS(X),信用新規買,６ヵ月,特定,2025/06/02,2025/06/04,300,"7,208.7",--,--,--,--
6920,レーザーテック,東証,信用新規買,無期限,特定,2025/06/02,2025/06/04,100,"14,595",--,--,--,--
6920,レーザーテック,東証,信用新規買,無期限,特定,2025/06/02,2025/06/04,200,"14,230",--,--,--,--
8795,Ｔ＆Ｄホールディングス,PTS(O),信用新規買,６ヵ月,特定,2025/06/02,2025/06/04,100,"3,491.8",--,--,--,--
8795,Ｔ＆Ｄホールディングス,PTS(O),信用新規買,６ヵ月,特定,2025/06/02,2025/06/04,100,"3,491.9",--,--,--,--
8795,Ｔ＆Ｄホールディングス,PTS(X),信用新規買,６ヵ月,特定,2025/06/02,2025/06/04,400,"3,491.8",--,--,--,--
8795,Ｔ＆Ｄホールディングス,PTS(X),信用新規買,６ヵ月,特定,2025/06/02,2025/06/04,200,"3,491.9",--,--,--,--
8795,Ｔ＆Ｄホールディングス,東証,信用新規買,６ヵ月,特定,2025/06/02,2025/06/04,100,"3,493",--,--,--,--
6857,アドバンテスト,東証,信用返済売,６ヵ月,特定,2025/05/30,2025/06/03,100,"7,330",93,--,"-14,213",--
6857,アドバンテスト,PTS(O),信用返済売,６ヵ月,特定,2025/05/30,2025/06/03,100,"7,330.1",296,--,"22,504",--
6857,アドバンテスト,PTS(X),信用返済売,６ヵ月,特定,2025/05/30,2025/06/03,100,"7,330",296,--,"22,504",--
6857,アドバンテスト,東証,信用返済売,６ヵ月,特定,2025/05/30,2025/06/03,100,"7,330",46,--,"-4,746",--
6857,アドバンテスト,東証,信用返済売,６ヵ月,特定,2025/05/30,2025/06/03,100,"7,330",45,--,"-3,005",--
7203,トヨタ自動車,PTS(X),信用返済売,６ヵ月,特定,2025/05/30,2025/06/03,100,"2,757.1",16,--,"4,004",--
7203,トヨタ自動車,PTS(X),信用返済売,６ヵ月,特定,2025/05/30,2025/06/03,100,"2,757",16,--,"3,984",--
7203,トヨタ自動車,東証,信用返済売,６ヵ月,特定,2025/05/30,2025/06/03,100,"2,748.5",16,--,"3,164",--
7203,トヨタ自動車,東証,信用返済売,６ヵ月,特定,2025/05/30,2025/06/03,200,"2,748.5",33,--,"6,307",--
7203,トヨタ自動車,東証,信用返済売,６ヵ月,特定,2025/05/30,2025/06/03,100,"2,748.5",16,--,"3,154",--
7203,トヨタ自動車,東証,信用返済売,６ヵ月,特定,2025/05/30,2025/06/03,100,"2,748.5",16,--,"3,144",--
7203,トヨタ自動車,PTS(X),信用返済売,６ヵ月,特定,2025/05/30,2025/06/03,100,"2,757",16,--,"3,994",--
7203,トヨタ自動車,PTS(X),信用返済売,６ヵ月,特定,2025/05/30,2025/06/03,600,"2,757",101,--,"23,959",--
6857,アドバンテスト,PTS(O),信用新規買,６ヵ月,特定,2025/05/30,2025/06/03,100,"7,357.4",--,--,--,--
6857,アドバンテスト,PTS(O),信用新規買,６ヵ月,特定,2025/05/30,2025/06/03,100,"7,359.6",--,--,--,--
6857,アドバンテスト,PTS(X),信用新規買,６ヵ月,特定,2025/05/30,2025/06/03,100,"7,377",--,--,--,--
6857,アドバンテスト,PTS(X),信用新規買,６ヵ月,特定,2025/05/30,2025/06/03,100,"7,357.4",--,--,--,--
7203,トヨタ自動車,PTS(O),信用新規買,６ヵ月,特定,2025/05/30,2025/06/03,200,"2,716.8",--,--,--,--
7203,トヨタ自動車,PTS(X),信用新規買,６ヵ月,特定,2025/05/30,2025/06/03,100,"2,716.7",--,--,--,--
7203,トヨタ自動車,PTS(O),信用新規買,６ヵ月,特定,2025/05/30,2025/06/03,200,"2,716.9",--,--,--,--
7203,トヨタ自動車,PTS(X),信用新規買,６ヵ月,特定,2025/05/30,2025/06/03,100,"2,717",--,--,--,--
7203,トヨタ自動車,PTS(X),信用新規買,６ヵ月,特定,2025/05/30,2025/06/03,600,"2,716.9",--,--,--,--
7203,トヨタ自動車,PTS(O),信用新規買,６ヵ月,特定,2025/05/30,2025/06/03,100,"2,716.9",--,--,--,--
7203,トヨタ自動車,PTS(X),信用新規買,６ヵ月,特定,2025/05/30,2025/06/03,100,"2,716.8",--,--,--,--
6146,ディスコ,東証,信用返済売,６ヵ月,特定,2025/05/29,2025/06/02,100,"34,780",218,--,"-14,218",--
6146,ディスコ,PTS(X),信用新規買,６ヵ月,特定,2025/05/29,2025/06/02,100,"34,920",--,--,--,--
6857,アドバンテスト,PTS(O),信用新規買,６ヵ月,特定,2025/05/29,2025/06/02,100,"7,471.2",--,--,--,--
4631,ＤＩＣ,東証,信用返済売,６ヵ月,特定,2025/05/28,2025/05/30,200,"2,963",45,--,"1,575",--
4631,ＤＩＣ,東証,信用返済売,６ヵ月,特定,2025/05/28,2025/05/30,100,"2,963",22,--,778,--
6135,牧野フライス製作所,東証,信用返済売,６ヵ月,特定,2025/05/28,2025/05/30,100,"11,400",760,--,"148,240",--
6201,豊田自動織機,PTS(X),信用返済売,６ヵ月,特定,2025/05/28,2025/05/30,100,"17,825",421,--,"-47,921",--
6201,豊田自動織機,東証,信用返済売,６ヵ月,特定,2025/05/28,2025/05/30,100,"17,860",685,--,"-2,185",--
6201,豊田自動織機,東証,信用返済売,６ヵ月,特定,2025/05/28,2025/05/30,100,"17,825",685,--,"-5,685",--
8078,阪和興業,PTS(X),信用返済売,６ヵ月,特定,2025/05/28,2025/05/30,100,"5,273",158,--,"10,142",--
9304,澁澤倉庫,東証,信用返済売,６ヵ月,特定,2025/05/28,2025/05/30,100,"3,885",116,--,"7,884",--
4631,ＤＩＣ,PTS(X),信用新規買,６ヵ月,特定,2025/05/28,2025/05/30,100,"2,955",--,--,--,--
4631,ＤＩＣ,PTS(O),信用新規買,６ヵ月,特定,2025/05/28,2025/05/30,200,"2,954.9",--,--,--,--
6201,豊田自動織機,東証,信用新規買,６ヵ月,特定,2025/05/28,2025/05/30,200,"17,785",--,--,--,--
6201,豊田自動織機,東証,信用新規買,６ヵ月,特定,2025/05/28,2025/05/30,100,"17,840",--,--,--,--
6201,豊田自動織機,東証,信用新規買,６ヵ月,特定,2025/05/28,2025/05/30,100,"17,830",--,--,--,--
7012,川崎重工業,PTS(X),信用新規売,６ヵ月,特定,2025/05/27,2025/05/29,100,"9,886",--,--,--,--
7012,川崎重工業,PTS(X),信用新規売,６ヵ月,特定,2025/05/27,2025/05/29,100,"9,896.6",--,--,--,--
2160,ジーエヌアイグループ,PTS(O),信用返済売,６ヵ月,特定,2025/05/27,2025/05/29,100,"3,873",29,--,"-3,429",--
2160,ジーエヌアイグループ,PTS(O),信用返済売,６ヵ月,特定,2025/05/27,2025/05/29,100,"3,874.5",29,--,"-3,329",--
2160,ジーエヌアイグループ,PTS(O),信用返済売,６ヵ月,特定,2025/05/27,2025/05/29,100,"3,872.5",29,--,"-3,479",--
2160,ジーエヌアイグループ,東証,信用返済売,６ヵ月,特定,2025/05/27,2025/05/29,200,"3,930",59,--,"7,941",--
6857,アドバンテスト,東証,信用返済売,６ヵ月,特定,2025/05/27,2025/05/29,200,"7,039",211,--,"30,129",--
6857,アドバンテスト,東証,信用返済売,６ヵ月,特定,2025/05/27,2025/05/29,200,"7,141",107,--,"21,893",--
6857,アドバンテスト,東証,信用返済売,６ヵ月,特定,2025/05/27,2025/05/29,100,"7,039",54,--,-124,--
6857,アドバンテスト,東証,信用返済売,６ヵ月,特定,2025/05/27,2025/05/29,100,"7,141",54,--,"3,836",--
6857,アドバンテスト,東証,信用返済売,６ヵ月,特定,2025/05/27,2025/05/29,100,"7,039",54,--,-134,--
6857,アドバンテスト,PTS(X),信用返済売,６ヵ月,特定,2025/05/27,2025/05/29,100,"7,103",53,--,"7,247",--
6857,アドバンテスト,東証,信用返済売,６ヵ月,特定,2025/05/27,2025/05/29,200,"7,103",107,--,"14,293",--
2160,ジーエヌアイグループ,PTS(X),信用新規買,６ヵ月,特定,2025/05/27,2025/05/29,100,"3,907",--,--,--,--
2160,ジーエヌアイグループ,PTS(O),信用新規買,６ヵ月,特定,2025/05/27,2025/05/29,100,"3,907",--,--,--,--
2160,ジーエヌアイグループ,東証,信用新規買,６ヵ月,特定,2025/05/27,2025/05/29,200,"3,890",--,--,--,--
2160,ジーエヌアイグループ,PTS(X),信用新規買,６ヵ月,特定,2025/05/27,2025/05/29,100,"3,907.5",--,--,--,--
6857,アドバンテスト,PTS(O),信用新規買,６ヵ月,特定,2025/05/27,2025/05/29,100,"7,039.7",--,--,--,--
6857,アドバンテスト,PTS(X),信用新規買,６ヵ月,特定,2025/05/27,2025/05/29,100,"7,039.8",--,--,--,--
6857,アドバンテスト,PTS(O),信用新規買,６ヵ月,特定,2025/05/27,2025/05/29,200,"7,102.1",--,--,--,--
6857,アドバンテスト,東証,信用新規買,６ヵ月,特定,2025/05/27,2025/05/29,100,"7,030",--,--,--,--
6857,アドバンテスト,東証,信用新規買,６ヵ月,特定,2025/05/27,2025/05/29,400,"7,031",--,--,--,--
6857,アドバンテスト,PTS(O),信用新規買,６ヵ月,特定,2025/05/27,2025/05/29,100,"7,102",--,--,--,--
7012,川崎重工業,PTS(X),信用返済買,６ヵ月,特定,2025/05/27,2025/05/29,100,"9,881.7",29,--,"1,461",--
7012,川崎重工業,PTS(X),信用返済買,６ヵ月,特定,2025/05/27,2025/05/29,100,"9,882",29,--,371,--
6201,豊田自動織機,東証,信用返済売,６ヵ月,特定,2025/05/26,2025/05/28,100,"18,300",279,--,"4,971",--
6857,アドバンテスト,東証,信用返済売,６ヵ月,特定,2025/05/26,2025/05/28,100,"7,101",52,--,"22,878",--
6201,豊田自動織機,東証,信用新規買,６ヵ月,特定,2025/05/26,2025/05/28,100,"18,300",--,--,--,--
6857,アドバンテスト,PTS(O),信用新規買,６ヵ月,特定,2025/05/26,2025/05/28,100,"6,871.7",--,--,--,--
6857,アドバンテスト,PTS(X),信用新規買,６ヵ月,特定,2025/05/26,2025/05/28,200,"6,887.3",--,--,--,--
6146,ディスコ,PTS(X),信用返済売,６ヵ月,特定,2025/05/23,2025/05/27,100,"33,350.9","1,858",--,"-127,768",--
6857,アドバンテスト,PTS(X),信用返済売,６ヵ月,特定,2025/05/23,2025/05/27,200,"6,904.2",105,--,"4,535",--
6857,アドバンテスト,PTS(X),信用返済売,６ヵ月,特定,2025/05/23,2025/05/27,100,"6,904.2",52,--,"3,178",--
6920,レーザーテック,PTS(X),信用返済売,６ヵ月,特定,2025/05/23,2025/05/27,100,"14,172.2",754,--,"10,966",--
6920,レーザーテック,PTS(O),信用返済売,６ヵ月,特定,2025/05/23,2025/05/27,100,"14,172.2",754,--,"10,966",--
7011,三菱重工業,東証,信用返済売,６ヵ月,特定,2025/05/23,2025/05/27,100,"3,182",23,--,"6,877",--
7011,三菱重工業,PTS(X),信用返済売,６ヵ月,特定,2025/05/23,2025/05/27,100,"3,182.1",23,--,"6,887",--
7011,三菱重工業,PTS(X),信用返済売,６ヵ月,特定,2025/05/23,2025/05/27,100,"3,189.4",23,--,"7,717",--
7011,三菱重工業,PTS(X),信用返済売,６ヵ月,特定,2025/05/23,2025/05/27,100,"3,182.1",23,--,"6,987",--
7011,三菱重工業,PTS(X),信用返済売,６ヵ月,特定,2025/05/23,2025/05/27,200,"3,189.4",47,--,"15,433",--
6201,豊田自動織機,PTS(X),信用新規買,６ヵ月,特定,2025/05/23,2025/05/27,100,"18,247.5",--,--,--,--
6857,アドバンテスト,PTS(O),信用新規買,６ヵ月,特定,2025/05/23,2025/05/27,100,"6,871.9",--,--,--,--
6857,アドバンテスト,東証,信用新規買,６ヵ月,特定,2025/05/23,2025/05/27,200,"6,881",--,--,--,--
6920,レーザーテック,PTS(O),信用新規買,６ヵ月,特定,2025/05/23,2025/05/27,100,"14,172.5",--,--,--,--
6920,レーザーテック,PTS(O),信用新規買,６ヵ月,特定,2025/05/23,2025/05/27,100,"14,172.9",--,--,--,--
6920,レーザーテック,東証,信用新規買,６ヵ月,特定,2025/05/23,2025/05/27,100,"14,160",--,--,--,--
7011,三菱重工業,PTS(X),信用新規買,６ヵ月,特定,2025/05/23,2025/05/27,200,"3,112",--,--,--,--
7011,三菱重工業,東証,信用新規買,６ヵ月,特定,2025/05/23,2025/05/27,200,"3,112",--,--,--,--
7011,三菱重工業,東証,信用新規買,６ヵ月,特定,2025/05/23,2025/05/27,200,"3,113",--,--,--,--
8078,阪和興業,東証,信用新規買,６ヵ月,特定,2025/05/23,2025/05/27,100,"5,170",--,--,--,--
9304,澁澤倉庫,東証,信用新規買,６ヵ月,特定,2025/05/23,2025/05/27,100,"3,805",--,--,--,--
6369,トーヨーカネツ,PTS(X),信用返済売,６ヵ月,特定,2025/05/22,2025/05/26,100,"3,692.5",408,--,"13,492",--
6857,アドバンテスト,東証,信用返済売,６ヵ月,特定,2025/05/22,2025/05/26,200,"6,790",104,--,"-6,684",--
6857,アドバンテスト,東証,信用返済売,６ヵ月,特定,2025/05/22,2025/05/26,100,"6,790",52,--,"-1,152",--
6857,アドバンテスト,PTS(O),信用返済売,６ヵ月,特定,2025/05/22,2025/05/26,100,"6,790.1",52,--,-242,--
6857,アドバンテスト,PTS(X),信用返済売,６ヵ月,特定,2025/05/22,2025/05/26,100,"6,790",52,--,-152,--
6857,アドバンテスト,東証,信用返済売,６ヵ月,特定,2025/05/22,2025/05/26,100,"6,790",52,--,-252,--
6989,北陸電気工業,PTS(X),信用返済売,６ヵ月,特定,2025/05/22,2025/05/26,100,"1,889.6",182,--,88,--
8078,阪和興業,東証,信用返済売,６ヵ月,特定,2025/05/22,2025/05/26,100,"5,170",546,--,"41,504",--
9304,澁澤倉庫,東証,信用返済売,６ヵ月,特定,2025/05/22,2025/05/26,100,"3,800",356,--,"47,244",--
6201,豊田自動織機,東証,信用新規買,６ヵ月,特定,2025/05/22,2025/05/26,200,"17,875",--,--,--,--
6857,アドバンテスト,PTS(O),信用新規買,６ヵ月,特定,2025/05/22,2025/05/26,200,"6,822.9",--,--,--,--
6857,アドバンテスト,PTS(X),信用新規買,６ヵ月,特定,2025/05/22,2025/05/26,100,"6,801",--,--,--,--
6857,アドバンテスト,東証,信用新規買,６ヵ月,特定,2025/05/22,2025/05/26,200,"6,792",--,--,--,--
6857,アドバンテスト,東証,信用新規買,６ヵ月,特定,2025/05/22,2025/05/26,100,"6,791",--,--,--,--
3086,Ｊ．フロント　リテイリング,東証,信用返済買,６ヵ月,特定,2025/05/22,2025/05/26,100,"2,141.5",89,--,"4,011",--
3086,Ｊ．フロント　リテイリング,東証,信用返済買,６ヵ月,特定,2025/05/22,2025/05/26,200,"2,142",178,--,"7,922",--
3086,Ｊ．フロント　リテイリング,PTS(J),信用返済買,６ヵ月,特定,2025/05/22,2025/05/26,100,"2,141.3",106,--,"5,384",--
3086,Ｊ．フロント　リテイリング,PTS(X),信用返済買,６ヵ月,特定,2025/05/22,2025/05/26,100,"2,141.1",106,--,"5,384",--
3086,Ｊ．フロント　リテイリング,PTS(O),信用返済買,６ヵ月,特定,2025/05/22,2025/05/26,100,"2,141",106,--,"5,404",--
3086,Ｊ．フロント　リテイリング,PTS(O),信用返済買,６ヵ月,特定,2025/05/22,2025/05/26,100,"2,141.2",89,--,"4,041",--
3086,Ｊ．フロント　リテイリング,PTS(X),信用返済買,６ヵ月,特定,2025/05/22,2025/05/26,100,"2,141.4",89,--,"4,021",--
3086,Ｊ．フロント　リテイリング,PTS(X),信用返済買,６ヵ月,特定,2025/05/22,2025/05/26,100,"2,141.1",106,--,"5,394",--
3086,Ｊ．フロント　リテイリング,PTS(J),信用返済買,６ヵ月,特定,2025/05/22,2025/05/26,100,"2,141.2",106,--,"5,424",--
6723,ルネサスエレクトロニクス,PTS(X),信用新規売,６ヵ月,特定,2025/05/21,2025/05/23,100,"1,801.2",--,--,--,--
6723,ルネサスエレクトロニクス,PTS(O),信用新規売,６ヵ月,特定,2025/05/21,2025/05/23,100,"1,801.2",--,--,--,--
6723,ルネサスエレクトロニクス,PTS(O),信用新規売,６ヵ月,特定,2025/05/21,2025/05/23,100,"1,804.7",--,--,--,--
6723,ルネサスエレクトロニクス,PTS(X),信用新規売,６ヵ月,特定,2025/05/21,2025/05/23,100,"1,804.7",--,--,--,--
6723,ルネサスエレクトロニクス,PTS(X),信用新規売,６ヵ月,特定,2025/05/21,2025/05/23,100,"1,804.6",--,--,--,--
6723,ルネサスエレクトロニクス,PTS(X),信用新規売,６ヵ月,特定,2025/05/21,2025/05/23,100,"1,771.5",--,--,--,--
6723,ルネサスエレクトロニクス,PTS(O),信用新規売,６ヵ月,特定,2025/05/21,2025/05/23,100,"1,771.5",--,--,--,--
6723,ルネサスエレクトロニクス,PTS(X),信用新規売,６ヵ月,特定,2025/05/21,2025/05/23,200,"1,771.6",--,--,--,--
6723,ルネサスエレクトロニクス,PTS(X),信用新規売,６ヵ月,特定,2025/05/21,2025/05/23,400,"1,752.1",--,--,--,--
6723,ルネサスエレクトロニクス,PTS(X),信用新規売,６ヵ月,特定,2025/05/21,2025/05/23,400,"1,752.2",--,--,--,--
6723,ルネサスエレクトロニクス,PTS(X),信用新規売,６ヵ月,特定,2025/05/21,2025/05/23,100,"1,752.2",--,--,--,--
6723,ルネサスエレクトロニクス,PTS(X),信用新規売,６ヵ月,特定,2025/05/21,2025/05/23,100,"1,771.2",--,--,--,--
6723,ルネサスエレクトロニクス,PTS(X),信用新規売,６ヵ月,特定,2025/05/21,2025/05/23,100,"1,752.2",--,--,--,--
6723,ルネサスエレクトロニクス,PTS(X),信用新規売,６ヵ月,特定,2025/05/21,2025/05/23,100,"1,752.9",--,--,--,--
6723,ルネサスエレクトロニクス,PTS(O),信用新規売,６ヵ月,特定,2025/05/21,2025/05/23,100,"1,801",--,--,--,--
6723,ルネサスエレクトロニクス,PTS(X),信用新規売,６ヵ月,特定,2025/05/21,2025/05/23,100,"1,752.9",--,--,--,--
6723,ルネサスエレクトロニクス,PTS(X),信用新規売,６ヵ月,特定,2025/05/21,2025/05/23,100,"1,752.3",--,--,--,--
6723,ルネサスエレクトロニクス,PTS(X),信用新規売,６ヵ月,特定,2025/05/21,2025/05/23,100,"1,752.3",--,--,--,--
6723,ルネサスエレクトロニクス,PTS(X),信用新規売,６ヵ月,特定,2025/05/21,2025/05/23,600,"1,801.1",--,--,--,--
6723,ルネサスエレクトロニクス,PTS(X),信用新規売,６ヵ月,特定,2025/05/21,2025/05/23,300,"1,752",--,--,--,--
6723,ルネサスエレクトロニクス,PTS(X),信用新規売,６ヵ月,特定,2025/05/21,2025/05/23,600,"1,752.1",--,--,--,--
6723,ルネサスエレクトロニクス,PTS(X),信用新規売,６ヵ月,特定,2025/05/21,2025/05/23,300,"1,752.1",--,--,--,--
6723,ルネサスエレクトロニクス,PTS(O),信用新規売,６ヵ月,特定,2025/05/21,2025/05/23,100,"1,752.4",--,--,--,--
6723,ルネサスエレクトロニクス,東証,信用新規売,６ヵ月,特定,2025/05/21,2025/05/23,100,"1,752",--,--,--,--
6723,ルネサスエレクトロニクス,東証,信用新規売,６ヵ月,特定,2025/05/21,2025/05/23,400,"1,801",--,--,--,--
6723,ルネサスエレクトロニクス,東証,信用新規売,６ヵ月,特定,2025/05/21,2025/05/23,100,"1,800.5",--,--,--,--
6723,ルネサスエレクトロニクス,PTS(X),信用新規売,６ヵ月,特定,2025/05/21,2025/05/23,100,"1,801.3",--,--,--,--
6723,ルネサスエレクトロニクス,PTS(O),信用新規売,６ヵ月,特定,2025/05/21,2025/05/23,200,"1,771.6",--,--,--,--
6723,ルネサスエレクトロニクス,PTS(X),信用新規売,６ヵ月,特定,2025/05/21,2025/05/23,100,"1,753.2",--,--,--,--
6723,ルネサスエレクトロニクス,PTS(X),信用新規売,６ヵ月,特定,2025/05/21,2025/05/23,100,"1,753.5",--,--,--,--
6723,ルネサスエレクトロニクス,PTS(X),信用新規売,６ヵ月,特定,2025/05/21,2025/05/23,300,"1,771.1",--,--,--,--
6723,ルネサスエレクトロニクス,PTS(X),信用新規売,６ヵ月,特定,2025/05/21,2025/05/23,100,"1,752",--,--,--,--
6723,ルネサスエレクトロニクス,PTS(O),信用新規売,６ヵ月,特定,2025/05/21,2025/05/23,100,"1,801.3",--,--,--,--
6723,ルネサスエレクトロニクス,PTS(O),信用新規売,６ヵ月,特定,2025/05/21,2025/05/23,200,"1,752.1",--,--,--,--
6723,ルネサスエレクトロニクス,PTS(X),信用新規売,６ヵ月,特定,2025/05/21,2025/05/23,100,"1,801",--,--,--,--
6857,アドバンテスト,PTS(X),信用新規売,６ヵ月,特定,2025/05/21,2025/05/23,100,"7,032.6",--,--,--,--
6857,アドバンテスト,PTS(O),信用新規売,６ヵ月,特定,2025/05/21,2025/05/23,100,"7,032.4",--,--,--,--
6857,アドバンテスト,PTS(O),信用新規売,６ヵ月,特定,2025/05/21,2025/05/23,100,"7,032.3",--,--,--,--
6146,ディスコ,PTS(X),信用返済売,６ヵ月,特定,2025/05/21,2025/05/23,100,"33,810",260,--,"-19,230",--
6857,アドバンテスト,PTS(X),信用返済売,６ヵ月,特定,2025/05/21,2025/05/23,300,"7,158.8",165,--,"-6,195",--
6857,アドバンテスト,PTS(X),信用返済売,６ヵ月,特定,2025/05/21,2025/05/23,200,"7,158.7",110,--,"-5,630",--
6146,ディスコ,PTS(X),信用新規買,６ヵ月,特定,2025/05/21,2025/05/23,100,"33,999.7",--,--,--,--
6857,アドバンテスト,PTS(X),信用新規買,６ヵ月,特定,2025/05/21,2025/05/23,200,"7,186.3",--,--,--,--
6857,アドバンテスト,PTS(X),信用新規買,６ヵ月,特定,2025/05/21,2025/05/23,300,"7,178.9",--,--,--,--
6723,ルネサスエレクトロニクス,PTS(X),信用返済買,６ヵ月,特定,2025/05/21,2025/05/23,200,"1,753.4",10,--,-270,--
6723,ルネサスエレクトロニクス,PTS(X),信用返済買,６ヵ月,特定,2025/05/21,2025/05/23,400,"1,753.4",21,--,-541,--
6723,ルネサスエレクトロニクス,PTS(X),信用返済買,６ヵ月,特定,2025/05/21,2025/05/23,300,"1,753.4",15,--,-405,--
6723,ルネサスエレクトロニクス,PTS(X),信用返済買,６ヵ月,特定,2025/05/21,2025/05/23,100,"1,781.4",5,--,"1,965",--
6723,ルネサスエレクトロニクス,PTS(X),信用返済買,６ヵ月,特定,2025/05/21,2025/05/23,100,"1,781.3",5,--,"1,965",--
6723,ルネサスエレクトロニクス,PTS(X),信用返済買,６ヵ月,特定,2025/05/21,2025/05/23,100,"1,778.4",5,--,"2,275",--
6723,ルネサスエレクトロニクス,PTS(X),信用返済買,６ヵ月,特定,2025/05/21,2025/05/23,100,"1,753.4",5,--,-145,--
6723,ルネサスエレクトロニクス,PTS(X),信用返済買,６ヵ月,特定,2025/05/21,2025/05/23,100,"1,753.4",5,--,-125,--
6723,ルネサスエレクトロニクス,PTS(O),信用返済買,６ヵ月,特定,2025/05/21,2025/05/23,100,"1,753.3",5,--,-135,--
6723,ルネサスエレクトロニクス,東証,信用返済買,６ヵ月,特定,2025/05/21,2025/05/23,100,"1,753.5",5,--,-125,--
6723,ルネサスエレクトロニクス,PTS(X),信用返済買,６ヵ月,特定,2025/05/21,2025/05/23,100,"1,753.3",5,--,-125,--
6723,ルネサスエレクトロニクス,PTS(X),信用返済買,６ヵ月,特定,2025/05/21,2025/05/23,100,"1,778.3",5,--,"2,635",--
6723,ルネサスエレクトロニクス,東証,信用返済買,６ヵ月,特定,2025/05/21,2025/05/23,100,"1,800.5",5,--,"-2,905",--
6723,ルネサスエレクトロニクス,東証,信用返済買,６ヵ月,特定,2025/05/21,2025/05/23,100,"1,800.5",5,--,"-2,905",--
6723,ルネサスエレクトロニクス,東証,信用返済買,６ヵ月,特定,2025/05/21,2025/05/23,100,"1,753.5",5,--,-135,--
6723,ルネサスエレクトロニクス,東証,信用返済買,６ヵ月,特定,2025/05/21,2025/05/23,100,"1,753.5",5,--,-135,--
6723,ルネサスエレクトロニクス,東証,信用返済買,６ヵ月,特定,2025/05/21,2025/05/23,300,"1,753.5",15,--,-405,--
6723,ルネサスエレクトロニクス,東証,信用返済買,６ヵ月,特定,2025/05/21,2025/05/23,500,"1,781.5",27,--,"9,773",--
6723,ルネサスエレクトロニクス,東証,信用返済買,６ヵ月,特定,2025/05/21,2025/05/23,100,"1,753.5",5,--,-125,--
6723,ルネサスエレクトロニクス,PTS(X),信用返済買,６ヵ月,特定,2025/05/21,2025/05/23,100,"1,753.3",5,--,-125,--
6723,ルネサスエレクトロニクス,東証,信用返済買,６ヵ月,特定,2025/05/21,2025/05/23,100,"1,753.5",5,--,-115,--
6723,ルネサスエレクトロニクス,東証,信用返済買,６ヵ月,特定,2025/05/21,2025/05/23,100,"1,800.5",5,--,"-2,935",--
6723,ルネサスエレクトロニクス,東証,信用返済買,６ヵ月,特定,2025/05/21,2025/05/23,200,"1,800.5",10,--,"-5,790",--
6723,ルネサスエレクトロニクス,PTS(X),信用返済買,６ヵ月,特定,2025/05/21,2025/05/23,200,"1,800.5",10,--,"-5,790",--
6723,ルネサスエレクトロニクス,PTS(X),信用返済買,６ヵ月,特定,2025/05/21,2025/05/23,400,"1,778.4",21,--,"9,019",--
6723,ルネサスエレクトロニクス,PTS(X),信用返済買,６ヵ月,特定,2025/05/21,2025/05/23,100,"1,753.4",5,--,-145,--
6723,ルネサスエレクトロニクス,PTS(X),信用返済買,６ヵ月,特定,2025/05/21,2025/05/23,100,"1,753.4",5,--,-145,--
6723,ルネサスエレクトロニクス,PTS(O),信用返済買,６ヵ月,特定,2025/05/21,2025/05/23,100,"1,753.3",5,--,-125,--
6723,ルネサスエレクトロニクス,PTS(O),信用返済買,６ヵ月,特定,2025/05/21,2025/05/23,100,"1,800.4",5,--,"-2,935",--
6723,ルネサスエレクトロニクス,PTS(X),信用返済買,６ヵ月,特定,2025/05/21,2025/05/23,100,"1,754.3",5,--,-85,--
6723,ルネサスエレクトロニクス,PTS(X),信用返済買,６ヵ月,特定,2025/05/21,2025/05/23,100,"1,753.3",5,--,-135,--
6723,ルネサスエレクトロニクス,PTS(X),信用返済買,６ヵ月,特定,2025/05/21,2025/05/23,100,"1,781.4",5,--,"1,975",--
6723,ルネサスエレクトロニクス,PTS(X),信用返済買,６ヵ月,特定,2025/05/21,2025/05/23,100,"1,778.4",5,--,"2,285",--
6723,ルネサスエレクトロニクス,PTS(X),信用返済買,６ヵ月,特定,2025/05/21,2025/05/23,100,"1,778.4",5,--,"2,285",--
6723,ルネサスエレクトロニクス,PTS(X),信用返済買,６ヵ月,特定,2025/05/21,2025/05/23,100,"1,781.5",5,--,"1,895",--
6723,ルネサスエレクトロニクス,PTS(X),信用返済買,６ヵ月,特定,2025/05/21,2025/05/23,100,"1,754.3",5,--,-145,--
6723,ルネサスエレクトロニクス,PTS(X),信用返済買,６ヵ月,特定,2025/05/21,2025/05/23,100,"1,754.3",5,--,-145,--
6723,ルネサスエレクトロニクス,PTS(X),信用返済買,６ヵ月,特定,2025/05/21,2025/05/23,100,"1,778.3",5,--,"2,625",--
6723,ルネサスエレクトロニクス,PTS(X),信用返済買,６ヵ月,特定,2025/05/21,2025/05/23,200,"1,800.4",10,--,"-5,870",--
6723,ルネサスエレクトロニクス,PTS(X),信用返済買,６ヵ月,特定,2025/05/21,2025/05/23,100,"1,781.4",5,--,"1,955",--
6723,ルネサスエレクトロニクス,PTS(X),信用返済買,６ヵ月,特定,2025/05/21,2025/05/23,100,"1,754.3",5,--,-115,--
6723,ルネサスエレクトロニクス,PTS(X),信用返済買,６ヵ月,特定,2025/05/21,2025/05/23,100,"1,753.5",5,--,-145,--
6723,ルネサスエレクトロニクス,PTS(X),信用返済買,６ヵ月,特定,2025/05/21,2025/05/23,100,"1,753.5",5,--,-145,--
6723,ルネサスエレクトロニクス,PTS(O),信用返済買,６ヵ月,特定,2025/05/21,2025/05/23,100,"1,753.4",5,--,-135,--
6723,ルネサスエレクトロニクス,PTS(X),信用返済買,６ヵ月,特定,2025/05/21,2025/05/23,100,"1,778.3",5,--,"2,635",--
6857,アドバンテスト,PTS(X),信用返済買,６ヵ月,特定,2025/05/21,2025/05/23,100,"7,034.8",21,--,-271,--
6857,アドバンテスト,PTS(X),信用返済買,６ヵ月,特定,2025/05/21,2025/05/23,100,"7,034.9",21,--,-271,--
6857,アドバンテスト,PTS(X),信用返済買,６ヵ月,特定,2025/05/21,2025/05/23,100,"7,034.9",21,--,-251,--
3475,グッドコムアセット,PTS(X),現物売,--,旧NISA,2025/05/20,2025/05/22,100,"1,203.3",--,--,"120,330",--
4208,ＵＢＥ,PTS(X),信用返済売,６ヵ月,特定,2025/05/20,2025/05/22,100,"2,257.3",17,--,"-2,137",--
4208,ＵＢＥ,PTS(X),信用返済売,６ヵ月,特定,2025/05/20,2025/05/22,100,"2,257.2",17,--,"-2,147",--
4208,ＵＢＥ,PTS(X),信用返済売,６ヵ月,特定,2025/05/20,2025/05/22,100,"2,257.5",17,--,"-2,117",--
4208,ＵＢＥ,PTS(X),信用返済売,６ヵ月,特定,2025/05/20,2025/05/22,100,"2,257.1",17,--,"-2,147",--
4208,ＵＢＥ,PTS(O),信用返済売,６ヵ月,特定,2025/05/20,2025/05/22,100,"2,257.5",17,--,"-2,057",--
4911,資生堂,PTS(O),信用返済売,６ヵ月,特定,2025/05/20,2025/05/22,100,"2,376.8",18,--,532,--
4911,資生堂,PTS(X),信用返済売,６ヵ月,特定,2025/05/20,2025/05/22,100,"2,376.8",18,--,532,--
4911,資生堂,PTS(X),信用返済売,６ヵ月,特定,2025/05/20,2025/05/22,100,"2,376.9",18,--,532,--
6095,メドピア,PTS(X),信用返済売,６ヵ月,特定,2025/05/20,2025/05/22,300,711.1,16,--,14,--
6095,メドピア,PTS(X),信用返済売,６ヵ月,特定,2025/05/20,2025/05/22,200,711.3,10,--,50,--
6095,メドピア,PTS(O),信用返済売,６ヵ月,特定,2025/05/20,2025/05/22,100,711.5,5,--,45,--
6095,メドピア,PTS(X),信用返済売,６ヵ月,特定,2025/05/20,2025/05/22,400,711.2,21,--,59,--
6135,牧野フライス製作所,東証,信用返済売,６ヵ月,特定,2025/05/20,2025/05/22,100,"9,920",152,--,848,--
6857,アドバンテスト,PTS(X),信用返済売,６ヵ月,特定,2025/05/20,2025/05/22,200,"7,313",111,--,"9,229",--
7011,三菱重工業,PTS(X),信用返済売,６ヵ月,特定,2025/05/20,2025/05/22,100,"2,992",22,--,-212,--
7011,三菱重工業,PTS(O),信用返済売,６ヵ月,特定,2025/05/20,2025/05/22,100,"2,992",22,--,-202,--
7011,三菱重工業,PTS(X),信用返済売,６ヵ月,特定,2025/05/20,2025/05/22,100,"2,992",22,--,-222,--
7011,三菱重工業,PTS(X),信用返済売,６ヵ月,特定,2025/05/20,2025/05/22,200,"2,991.9",45,--,-465,--
4208,ＵＢＥ,PTS(X),信用新規買,６ヵ月,特定,2025/05/20,2025/05/22,100,"2,278.5",--,--,--,--
4208,ＵＢＥ,PTS(O),信用新規買,６ヵ月,特定,2025/05/20,2025/05/22,100,"2,277.9",--,--,--,--
4208,ＵＢＥ,PTS(X),信用新規買,６ヵ月,特定,2025/05/20,2025/05/22,100,"2,278.4",--,--,--,--
4208,ＵＢＥ,東証,信用新規買,６ヵ月,特定,2025/05/20,2025/05/22,200,"2,278.5",--,--,--,--
4911,資生堂,PTS(X),信用新規買,６ヵ月,特定,2025/05/20,2025/05/22,100,"2,371.4",--,--,--,--
4911,資生堂,PTS(X),信用新規買,６ヵ月,特定,2025/05/20,2025/05/22,200,"2,371.3",--,--,--,--
6095,メドピア,東証,信用新規買,６ヵ月,特定,2025/05/20,2025/05/22,"1,000",711,--,--,--,--
6201,豊田自動織機,東証,信用新規買,６ヵ月,特定,2025/05/20,2025/05/22,300,"17,720",--,--,--,--
6857,アドバンテスト,PTS(X),信用新規買,６ヵ月,特定,2025/05/20,2025/05/22,200,"7,266.3",--,--,--,--
7011,三菱重工業,東証,信用新規買,６ヵ月,特定,2025/05/20,2025/05/22,300,"2,994",--,--,--,--
7011,三菱重工業,PTS(X),信用新規買,６ヵ月,特定,2025/05/20,2025/05/22,100,"2,993.8",--,--,--,--
7011,三菱重工業,PTS(J),信用新規買,６ヵ月,特定,2025/05/20,2025/05/22,100,"2,993.9",--,--,--,--
3086,Ｊ．フロント　リテイリング,PTS(O),信用返済買,６ヵ月,特定,2025/05/20,2025/05/22,100,"2,102.2",39,--,"9,391",--
3086,Ｊ．フロント　リテイリング,PTS(O),信用返済買,６ヵ月,特定,2025/05/20,2025/05/22,100,"2,102.3",39,--,"9,381",--
3086,Ｊ．フロント　リテイリング,PTS(X),信用返済買,６ヵ月,特定,2025/05/20,2025/05/22,100,"2,102.3",39,--,"9,381",--
3086,Ｊ．フロント　リテイリング,PTS(X),信用返済買,６ヵ月,特定,2025/05/20,2025/05/22,100,"2,102.4",39,--,"9,371",--
3086,Ｊ．フロント　リテイリング,PTS(X),信用返済買,６ヵ月,特定,2025/05/20,2025/05/22,100,"2,102.2",39,--,"9,381",--
3086,Ｊ．フロント　リテイリング,東証,信用新規売,６ヵ月,特定,2025/05/19,2025/05/21,500,"2,182.5",--,--,--,--
3086,Ｊ．フロント　リテイリング,東証,信用新規売,６ヵ月,特定,2025/05/19,2025/05/21,300,"2,200",--,--,--,--
3086,Ｊ．フロント　リテイリング,東証,信用新規売,６ヵ月,特定,2025/05/19,2025/05/21,100,"2,200.5",--,--,--,--
3086,Ｊ．フロント　リテイリング,東証,信用新規売,６ヵ月,特定,2025/05/19,2025/05/21,600,"2,271",--,--,--,--
3086,Ｊ．フロント　リテイリング,PTS(O),信用新規売,６ヵ月,特定,2025/05/19,2025/05/21,200,"2,271.4",--,--,--,--
3086,Ｊ．フロント　リテイリング,PTS(X),信用新規売,６ヵ月,特定,2025/05/19,2025/05/21,200,"2,271.6",--,--,--,--
3086,Ｊ．フロント　リテイリング,PTS(X),信用新規売,６ヵ月,特定,2025/05/19,2025/05/21,100,"2,200.6",--,--,--,--
3086,Ｊ．フロント　リテイリング,PTS(O),信用新規売,６ヵ月,特定,2025/05/19,2025/05/21,400,"2,200.6",--,--,--,--
3086,Ｊ．フロント　リテイリング,PTS(X),信用新規売,６ヵ月,特定,2025/05/19,2025/05/21,100,"2,200.5",--,--,--,--
6920,レーザーテック,PTS(X),信用新規売,６ヵ月,特定,2025/05/19,2025/05/21,200,"14,142.6",--,--,--,--
6920,レーザーテック,PTS(X),信用新規売,６ヵ月,特定,2025/05/19,2025/05/21,200,"14,141.2",--,--,--,--
6920,レーザーテック,PTS(X),信用新規売,６ヵ月,特定,2025/05/19,2025/05/21,200,"14,140.2",--,--,--,--
6920,レーザーテック,PTS(X),信用新規売,６ヵ月,特定,2025/05/19,2025/05/21,100,"14,135.9",--,--,--,--
4676,フジ・メディア・ホールディングス,PTS(O),信用返済売,６ヵ月,特定,2025/05/19,2025/05/21,100,"3,159",24,--,-204,--
4676,フジ・メディア・ホールディングス,PTS(X),信用返済売,６ヵ月,特定,2025/05/19,2025/05/21,100,"3,152.3",24,--,-474,--
4676,フジ・メディア・ホールディングス,PTS(X),信用返済売,６ヵ月,特定,2025/05/19,2025/05/21,100,"3,158.2",24,--,-404,--
4676,フジ・メディア・ホールディングス,PTS(X),信用返済売,６ヵ月,特定,2025/05/19,2025/05/21,100,"3,158.9",24,--,-204,--
4676,フジ・メディア・ホールディングス,PTS(X),信用返済売,６ヵ月,特定,2025/05/19,2025/05/21,100,"3,158.8",24,--,-304,--
4676,フジ・メディア・ホールディングス,東証,信用返済売,６ヵ月,特定,2025/05/19,2025/05/21,200,"2,949",90,--,190,--
4676,フジ・メディア・ホールディングス,東証,信用返済売,６ヵ月,特定,2025/05/19,2025/05/21,"1,100","3,157",266,--,"-5,766",--
4676,フジ・メディア・ホールディングス,東証,信用返済売,６ヵ月,特定,2025/05/19,2025/05/21,800,"3,158",194,--,"-3,394",--
4676,フジ・メディア・ホールディングス,PTS(O),信用返済売,６ヵ月,特定,2025/05/19,2025/05/21,100,"2,949.1",45,--,95,--
4676,フジ・メディア・ホールディングス,PTS(X),信用返済売,６ヵ月,特定,2025/05/19,2025/05/21,100,"2,949.5",45,--,265,--
4676,フジ・メディア・ホールディングス,PTS(X),信用返済売,６ヵ月,特定,2025/05/19,2025/05/21,100,"2,949",45,--,-645,--
4676,フジ・メディア・ホールディングス,PTS(X),信用返済売,６ヵ月,特定,2025/05/19,2025/05/21,200,"2,949.6",90,--,550,--
4676,フジ・メディア・ホールディングス,PTS(X),信用返済売,６ヵ月,特定,2025/05/19,2025/05/21,100,"2,949.1",45,--,185,--
4676,フジ・メディア・ホールディングス,PTS(O),信用返済売,６ヵ月,特定,2025/05/19,2025/05/21,100,"2,949.2",45,--,225,--
4676,フジ・メディア・ホールディングス,PTS(O),信用返済売,６ヵ月,特定,2025/05/19,2025/05/21,100,"2,949.3",45,--,245,--
4676,フジ・メディア・ホールディングス,PTS(X),信用返済売,６ヵ月,特定,2025/05/19,2025/05/21,100,"3,158.9",24,--,-244,--
4676,フジ・メディア・ホールディングス,PTS(X),信用返済売,６ヵ月,特定,2025/05/19,2025/05/21,100,"3,152.3",23,--,"4,907",--
4676,フジ・メディア・ホールディングス,PTS(J),信用返済売,６ヵ月,特定,2025/05/19,2025/05/21,100,"3,158.1",24,--,-324,--
4676,フジ・メディア・ホールディングス,PTS(X),信用返済売,６ヵ月,特定,2025/05/19,2025/05/21,100,"3,152.4",23,--,"4,927",--
4676,フジ・メディア・ホールディングス,PTS(X),信用返済売,６ヵ月,特定,2025/05/19,2025/05/21,100,"3,152.5",23,--,"5,077",--
4676,フジ・メディア・ホールディングス,PTS(J),信用返済売,６ヵ月,特定,2025/05/19,2025/05/21,100,"3,158.2",24,--,-284,--
4676,フジ・メディア・ホールディングス,PTS(O),信用返済売,６ヵ月,特定,2025/05/19,2025/05/21,100,"3,158.6",24,--,-364,--
4676,フジ・メディア・ホールディングス,PTS(O),信用返済売,６ヵ月,特定,2025/05/19,2025/05/21,100,"3,158.9",24,--,-254,--
4676,フジ・メディア・ホールディングス,PTS(O),信用返済売,６ヵ月,特定,2025/05/19,2025/05/21,100,"3,152.4",23,--,"5,437",--
4676,フジ・メディア・ホールディングス,PTS(X),信用返済売,６ヵ月,特定,2025/05/19,2025/05/21,100,"3,152.5",23,--,"5,447",--
4676,フジ・メディア・ホールディングス,PTS(X),信用返済売,６ヵ月,特定,2025/05/19,2025/05/21,100,"3,158.8",24,--,-334,--
4676,フジ・メディア・ホールディングス,PTS(X),信用返済売,６ヵ月,特定,2025/05/19,2025/05/21,100,"3,158.8",24,--,-344,--
6135,牧野フライス製作所,PTS(X),信用返済売,６ヵ月,特定,2025/05/19,2025/05/21,100,"9,609",626,--,"52,274",--
6135,牧野フライス製作所,PTS(X),信用返済売,６ヵ月,特定,2025/05/19,2025/05/21,100,"9,852",76,--,"-5,876",--
6135,牧野フライス製作所,PTS(X),信用返済売,６ヵ月,特定,2025/05/19,2025/05/21,100,"9,853",75,--,"5,225",--
6146,ディスコ,PTS(O),信用返済売,６ヵ月,特定,2025/05/19,2025/05/21,100,"34,593.2",265,--,385,--
6146,ディスコ,PTS(X),信用返済売,６ヵ月,特定,2025/05/19,2025/05/21,100,"34,590.8",265,--,165,--
6146,ディスコ,PTS(X),信用返済売,６ヵ月,特定,2025/05/19,2025/05/21,100,"34,590.8",265,--,135,--
6146,ディスコ,東証,信用返済売,６ヵ月,特定,2025/05/19,2025/05/21,100,"34,480",267,--,"-44,667",--
6146,ディスコ,PTS(X),信用返済売,６ヵ月,特定,2025/05/19,2025/05/21,100,"34,937.1",268,--,"-2,458",--
6857,アドバンテスト,東証,信用返済売,６ヵ月,特定,2025/05/19,2025/05/21,100,"7,108",55,--,"-10,355",--
6857,アドバンテスト,東証,信用返済売,６ヵ月,特定,2025/05/19,2025/05/21,100,"7,109",55,--,"-10,255",--
6857,アドバンテスト,PTS(X),信用返済売,６ヵ月,特定,2025/05/19,2025/05/21,100,"7,137.5",55,--,"-7,405",--
6920,レーザーテック,東証,信用返済売,６ヵ月,特定,2025/05/19,2025/05/21,100,"14,120",227,--,"-73,207",--
6920,レーザーテック,東証,信用返済売,６ヵ月,特定,2025/05/19,2025/05/21,100,"14,120",227,--,"-73,217",--
6920,レーザーテック,東証,信用返済売,６ヵ月,特定,2025/05/19,2025/05/21,100,"14,120",110,--,"-32,340",--
6920,レーザーテック,PTS(X),信用返済売,６ヵ月,特定,2025/05/19,2025/05/21,100,"14,570.7",227,--,"-26,707",--
6920,レーザーテック,PTS(X),信用返済売,６ヵ月,特定,2025/05/19,2025/05/21,100,"14,225.5",110,--,"-21,510",--
4676,フジ・メディア・ホールディングス,PTS(X),信用新規買,６ヵ月,特定,2025/05/19,2025/05/21,100,"3,160.7",--,--,--,--
4676,フジ・メディア・ホールディングス,PTS(X),信用新規買,６ヵ月,特定,2025/05/19,2025/05/21,100,"3,161.2",--,--,--,--
4676,フジ・メディア・ホールディングス,PTS(X),信用新規買,６ヵ月,特定,2025/05/19,2025/05/21,100,"3,161.1",--,--,--,--
4676,フジ・メディア・ホールディングス,PTS(O),信用新規買,６ヵ月,特定,2025/05/19,2025/05/21,100,"3,097.8",--,--,--,--
4676,フジ・メディア・ホールディングス,PTS(O),信用新規買,６ヵ月,特定,2025/05/19,2025/05/21,100,"3,160.8",--,--,--,--
4676,フジ・メディア・ホールディングス,東証,信用新規買,６ヵ月,特定,2025/05/19,2025/05/21,"2,200","3,162",--,--,--,--
4676,フジ・メディア・ホールディングス,東証,信用新規買,６ヵ月,特定,2025/05/19,2025/05/21,100,"3,103",--,--,--,--
4676,フジ・メディア・ホールディングス,PTS(X),信用新規買,６ヵ月,特定,2025/05/19,2025/05/21,100,"3,160.8",--,--,--,--
4676,フジ・メディア・ホールディングス,PTS(J),信用新規買,６ヵ月,特定,2025/05/19,2025/05/21,100,"3,161.9",--,--,--,--
4676,フジ・メディア・ホールディングス,PTS(X),信用新規買,６ヵ月,特定,2025/05/19,2025/05/21,100,"3,161.6",--,--,--,--
4676,フジ・メディア・ホールディングス,PTS(O),信用新規買,６ヵ月,特定,2025/05/19,2025/05/21,100,"3,161.1",--,--,--,--
4676,フジ・メディア・ホールディングス,PTS(O),信用新規買,６ヵ月,特定,2025/05/19,2025/05/21,100,"3,101.5",--,--,--,--
4676,フジ・メディア・ホールディングス,PTS(X),信用新規買,６ヵ月,特定,2025/05/19,2025/05/21,100,"3,097.8",--,--,--,--
4676,フジ・メディア・ホールディングス,PTS(X),信用新規買,６ヵ月,特定,2025/05/19,2025/05/21,100,"3,102.9",--,--,--,--
4676,フジ・メディア・ホールディングス,PTS(X),信用新規買,６ヵ月,特定,2025/05/19,2025/05/21,100,"3,156.8",--,--,--,--
6135,牧野フライス製作所,東証,信用新規買,６ヵ月,特定,2025/05/19,2025/05/21,100,"9,800",--,--,--,--
6135,牧野フライス製作所,東証,信用新規買,６ヵ月,特定,2025/05/19,2025/05/21,100,"9,910",--,--,--,--
6135,牧野フライス製作所,東証,信用新規買,６ヵ月,特定,2025/05/19,2025/05/21,100,"9,910",--,--,--,--
6135,牧野フライス製作所,PTS(X),信用新規買,６ヵ月,特定,2025/05/19,2025/05/21,100,"9,910",--,--,--,--
6146,ディスコ,東証,信用新規買,６ヵ月,特定,2025/05/19,2025/05/21,100,"34,610",--,--,--,--
6146,ディスコ,PTS(X),信用新規買,６ヵ月,特定,2025/05/19,2025/05/21,100,"34,924",--,--,--,--
6146,ディスコ,PTS(O),信用新規買,６ヵ月,特定,2025/05/19,2025/05/21,100,"34,586.5",--,--,--,--
6146,ディスコ,PTS(X),信用新規買,６ヵ月,特定,2025/05/19,2025/05/21,100,"34,959",--,--,--,--
6146,ディスコ,PTS(X),信用新規買,６ヵ月,特定,2025/05/19,2025/05/21,100,"34,586.8",--,--,--,--
6146,ディスコ,PTS(O),信用新規買,６ヵ月,特定,2025/05/19,2025/05/21,100,"34,586.7",--,--,--,--
6857,アドバンテスト,PTS(X),信用新規買,６ヵ月,特定,2025/05/19,2025/05/21,300,"7,211",--,--,--,--
6920,レーザーテック,PTS(O),信用新規買,６ヵ月,特定,2025/05/19,2025/05/21,100,"14,442.3",--,--,--,--
6920,レーザーテック,PTS(X),信用新規買,６ヵ月,特定,2025/05/19,2025/05/21,100,"14,439.5",--,--,--,--
6920,レーザーテック,東証,信用新規買,６ヵ月,特定,2025/05/19,2025/05/21,200,"14,055",--,--,--,--
3086,Ｊ．フロント　リテイリング,PTS(X),信用返済買,６ヵ月,特定,2025/05/19,2025/05/21,200,"2,190.3",13,--,"2,047",--
3086,Ｊ．フロント　リテイリング,PTS(O),信用返済買,６ヵ月,特定,2025/05/19,2025/05/21,100,"2,189.9",6,--,"8,104",--
3086,Ｊ．フロント　リテイリング,東証,信用返済買,６ヵ月,特定,2025/05/19,2025/05/21,100,"2,190.5",6,--,"1,004",--
3086,Ｊ．フロント　リテイリング,東証,信用返済買,６ヵ月,特定,2025/05/19,2025/05/21,200,"2,190.5",13,--,"2,007",--
3086,Ｊ．フロント　リテイリング,東証,信用返済買,６ヵ月,特定,2025/05/19,2025/05/21,100,"2,190.5",6,--,994,--
3086,Ｊ．フロント　リテイリング,PTS(O),信用返済買,６ヵ月,特定,2025/05/19,2025/05/21,100,"2,189.6",6,--,"8,134",--
3086,Ｊ．フロント　リテイリング,東証,信用返済買,６ヵ月,特定,2025/05/19,2025/05/21,100,"2,190",6,--,"8,094",--
3086,Ｊ．フロント　リテイリング,PTS(X),信用返済買,６ヵ月,特定,2025/05/19,2025/05/21,100,"2,190.2",6,--,"1,024",--
3086,Ｊ．フロント　リテイリング,PTS(X),信用返済買,６ヵ月,特定,2025/05/19,2025/05/21,200,"2,190",13,--,"16,187",--
3086,Ｊ．フロント　リテイリング,PTS(X),信用返済買,６ヵ月,特定,2025/05/19,2025/05/21,300,"2,190.1",19,--,"2,951",--
3086,Ｊ．フロント　リテイリング,東証,信用返済買,６ヵ月,特定,2025/05/19,2025/05/21,200,"2,190",13,--,"16,307",--
3086,Ｊ．フロント　リテイリング,東証,信用返済買,６ヵ月,特定,2025/05/19,2025/05/21,200,"2,190",13,--,"16,267",--
3086,Ｊ．フロント　リテイリング,PTS(X),信用返済買,６ヵ月,特定,2025/05/19,2025/05/21,100,"2,189.6",6,--,"8,134",--
6920,レーザーテック,PTS(X),信用返済買,６ヵ月,特定,2025/05/19,2025/05/21,100,"14,134.6",42,--,518,--
6920,レーザーテック,PTS(X),信用返済買,６ヵ月,特定,2025/05/19,2025/05/21,100,"14,134.5",42,--,628,--
6920,レーザーテック,PTS(J),信用返済買,６ヵ月,特定,2025/05/19,2025/05/21,100,"14,134.5",42,--,628,--
6920,レーザーテック,PTS(X),信用返済買,６ヵ月,特定,2025/05/19,2025/05/21,200,"14,134.5",85,--,"1,535",--
6920,レーザーテック,PTS(X),信用返済買,６ヵ月,特定,2025/05/19,2025/05/21,100,"14,134.7",42,--,78,--
6920,レーザーテック,PTS(X),信用返済買,６ヵ月,特定,2025/05/19,2025/05/21,100,"14,134.7",42,--,508,--
2329,東北新社,PTS(J),現物売,--,特定,2025/05/16,2025/05/20,100,623,--,--,"62,300",--
2329,東北新社,PTS(J),現物売,--,特定,2025/05/16,2025/05/20,100,622.5,--,--,"62,250",--
2329,東北新社,PTS(J),現物売,--,特定,2025/05/16,2025/05/20,300,630,--,--,"189,000",--
3417,大木ヘルスケアホールディングス,PTS(J),現物売,--,特定,2025/05/16,2025/05/20,100,982.1,--,--,"98,210",--
3417,大木ヘルスケアホールディングス,PTS(J),現物売,--,特定,2025/05/16,2025/05/20,100,983,--,--,"98,300",--
3417,大木ヘルスケアホールディングス,PTS(J),現物売,--,特定,2025/05/16,2025/05/20,300,982,--,--,"294,600",--
7521,ムサシ,PTS(J),現物売,--,特定,2025/05/16,2025/05/20,100,"1,570",--,--,"157,000",--
7521,ムサシ,PTS(J),現物売,--,特定,2025/05/16,2025/05/20,100,"1,562",--,--,"156,200",--
7868,広済堂ホールディングス,PTS(X),現物売,--,特定,2025/05/16,2025/05/20,100,484.9,--,--,"48,490",--
7868,広済堂ホールディングス,PTS(O),現物売,--,特定,2025/05/16,2025/05/20,100,484.7,--,--,"48,470",--
7868,広済堂ホールディングス,PTS(X),現物売,--,特定,2025/05/16,2025/05/20,100,485,--,--,"48,500",--
7868,広済堂ホールディングス,PTS(X),現物売,--,特定,2025/05/16,2025/05/20,100,484.7,--,--,"48,470",--
7868,広済堂ホールディングス,PTS(O),現物売,--,特定,2025/05/16,2025/05/20,100,484.9,--,--,"48,490",--
3086,Ｊ．フロント　リテイリング,東証,信用新規売,６ヵ月,特定,2025/05/16,2025/05/20,300,"2,158",--,--,--,--
3086,Ｊ．フロント　リテイリング,東証,信用新規売,６ヵ月,特定,2025/05/16,2025/05/20,100,"2,177.5",--,--,--,--
3086,Ｊ．フロント　リテイリング,東証,信用新規売,６ヵ月,特定,2025/05/16,2025/05/20,100,"2,100.5",--,--,--,--
3086,Ｊ．フロント　リテイリング,東証,信用新規売,６ヵ月,特定,2025/05/16,2025/05/20,500,"2,099.5",--,--,--,--
3086,Ｊ．フロント　リテイリング,東証,信用新規売,６ヵ月,特定,2025/05/16,2025/05/20,500,"2,158.5",--,--,--,--
3086,Ｊ．フロント　リテイリング,PTS(X),信用新規売,６ヵ月,特定,2025/05/16,2025/05/20,200,"2,100.9",--,--,--,--
3086,Ｊ．フロント　リテイリング,PTS(X),信用新規売,６ヵ月,特定,2025/05/16,2025/05/20,100,"2,100.7",--,--,--,--
3086,Ｊ．フロント　リテイリング,PTS(O),信用新規売,６ヵ月,特定,2025/05/16,2025/05/20,300,"2,196.5",--,--,--,--
3086,Ｊ．フロント　リテイリング,PTS(O),信用新規売,６ヵ月,特定,2025/05/16,2025/05/20,200,"2,123",--,--,--,--
3086,Ｊ．フロント　リテイリング,PTS(X),信用新規売,６ヵ月,特定,2025/05/16,2025/05/20,100,"2,159",--,--,--,--
3086,Ｊ．フロント　リテイリング,PTS(X),信用新規売,６ヵ月,特定,2025/05/16,2025/05/20,200,"2,158.1",--,--,--,--
3086,Ｊ．フロント　リテイリング,PTS(X),信用新規売,６ヵ月,特定,2025/05/16,2025/05/20,100,"2,157.7",--,--,--,--
3086,Ｊ．フロント　リテイリング,PTS(X),信用新規売,６ヵ月,特定,2025/05/16,2025/05/20,100,"2,174",--,--,--,--
3086,Ｊ．フロント　リテイリング,PTS(O),信用新規売,６ヵ月,特定,2025/05/16,2025/05/20,100,"2,110.6",--,--,--,--
3086,Ｊ．フロント　リテイリング,PTS(J),信用新規売,６ヵ月,特定,2025/05/16,2025/05/20,100,"2,110.6",--,--,--,--
3086,Ｊ．フロント　リテイリング,PTS(X),信用新規売,６ヵ月,特定,2025/05/16,2025/05/20,100,"2,123",--,--,--,--
3086,Ｊ．フロント　リテイリング,PTS(X),信用新規売,６ヵ月,特定,2025/05/16,2025/05/20,100,"2,111.6",--,--,--,--
3086,Ｊ．フロント　リテイリング,PTS(X),信用新規売,６ヵ月,特定,2025/05/16,2025/05/20,200,"2,158.2",--,--,--,--
3086,Ｊ．フロント　リテイリング,PTS(X),信用新規売,６ヵ月,特定,2025/05/16,2025/05/20,100,"2,177.9",--,--,--,--
3086,Ｊ．フロント　リテイリング,PTS(O),信用新規売,６ヵ月,特定,2025/05/16,2025/05/20,100,"2,178.1",--,--,--,--
3086,Ｊ．フロント　リテイリング,PTS(X),信用新規売,６ヵ月,特定,2025/05/16,2025/05/20,100,"2,196.4",--,--,--,--
3086,Ｊ．フロント　リテイリング,PTS(X),信用新規売,６ヵ月,特定,2025/05/16,2025/05/20,100,"2,100.6",--,--,--,--
3086,Ｊ．フロント　リテイリング,PTS(X),信用新規売,６ヵ月,特定,2025/05/16,2025/05/20,100,"2,100.8",--,--,--,--
3086,Ｊ．フロント　リテイリング,PTS(X),信用新規売,６ヵ月,特定,2025/05/16,2025/05/20,100,"2,110.6",--,--,--,--
3086,Ｊ．フロント　リテイリング,PTS(O),信用新規売,６ヵ月,特定,2025/05/16,2025/05/20,100,"2,177.8",--,--,--,--
3086,Ｊ．フロント　リテイリング,PTS(X),信用新規売,６ヵ月,特定,2025/05/16,2025/05/20,100,"2,178",--,--,--,--
3086,Ｊ．フロント　リテイリング,PTS(X),信用新規売,６ヵ月,特定,2025/05/16,2025/05/20,100,"2,101",--,--,--,--
3086,Ｊ．フロント　リテイリング,PTS(X),信用新規売,６ヵ月,特定,2025/05/16,2025/05/20,200,"2,111.7",--,--,--,--
3086,Ｊ．フロント　リテイリング,PTS(X),信用新規売,６ヵ月,特定,2025/05/16,2025/05/20,100,"2,196.2",--,--,--,--
3086,Ｊ．フロント　リテイリング,PTS(X),信用新規売,６ヵ月,特定,2025/05/16,2025/05/20,200,"2,196.1",--,--,--,--
3086,Ｊ．フロント　リテイリング,PTS(X),信用新規売,６ヵ月,特定,2025/05/16,2025/05/20,200,"2,196.5",--,--,--,--
3086,Ｊ．フロント　リテイリング,PTS(O),信用新規売,６ヵ月,特定,2025/05/16,2025/05/20,200,"2,123.1",--,--,--,--
3086,Ｊ．フロント　リテイリング,PTS(X),信用新規売,６ヵ月,特定,2025/05/16,2025/05/20,100,"2,177.8",--,--,--,--
3086,Ｊ．フロント　リテイリング,PTS(X),信用新規売,６ヵ月,特定,2025/05/16,2025/05/20,100,"2,174.1",--,--,--,--
3086,Ｊ．フロント　リテイリング,東証,信用新規売,６ヵ月,特定,2025/05/16,2025/05/20,800,"2,177",--,--,--,--
3086,Ｊ．フロント　リテイリング,東証,信用新規売,６ヵ月,特定,2025/05/16,2025/05/20,300,"2,174",--,--,--,--
3086,Ｊ．フロント　リテイリング,東証,信用新規売,６ヵ月,特定,2025/05/16,2025/05/20,"1,300","2,100",--,--,--,--
3086,Ｊ．フロント　リテイリング,東証,信用新規売,６ヵ月,特定,2025/05/16,2025/05/20,400,"2,110.5",--,--,--,--
3086,Ｊ．フロント　リテイリング,東証,信用新規売,６ヵ月,特定,2025/05/16,2025/05/20,800,"2,176",--,--,--,--
3086,Ｊ．フロント　リテイリング,東証,信用新規売,６ヵ月,特定,2025/05/16,2025/05/20,"2,100","2,159",--,--,--,--
3086,Ｊ．フロント　リテイリング,東証,信用新規売,６ヵ月,特定,2025/05/16,2025/05/20,"1,800","2,176.5",--,--,--,--
3086,Ｊ．フロント　リテイリング,東証,信用新規売,６ヵ月,特定,2025/05/16,2025/05/20,100,"2,196",--,--,--,--
8227,しまむら,PTS(X),信用新規売,６ヵ月,特定,2025/05/16,2025/05/20,100,"10,348",--,--,--,--
3086,Ｊ．フロント　リテイリング,東証,信用返済売,６ヵ月,特定,2025/05/16,2025/05/20,900,"2,178",150,--,-600,--
3086,Ｊ．フロント　リテイリング,PTS(X),信用返済売,６ヵ月,特定,2025/05/16,2025/05/20,100,"2,178.2",16,--,-46,--
3086,Ｊ．フロント　リテイリング,PTS(X),信用返済売,６ヵ月,特定,2025/05/16,2025/05/20,100,"2,162.3",16,--,-346,--
3086,Ｊ．フロント　リテイリング,PTS(X),信用返済売,６ヵ月,特定,2025/05/16,2025/05/20,100,"2,162.1",16,--,-456,--
3086,Ｊ．フロント　リテイリング,PTS(O),信用返済売,６ヵ月,特定,2025/05/16,2025/05/20,100,"2,162.1",16,--,-456,--
3086,Ｊ．フロント　リテイリング,PTS(X),信用返済売,６ヵ月,特定,2025/05/16,2025/05/20,100,"2,085.6",15,--,595,--
3086,Ｊ．フロント　リテイリング,PTS(X),信用返済売,６ヵ月,特定,2025/05/16,2025/05/20,100,"2,084.6",15,--,455,--
3086,Ｊ．フロント　リテイリング,PTS(X),信用返済売,６ヵ月,特定,2025/05/16,2025/05/20,200,"2,162",33,--,-933,--
3086,Ｊ．フロント　リテイリング,PTS(O),信用返済売,６ヵ月,特定,2025/05/16,2025/05/20,100,"2,084.5",15,--,445,--
3086,Ｊ．フロント　リテイリング,PTS(O),信用返済売,６ヵ月,特定,2025/05/16,2025/05/20,100,"2,084.5",15,--,445,--
3086,Ｊ．フロント　リテイリング,PTS(O),信用返済売,６ヵ月,特定,2025/05/16,2025/05/20,100,"2,084.6",15,--,465,--
3086,Ｊ．フロント　リテイリング,PTS(O),信用返済売,６ヵ月,特定,2025/05/16,2025/05/20,100,"2,162.1",16,--,-396,--
3086,Ｊ．フロント　リテイリング,PTS(X),信用返済売,６ヵ月,特定,2025/05/16,2025/05/20,300,"2,178.1",50,--,-170,--
3086,Ｊ．フロント　リテイリング,PTS(X),信用返済売,６ヵ月,特定,2025/05/16,2025/05/20,100,"2,178",16,--,-66,--
3086,Ｊ．フロント　リテイリング,東証,信用返済売,６ヵ月,特定,2025/05/16,2025/05/20,500,"2,195",84,--,916,--
3086,Ｊ．フロント　リテイリング,東証,信用返済売,６ヵ月,特定,2025/05/16,2025/05/20,100,"2,195",16,--,244,--
3086,Ｊ．フロント　リテイリング,東証,信用返済売,６ヵ月,特定,2025/05/16,2025/05/20,200,"2,177.5",33,--,-193,--
3086,Ｊ．フロント　リテイリング,東証,信用返済売,６ヵ月,特定,2025/05/16,2025/05/20,600,"2,194.5",100,--,800,--
3086,Ｊ．フロント　リテイリング,東証,信用返済売,６ヵ月,特定,2025/05/16,2025/05/20,200,"2,161.5",33,--,-933,--
3086,Ｊ．フロント　リテイリング,東証,信用返済売,６ヵ月,特定,2025/05/16,2025/05/20,200,"2,195.5",33,--,627,--
3086,Ｊ．フロント　リテイリング,東証,信用返済売,６ヵ月,特定,2025/05/16,2025/05/20,100,"2,195",16,--,284,--
3086,Ｊ．フロント　リテイリング,東証,信用返済売,６ヵ月,特定,2025/05/16,2025/05/20,300,"2,177.5",50,--,-200,--
3086,Ｊ．フロント　リテイリング,東証,信用返済売,６ヵ月,特定,2025/05/16,2025/05/20,100,"2,177.5",16,--,-106,--
3086,Ｊ．フロント　リテイリング,東証,信用返済売,６ヵ月,特定,2025/05/16,2025/05/20,400,"2,177.5",66,--,-426,--
3086,Ｊ．フロント　リテイリング,東証,信用返済売,６ヵ月,特定,2025/05/16,2025/05/20,300,"2,177.5",50,--,-260,--
3086,Ｊ．フロント　リテイリング,東証,信用返済売,６ヵ月,特定,2025/05/16,2025/05/20,300,"2,196",50,--,"1,000",--
3086,Ｊ．フロント　リテイリング,東証,信用返済売,６ヵ月,特定,2025/05/16,2025/05/20,800,"2,194",134,--,-134,--
3086,Ｊ．フロント　リテイリング,東証,信用返済売,６ヵ月,特定,2025/05/16,2025/05/20,100,"2,195.5",16,--,284,--
3086,Ｊ．フロント　リテイリング,東証,信用返済売,６ヵ月,特定,2025/05/16,2025/05/20,100,"2,193.5",16,--,-66,--
3086,Ｊ．フロント　リテイリング,東証,信用返済売,６ヵ月,特定,2025/05/16,2025/05/20,100,"2,177",16,--,-136,--
3086,Ｊ．フロント　リテイリング,東証,信用返済売,６ヵ月,特定,2025/05/16,2025/05/20,200,"2,177.5",33,--,-153,--
3086,Ｊ．フロント　リテイリング,東証,信用返済売,６ヵ月,特定,2025/05/16,2025/05/20,600,"2,194",100,--,200,--
3086,Ｊ．フロント　リテイリング,東証,信用返済売,６ヵ月,特定,2025/05/16,2025/05/20,200,"2,161.5",33,--,-933,--
3086,Ｊ．フロント　リテイリング,東証,信用返済売,６ヵ月,特定,2025/05/16,2025/05/20,100,"2,195",16,--,274,--
3086,Ｊ．フロント　リテイリング,東証,信用返済売,６ヵ月,特定,2025/05/16,2025/05/20,100,"2,195",16,--,254,--
3086,Ｊ．フロント　リテイリング,東証,信用返済売,６ヵ月,特定,2025/05/16,2025/05/20,600,"2,162",99,--,"-2,799",--
3086,Ｊ．フロント　リテイリング,東証,信用返済売,６ヵ月,特定,2025/05/16,2025/05/20,700,"2,194.5",117,--,583,--
3086,Ｊ．フロント　リテイリング,東証,信用返済売,６ヵ月,特定,2025/05/16,2025/05/20,200,"2,161.5",33,--,"-1,033",--
3086,Ｊ．フロント　リテイリング,東証,信用返済売,６ヵ月,特定,2025/05/16,2025/05/20,300,"2,177.5",50,--,-350,--
3086,Ｊ．フロント　リテイリング,PTS(O),信用返済売,６ヵ月,特定,2025/05/16,2025/05/20,100,"2,084.6",15,--,485,--
3086,Ｊ．フロント　リテイリング,PTS(O),信用返済売,６ヵ月,特定,2025/05/16,2025/05/20,200,"2,084.5",31,--,869,--
3086,Ｊ．フロント　リテイリング,PTS(X),信用返済売,６ヵ月,特定,2025/05/16,2025/05/20,100,"2,196",16,--,414,--
3086,Ｊ．フロント　リテイリング,PTS(X),信用返済売,６ヵ月,特定,2025/05/16,2025/05/20,100,"2,085.5",15,--,575,--
3086,Ｊ．フロント　リテイリング,PTS(X),信用返済売,６ヵ月,特定,2025/05/16,2025/05/20,100,"2,196.1",16,--,424,--
3086,Ｊ．フロント　リテイリング,PTS(X),信用返済売,６ヵ月,特定,2025/05/16,2025/05/20,100,"2,162.2",16,--,-446,--
3844,コムチュア,東証,信用返済売,６ヵ月,特定,2025/05/16,2025/05/20,100,"1,702",27,--,"-6,397",--
3844,コムチュア,東証,信用返済売,６ヵ月,特定,2025/05/16,2025/05/20,100,"1,702",27,--,"-6,407",--
3844,コムチュア,東証,信用返済売,６ヵ月,特定,2025/05/16,2025/05/20,200,"1,702",54,--,"-12,734",--
3844,コムチュア,東証,信用返済売,６ヵ月,特定,2025/05/16,2025/05/20,100,"1,702",27,--,"-6,407",--
4004,レゾナック・ホールディングス,PTS(O),信用返済売,６ヵ月,特定,2025/05/16,2025/05/20,100,"2,904.6",22,--,798,--
4004,レゾナック・ホールディングス,PTS(O),信用返済売,６ヵ月,特定,2025/05/16,2025/05/20,100,"2,904.7",22,--,818,--
4004,レゾナック・ホールディングス,PTS(O),信用返済売,６ヵ月,特定,2025/05/16,2025/05/20,100,"2,904.7",22,--,798,--
5482,愛知製鋼,PTS(X),信用返済売,６ヵ月,特定,2025/05/16,2025/05/20,100,"7,822",59,--,"11,141",--
6254,野村マイクロ・サイエンス,東証,信用返済売,６ヵ月,特定,2025/05/16,2025/05/20,500,"2,332",87,--,"28,413",--
6794,フォスター電機,東証,信用返済売,６ヵ月,特定,2025/05/16,2025/05/20,100,"1,343",19,--,"7,701",--
6794,フォスター電機,東証,信用返済売,６ヵ月,特定,2025/05/16,2025/05/20,100,"1,343",19,--,"7,711",--
6794,フォスター電機,東証,信用返済売,６ヵ月,特定,2025/05/16,2025/05/20,100,"1,343",19,--,"7,701",--
6857,アドバンテスト,PTS(X),信用返済売,６ヵ月,特定,2025/05/16,2025/05/20,100,"7,210.1",55,--,"-4,795",--
6857,アドバンテスト,PTS(X),信用返済売,６ヵ月,特定,2025/05/16,2025/05/20,100,"7,210.2",55,--,"-4,765",--
6857,アドバンテスト,PTS(O),信用返済売,６ヵ月,特定,2025/05/16,2025/05/20,100,"7,310.6",56,--,-156,--
6857,アドバンテスト,PTS(X),信用返済売,６ヵ月,特定,2025/05/16,2025/05/20,100,"7,310.5",55,--,"5,705",--
6857,アドバンテスト,PTS(J),信用返済売,６ヵ月,特定,2025/05/16,2025/05/20,100,"7,310.4",56,--,-146,--
6857,アドバンテスト,PTS(X),信用返済売,６ヵ月,特定,2025/05/16,2025/05/20,100,"7,310.6",55,--,"7,105",--
6857,アドバンテスト,東証,信用返済売,６ヵ月,特定,2025/05/16,2025/05/20,200,"7,210",695,--,"-70,295",--
6857,アドバンテスト,東証,信用返済売,６ヵ月,特定,2025/05/16,2025/05/20,200,"7,213",111,--,"-5,411",--
6857,アドバンテスト,東証,信用返済売,６ヵ月,特定,2025/05/16,2025/05/20,100,"7,210",56,--,"-16,056",--
6857,アドバンテスト,東証,信用返済売,６ヵ月,特定,2025/05/16,2025/05/20,100,"7,310",56,--,-246,--
6857,アドバンテスト,PTS(X),信用返済売,６ヵ月,特定,2025/05/16,2025/05/20,200,"7,210.2",110,--,"-3,230",--
6857,アドバンテスト,PTS(O),信用返済売,６ヵ月,特定,2025/05/16,2025/05/20,100,"7,310.7",55,--,"7,115",--
6857,アドバンテスト,PTS(J),信用返済売,６ヵ月,特定,2025/05/16,2025/05/20,100,"7,310.3",56,--,-986,--
6857,アドバンテスト,PTS(J),信用返済売,６ヵ月,特定,2025/05/16,2025/05/20,100,"7,310.1",56,--,"-1,006",--
6857,アドバンテスト,PTS(J),信用返済売,６ヵ月,特定,2025/05/16,2025/05/20,100,"7,310.5",55,--,"8,625",--
6857,アドバンテスト,PTS(O),信用返済売,６ヵ月,特定,2025/05/16,2025/05/20,100,"7,310.5",56,--,-966,--
6890,フェローテックホールディングス,東証,信用返済売,６ヵ月,特定,2025/05/16,2025/05/20,100,"2,648",40,--,"-1,340",--
6890,フェローテックホールディングス,東証,信用返済売,６ヵ月,特定,2025/05/16,2025/05/20,100,"2,648",40,--,"-1,140",--
6920,レーザーテック,PTS(X),信用返済売,６ヵ月,特定,2025/05/16,2025/05/20,200,"14,865.2","1,364",--,"6,156",--
7182,ゆうちょ銀行,東証,信用返済売,６ヵ月,特定,2025/05/16,2025/05/20,200,"1,516.5",46,--,"2,874",--
7182,ゆうちょ銀行,東証,信用返済売,６ヵ月,特定,2025/05/16,2025/05/20,100,"1,516.5",23,--,"1,437",--
7182,ゆうちょ銀行,東証,信用返済売,６ヵ月,特定,2025/05/16,2025/05/20,200,"1,516.5",46,--,"2,874",--
7384,プロクレアホールディングス,東証,信用返済売,６ヵ月,特定,2025/05/16,2025/05/20,100,"1,569",24,--,"-1,514",--
7384,プロクレアホールディングス,東証,信用返済売,６ヵ月,特定,2025/05/16,2025/05/20,100,"1,569",24,--,"-1,484",--
7384,プロクレアホールディングス,東証,信用返済売,６ヵ月,特定,2025/05/16,2025/05/20,100,"1,569",24,--,"-1,514",--
7735,ＳＣＲＥＥＮホールディングス,PTS(X),信用返済売,６ヵ月,特定,2025/05/16,2025/05/20,100,"10,629.5",492,--,"-7,442",--
7735,ＳＣＲＥＥＮホールディングス,PTS(X),信用返済売,６ヵ月,特定,2025/05/16,2025/05/20,100,"10,629.5",492,--,"-7,492",--
7735,ＳＣＲＥＥＮホールディングス,PTS(X),信用返済売,６ヵ月,特定,2025/05/16,2025/05/20,100,"10,577.5",81,--,-531,--
7735,ＳＣＲＥＥＮホールディングス,PTS(X),信用返済売,６ヵ月,特定,2025/05/16,2025/05/20,100,"10,578.5",81,--,-481,--
7735,ＳＣＲＥＥＮホールディングス,PTS(X),信用返済売,６ヵ月,特定,2025/05/16,2025/05/20,100,"10,578.5",81,--,-481,--
7735,ＳＣＲＥＥＮホールディングス,PTS(X),信用返済売,６ヵ月,特定,2025/05/16,2025/05/20,100,"10,569.5",81,--,"-1,331",--
7735,ＳＣＲＥＥＮホールディングス,PTS(O),信用返済売,６ヵ月,特定,2025/05/16,2025/05/20,100,"10,665.5",82,--,"-10,582",--
8141,新光商事,東証,信用返済売,６ヵ月,特定,2025/05/16,2025/05/20,100,889,14,--,"-7,304",--
8141,新光商事,東証,信用返済売,６ヵ月,特定,2025/05/16,2025/05/20,100,889,14,--,"-7,314",--
8141,新光商事,東証,信用返済売,６ヵ月,特定,2025/05/16,2025/05/20,300,889,44,--,"-21,944",--
8306,三菱ＵＦＪフィナンシャル・グループ,東証,信用返済売,６ヵ月,特定,2025/05/16,2025/05/20,100,"1,973.5",15,--,-735,--
8306,三菱ＵＦＪフィナンシャル・グループ,東証,信用返済売,６ヵ月,特定,2025/05/16,2025/05/20,200,"1,973.5",30,--,"-1,450",--
8306,三菱ＵＦＪフィナンシャル・グループ,東証,信用返済売,６ヵ月,特定,2025/05/16,2025/05/20,200,"1,973.5",30,--,"-1,490",--
2329,東北新社,東証,信用新規買,６ヵ月,特定,2025/05/16,2025/05/20,200,614,--,--,--,--
2329,東北新社,PTS(X),信用新規買,６ヵ月,特定,2025/05/16,2025/05/20,100,613.8,--,--,--,--
2329,東北新社,東証,信用新規買,６ヵ月,特定,2025/05/16,2025/05/20,200,614,--,--,--,--
3086,Ｊ．フロント　リテイリング,東証,信用新規買,６ヵ月,特定,2025/05/16,2025/05/20,"1,100","2,193",--,--,--,--
3086,Ｊ．フロント　リテイリング,東証,信用新規買,６ヵ月,特定,2025/05/16,2025/05/20,"1,700","2,178.5",--,--,--,--
3086,Ｊ．フロント　リテイリング,東証,信用新規買,６ヵ月,特定,2025/05/16,2025/05/20,200,"2,166",--,--,--,--
3086,Ｊ．フロント　リテイリング,東証,信用新規買,６ヵ月,特定,2025/05/16,2025/05/20,900,"2,194",--,--,--,--
3086,Ｊ．フロント　リテイリング,PTS(X),信用新規買,６ヵ月,特定,2025/05/16,2025/05/20,200,"2,080",--,--,--,--
3086,Ｊ．フロント　リテイリング,PTS(X),信用新規買,６ヵ月,特定,2025/05/16,2025/05/20,200,"2,178.3",--,--,--,--
3086,Ｊ．フロント　リテイリング,PTS(X),信用新規買,６ヵ月,特定,2025/05/16,2025/05/20,200,"2,178.1",--,--,--,--
3086,Ｊ．フロント　リテイリング,PTS(X),信用新規買,６ヵ月,特定,2025/05/16,2025/05/20,100,"2,165.9",--,--,--,--
3086,Ｊ．フロント　リテイリング,PTS(X),信用新規買,６ヵ月,特定,2025/05/16,2025/05/20,100,"2,165.6",--,--,--,--
3086,Ｊ．フロント　リテイリング,PTS(O),信用新規買,６ヵ月,特定,2025/05/16,2025/05/20,100,"2,079.9",--,--,--,--
3086,Ｊ．フロント　リテイリング,PTS(X),信用新規買,６ヵ月,特定,2025/05/16,2025/05/20,200,"2,079.6",--,--,--,--
3086,Ｊ．フロント　リテイリング,PTS(X),信用新規買,６ヵ月,特定,2025/05/16,2025/05/20,200,"2,166",--,--,--,--
3086,Ｊ．フロント　リテイリング,PTS(X),信用新規買,６ヵ月,特定,2025/05/16,2025/05/20,100,"2,192.1",--,--,--,--
3086,Ｊ．フロント　リテイリング,東証,信用新規買,６ヵ月,特定,2025/05/16,2025/05/20,"1,300","2,166.5",--,--,--,--
3086,Ｊ．フロント　リテイリング,東証,信用新規買,６ヵ月,特定,2025/05/16,2025/05/20,400,"2,192.5",--,--,--,--
3086,Ｊ．フロント　リテイリング,東証,信用新規買,６ヵ月,特定,2025/05/16,2025/05/20,"1,300","2,193.5",--,--,--,--
3086,Ｊ．フロント　リテイリング,PTS(X),信用新規買,６ヵ月,特定,2025/05/16,2025/05/20,100,"2,192.3",--,--,--,--
3086,Ｊ．フロント　リテイリング,PTS(O),信用新規買,６ヵ月,特定,2025/05/16,2025/05/20,100,"2,191.7",--,--,--,--
3086,Ｊ．フロント　リテイリング,PTS(J),信用新規買,６ヵ月,特定,2025/05/16,2025/05/20,100,"2,178.4",--,--,--,--
3086,Ｊ．フロント　リテイリング,PTS(X),信用新規買,６ヵ月,特定,2025/05/16,2025/05/20,400,"2,178.2",--,--,--,--
3086,Ｊ．フロント　リテイリング,PTS(X),信用新規買,６ヵ月,特定,2025/05/16,2025/05/20,400,"2,178.4",--,--,--,--
3086,Ｊ．フロント　リテイリング,PTS(X),信用新規買,６ヵ月,特定,2025/05/16,2025/05/20,300,"2,178",--,--,--,--
3086,Ｊ．フロント　リテイリング,PTS(J),信用新規買,６ヵ月,特定,2025/05/16,2025/05/20,100,"2,192.4",--,--,--,--
3086,Ｊ．フロント　リテイリング,PTS(X),信用新規買,６ヵ月,特定,2025/05/16,2025/05/20,100,"2,191.7",--,--,--,--
3086,Ｊ．フロント　リテイリング,PTS(X),信用新規買,６ヵ月,特定,2025/05/16,2025/05/20,100,"2,192",--,--,--,--
3086,Ｊ．フロント　リテイリング,PTS(X),信用新規買,６ヵ月,特定,2025/05/16,2025/05/20,100,"2,079.8",--,--,--,--
3086,Ｊ．フロント　リテイリング,PTS(X),信用新規買,６ヵ月,特定,2025/05/16,2025/05/20,200,"2,079.9",--,--,--,--
3086,Ｊ．フロント　リテイリング,PTS(X),信用新規買,６ヵ月,特定,2025/05/16,2025/05/20,100,"2,079.5",--,--,--,--
3086,Ｊ．フロント　リテイリング,PTS(X),信用新規買,６ヵ月,特定,2025/05/16,2025/05/20,200,"2,192.2",--,--,--,--
3417,大木ヘルスケアホールディングス,PTS(X),信用新規買,６ヵ月,特定,2025/05/16,2025/05/20,100,979,--,--,--,--
3417,大木ヘルスケアホールディングス,PTS(X),信用新規買,６ヵ月,特定,2025/05/16,2025/05/20,100,956.8,--,--,--,--
3417,大木ヘルスケアホールディングス,PTS(X),信用新規買,６ヵ月,特定,2025/05/16,2025/05/20,200,956.9,--,--,--,--
3417,大木ヘルスケアホールディングス,PTS(X),信用新規買,６ヵ月,特定,2025/05/16,2025/05/20,100,978.9,--,--,--,--
4004,レゾナック・ホールディングス,PTS(X),信用新規買,６ヵ月,特定,2025/05/16,2025/05/20,100,"2,896.3",--,--,--,--
4004,レゾナック・ホールディングス,東証,信用新規買,６ヵ月,特定,2025/05/16,2025/05/20,100,"2,896.5",--,--,--,--
4004,レゾナック・ホールディングス,PTS(X),信用新規買,６ヵ月,特定,2025/05/16,2025/05/20,100,"2,896.4",--,--,--,--
4676,フジ・メディア・ホールディングス,PTS(X),信用新規買,６ヵ月,特定,2025/05/16,2025/05/20,100,"2,946.5",--,--,--,--
4676,フジ・メディア・ホールディングス,PTS(X),信用新規買,６ヵ月,特定,2025/05/16,2025/05/20,100,"2,946.8",--,--,--,--
4676,フジ・メディア・ホールディングス,PTS(X),信用新規買,６ヵ月,特定,2025/05/16,2025/05/20,200,"2,947.6",--,--,--,--
4676,フジ・メディア・ホールディングス,PTS(O),信用新規買,６ヵ月,特定,2025/05/16,2025/05/20,100,"2,946.4",--,--,--,--
4676,フジ・メディア・ホールディングス,PTS(X),信用新規買,６ヵ月,特定,2025/05/16,2025/05/20,100,"2,955",--,--,--,--
4676,フジ・メディア・ホールディングス,PTS(X),信用新規買,６ヵ月,特定,2025/05/16,2025/05/20,300,"2,946.4",--,--,--,--
4676,フジ・メディア・ホールディングス,PTS(X),信用新規買,６ヵ月,特定,2025/05/16,2025/05/20,100,"2,947.7",--,--,--,--
5482,愛知製鋼,PTS(X),信用新規買,６ヵ月,特定,2025/05/16,2025/05/20,100,"7,710",--,--,--,--
6254,野村マイクロ・サイエンス,東証,信用新規買,６ヵ月,特定,2025/05/16,2025/05/20,500,"2,275",--,--,--,--
6857,アドバンテスト,PTS(O),信用新規買,６ヵ月,特定,2025/05/16,2025/05/20,100,"7,311.6",--,--,--,--
6857,アドバンテスト,PTS(X),信用新規買,６ヵ月,特定,2025/05/16,2025/05/20,300,"7,319.6",--,--,--,--
6857,アドバンテスト,PTS(O),信用新規買,６ヵ月,特定,2025/05/16,2025/05/20,100,"7,257.5",--,--,--,--
6857,アドバンテスト,PTS(X),信用新規買,６ヵ月,特定,2025/05/16,2025/05/20,100,"7,257.3",--,--,--,--
6857,アドバンテスト,PTS(J),信用新規買,６ヵ月,特定,2025/05/16,2025/05/20,100,"7,239",--,--,--,--
6857,アドバンテスト,PTS(X),信用新規買,６ヵ月,特定,2025/05/16,2025/05/20,100,"7,370",--,--,--,--
6857,アドバンテスト,PTS(X),信用新規買,６ヵ月,特定,2025/05/16,2025/05/20,100,"7,239",--,--,--,--
6857,アドバンテスト,PTS(X),信用新規買,６ヵ月,特定,2025/05/16,2025/05/20,100,"7,223.7",--,--,--,--
6857,アドバンテスト,PTS(X),信用新規買,６ヵ月,特定,2025/05/16,2025/05/20,200,"7,239.5",--,--,--,--
6857,アドバンテスト,PTS(X),信用新規買,６ヵ月,特定,2025/05/16,2025/05/20,100,"7,311.3",--,--,--,--
6857,アドバンテスト,PTS(J),信用新規買,６ヵ月,特定,2025/05/16,2025/05/20,100,"7,311.9",--,--,--,--
6857,アドバンテスト,PTS(X),信用新規買,６ヵ月,特定,2025/05/16,2025/05/20,200,"7,225.8",--,--,--,--
6857,アドバンテスト,PTS(X),信用新規買,６ヵ月,特定,2025/05/16,2025/05/20,100,"7,252.9",--,--,--,--
6920,レーザーテック,PTS(X),信用新規買,６ヵ月,特定,2025/05/16,2025/05/20,100,"14,849.8",--,--,--,--
6920,レーザーテック,PTS(O),信用新規買,６ヵ月,特定,2025/05/16,2025/05/20,100,"14,835.5",--,--,--,--
6920,レーザーテック,PTS(X),信用新規買,６ヵ月,特定,2025/05/16,2025/05/20,100,"14,849.9",--,--,--,--
7735,ＳＣＲＥＥＮホールディングス,PTS(X),信用新規買,６ヵ月,特定,2025/05/16,2025/05/20,200,"10,582",--,--,--,--
7735,ＳＣＲＥＥＮホールディングス,PTS(O),信用新規買,６ヵ月,特定,2025/05/16,2025/05/20,100,"10,582.5",--,--,--,--
7735,ＳＣＲＥＥＮホールディングス,PTS(X),信用新規買,６ヵ月,特定,2025/05/16,2025/05/20,100,"10,582.5",--,--,--,--
7735,ＳＣＲＥＥＮホールディングス,PTS(X),信用新規買,６ヵ月,特定,2025/05/16,2025/05/20,100,"10,770.5",--,--,--,--
8306,三菱ＵＦＪフィナンシャル・グループ,PTS(X),信用新規買,６ヵ月,特定,2025/05/16,2025/05/20,100,"1,980.7",--,--,--,--
8306,三菱ＵＦＪフィナンシャル・グループ,PTS(O),信用新規買,６ヵ月,特定,2025/05/16,2025/05/20,200,"1,980.6",--,--,--,--
8306,三菱ＵＦＪフィナンシャル・グループ,PTS(X),信用新規買,６ヵ月,特定,2025/05/16,2025/05/20,200,"1,980.8",--,--,--,--
3086,Ｊ．フロント　リテイリング,東証,信用返済買,６ヵ月,特定,2025/05/16,2025/05/20,200,"2,168",12,--,"-13,432",--
3086,Ｊ．フロント　リテイリング,東証,信用返済買,６ヵ月,特定,2025/05/16,2025/05/20,200,"2,093.5",12,--,"5,908",--
3086,Ｊ．フロント　リテイリング,東証,信用返済買,６ヵ月,特定,2025/05/16,2025/05/20,600,"2,167.5",37,--,"-40,537",--
3086,Ｊ．フロント　リテイリング,東証,信用返済買,６ヵ月,特定,2025/05/16,2025/05/20,100,"2,168",6,--,"-6,736",--
3086,Ｊ．フロント　リテイリング,東証,信用返済買,６ヵ月,特定,2025/05/16,2025/05/20,100,"2,194",6,--,"-1,656",--
3086,Ｊ．フロント　リテイリング,PTS(X),信用返済買,６ヵ月,特定,2025/05/16,2025/05/20,300,"2,193.7",19,--,"-5,029",--
3086,Ｊ．フロント　リテイリング,PTS(X),信用返済買,６ヵ月,特定,2025/05/16,2025/05/20,100,"2,092.9",6,--,"3,004",--
3086,Ｊ．フロント　リテイリング,PTS(X),信用返済買,６ヵ月,特定,2025/05/16,2025/05/20,100,"2,193.8",6,--,"-1,686",--
3086,Ｊ．フロント　リテイリング,PTS(X),信用返済買,６ヵ月,特定,2025/05/16,2025/05/20,100,"2,193.9",6,--,"-1,616",--
3086,Ｊ．フロント　リテイリング,PTS(X),信用返済買,６ヵ月,特定,2025/05/16,2025/05/20,100,"2,052.1",6,--,"4,884",--
3086,Ｊ．フロント　リテイリング,PTS(O),信用返済買,６ヵ月,特定,2025/05/16,2025/05/20,100,"2,179",6,--,"-2,006",--
3086,Ｊ．フロント　リテイリング,PTS(O),信用返済買,６ヵ月,特定,2025/05/16,2025/05/20,100,"2,193.7",6,--,"-1,676",--
3086,Ｊ．フロント　リテイリング,PTS(O),信用返済買,６ヵ月,特定,2025/05/16,2025/05/20,100,"2,193.8",6,--,"-1,686",--
3086,Ｊ．フロント　リテイリング,PTS(X),信用返済買,６ヵ月,特定,2025/05/16,2025/05/20,100,"2,052.2",6,--,"4,774",--
3086,Ｊ．フロント　リテイリング,PTS(X),信用返済買,６ヵ月,特定,2025/05/16,2025/05/20,100,"2,052.1",6,--,"4,784",--
3086,Ｊ．フロント　リテイリング,PTS(O),信用返済買,６ヵ月,特定,2025/05/16,2025/05/20,100,"2,052.4",6,--,"4,754",--
3086,Ｊ．フロント　リテイリング,PTS(X),信用返済買,６ヵ月,特定,2025/05/16,2025/05/20,200,"2,178.5",13,--,"-3,913",--
3086,Ｊ．フロント　リテイリング,PTS(X),信用返済買,６ヵ月,特定,2025/05/16,2025/05/20,400,"2,178.9",26,--,"-7,986",--
3086,Ｊ．フロント　リテイリング,PTS(X),信用返済買,６ヵ月,特定,2025/05/16,2025/05/20,100,"2,179",6,--,"-2,006",--
3086,Ｊ．フロント　リテイリング,PTS(X),信用返済買,６ヵ月,特定,2025/05/16,2025/05/20,100,"2,193.6",6,--,"-1,566",--
3086,Ｊ．フロント　リテイリング,PTS(O),信用返済買,６ヵ月,特定,2025/05/16,2025/05/20,100,"2,193.7",6,--,"-1,566",--
3086,Ｊ．フロント　リテイリング,PTS(O),信用返済買,６ヵ月,特定,2025/05/16,2025/05/20,100,"2,052.5",6,--,"4,744",--
3086,Ｊ．フロント　リテイリング,PTS(X),信用返済買,６ヵ月,特定,2025/05/16,2025/05/20,100,"2,178.6",6,--,"-1,966",--
3086,Ｊ．フロント　リテイリング,PTS(O),信用返済買,６ヵ月,特定,2025/05/16,2025/05/20,100,"2,178.9",6,--,"-1,996",--
3086,Ｊ．フロント　リテイリング,東証,信用返済買,６ヵ月,特定,2025/05/16,2025/05/20,100,"2,093.5",6,--,"2,944",--
3086,Ｊ．フロント　リテイリング,東証,信用返済買,６ヵ月,特定,2025/05/16,2025/05/20,300,"2,179",19,--,"-6,319",--
3086,Ｊ．フロント　リテイリング,東証,信用返済買,６ヵ月,特定,2025/05/16,2025/05/20,"1,100","2,179",71,--,"-22,071",--
3086,Ｊ．フロント　リテイリング,東証,信用返済買,６ヵ月,特定,2025/05/16,2025/05/20,300,"2,195",19,--,"-6,319",--
3086,Ｊ．フロント　リテイリング,東証,信用返済買,６ヵ月,特定,2025/05/16,2025/05/20,100,"2,195",6,--,"-1,906",--
3086,Ｊ．フロント　リテイリング,東証,信用返済買,６ヵ月,特定,2025/05/16,2025/05/20,100,"2,099",6,--,"1,154",--
3086,Ｊ．フロント　リテイリング,東証,信用返済買,６ヵ月,特定,2025/05/16,2025/05/20,100,"2,099",6,--,"1,154",--
3086,Ｊ．フロント　リテイリング,東証,信用返済買,６ヵ月,特定,2025/05/16,2025/05/20,100,"2,099",6,--,"1,154",--
3086,Ｊ．フロント　リテイリング,東証,信用返済買,６ヵ月,特定,2025/05/16,2025/05/20,100,"2,179",6,--,"-2,136",--
3086,Ｊ．フロント　リテイリング,東証,信用返済買,６ヵ月,特定,2025/05/16,2025/05/20,100,"2,179",6,--,"-2,006",--
3086,Ｊ．フロント　リテイリング,東証,信用返済買,６ヵ月,特定,2025/05/16,2025/05/20,200,"2,099",12,--,"2,528",--
3086,Ｊ．フロント　リテイリング,東証,信用返済買,６ヵ月,特定,2025/05/16,2025/05/20,100,"2,195",6,--,"-2,096",--
3086,Ｊ．フロント　リテイリング,東証,信用返済買,６ヵ月,特定,2025/05/16,2025/05/20,100,"2,168",6,--,"-6,746",--
3086,Ｊ．フロント　リテイリング,東証,信用返済買,６ヵ月,特定,2025/05/16,2025/05/20,200,"2,179",13,--,"-4,173",--
3086,Ｊ．フロント　リテイリング,東証,信用返済買,６ヵ月,特定,2025/05/16,2025/05/20,200,"2,179",13,--,"-4,193",--
3086,Ｊ．フロント　リテイリング,東証,信用返済買,６ヵ月,特定,2025/05/16,2025/05/20,100,"2,093",6,--,"2,994",--
3086,Ｊ．フロント　リテイリング,東証,信用返済買,６ヵ月,特定,2025/05/16,2025/05/20,"1,800","2,194.5",118,--,"-32,518",--
3086,Ｊ．フロント　リテイリング,東証,信用返済買,６ヵ月,特定,2025/05/16,2025/05/20,200,"2,194",13,--,"-3,413",--
3086,Ｊ．フロント　リテイリング,東証,信用返済買,６ヵ月,特定,2025/05/16,2025/05/20,100,"2,099",6,--,"1,254",--
3086,Ｊ．フロント　リテイリング,東証,信用返済買,６ヵ月,特定,2025/05/16,2025/05/20,100,"2,168",6,--,"-6,726",--
3086,Ｊ．フロント　リテイリング,東証,信用返済買,６ヵ月,特定,2025/05/16,2025/05/20,500,"2,168",31,--,"-34,281",--
3086,Ｊ．フロント　リテイリング,東証,信用返済買,６ヵ月,特定,2025/05/16,2025/05/20,500,"2,179",32,--,"-10,282",--
3086,Ｊ．フロント　リテイリング,東証,信用返済買,６ヵ月,特定,2025/05/16,2025/05/20,100,"2,195",6,--,"-2,106",--
3086,Ｊ．フロント　リテイリング,東証,信用返済買,６ヵ月,特定,2025/05/16,2025/05/20,100,"2,194.5",6,--,"-1,666",--
3086,Ｊ．フロント　リテイリング,東証,信用返済買,６ヵ月,特定,2025/05/16,2025/05/20,400,"2,099",25,--,"4,575",--
3086,Ｊ．フロント　リテイリング,東証,信用返済買,６ヵ月,特定,2025/05/16,2025/05/20,100,"2,167.5",6,--,"-6,706",--
3086,Ｊ．フロント　リテイリング,東証,信用返済買,６ヵ月,特定,2025/05/16,2025/05/20,700,"2,194.5",45,--,"-12,995",--
3086,Ｊ．フロント　リテイリング,東証,信用返済買,６ヵ月,特定,2025/05/16,2025/05/20,100,"2,194",6,--,"-1,626",--
3086,Ｊ．フロント　リテイリング,東証,信用返済買,６ヵ月,特定,2025/05/16,2025/05/20,300,"2,168",18,--,"-20,418",--
8227,しまむら,東証,信用返済買,６ヵ月,特定,2025/05/16,2025/05/20,100,"10,230",31,--,"11,769",--
2329,東北新社,--,現引,６ヵ月,特定,2025/05/16,2025/05/20,100,613.8,4,--,"-61,384",--
2329,東北新社,--,現引,６ヵ月,特定,2025/05/16,2025/05/20,200,614,9,--,"-122,809",--
2329,東北新社,--,現引,６ヵ月,特定,2025/05/16,2025/05/20,200,614,9,--,"-122,809",--
3417,大木ヘルスケアホールディングス,--,現引,６ヵ月,特定,2025/05/16,2025/05/20,100,979,7,--,"-97,907",--
3417,大木ヘルスケアホールディングス,--,現引,６ヵ月,特定,2025/05/16,2025/05/20,100,956.8,7,--,"-95,687",--
3417,大木ヘルスケアホールディングス,--,現引,６ヵ月,特定,2025/05/16,2025/05/20,100,978.9,7,--,"-97,897",--
3417,大木ヘルスケアホールディングス,--,現引,６ヵ月,特定,2025/05/16,2025/05/20,200,956.9,14,--,"-191,394",--
6254,野村マイクロ・サイエンス,PTS(J),現物売,--,特定,2025/05/15,2025/05/19,100,"2,240",--,--,"224,000",--
6254,野村マイクロ・サイエンス,PTS(J),現物売,--,特定,2025/05/15,2025/05/19,100,"2,222",--,--,"222,200",--
7868,広済堂ホールディングス,PTS(X),現物買,--,特定,2025/05/15,2025/05/19,100,528.7,--,--,"52,870",--
7868,広済堂ホールディングス,PTS(X),現物買,--,特定,2025/05/15,2025/05/19,300,528.8,--,--,"158,640",--
7868,広済堂ホールディングス,東証(外),現物買,--,特定,2025/05/15,2025/05/19,100,528.8,--,--,"52,880",--
3397,トリドールホールディングス,PTS(X),信用新規売,６ヵ月,特定,2025/05/15,2025/05/19,100,"4,137",--,--,--,--
3397,トリドールホールディングス,PTS(X),信用新規売,６ヵ月,特定,2025/05/15,2025/05/19,100,"4,137.1",--,--,--,--
167A,リョーサン菱洋ホールディングス,PTS(X),信用返済売,６ヵ月,特定,2025/05/15,2025/05/19,100,"2,489.3",76,--,254,--
1860,戸田建設,東証,信用返済売,６ヵ月,特定,2025/05/15,2025/05/19,100,877,6,--,-576,--
1860,戸田建設,東証,信用返済売,６ヵ月,特定,2025/05/15,2025/05/19,100,877,6,--,-566,--
1860,戸田建設,東証,信用返済売,６ヵ月,特定,2025/05/15,2025/05/19,300,877,20,--,"-1,730",--
1884,日本道路,東証,信用返済売,６ヵ月,特定,2025/05/15,2025/05/19,100,"2,513",74,--,"8,726",--
1884,日本道路,東証,信用返済売,６ヵ月,特定,2025/05/15,2025/05/19,100,"2,513",73,--,"12,327",--
1884,日本道路,東証,信用返済売,６ヵ月,特定,2025/05/15,2025/05/19,100,"2,513",75,--,"4,525",--
2109,ＤＭ三井製糖,東証,信用返済売,６ヵ月,特定,2025/05/15,2025/05/19,100,"3,270",25,--,"-3,525",--
2109,ＤＭ三井製糖,PTS(X),信用返済売,６ヵ月,特定,2025/05/15,2025/05/19,100,"3,275",25,--,"-10,025",--
3863,日本製紙,東証,信用返済売,６ヵ月,特定,2025/05/15,2025/05/19,100,"1,049",8,--,"-1,178",--
3863,日本製紙,東証,信用返済売,６ヵ月,特定,2025/05/15,2025/05/19,100,"1,049",8,--,"-1,178",--
3863,日本製紙,東証,信用返済売,６ヵ月,特定,2025/05/15,2025/05/19,100,"1,049",8,--,"-1,168",--
3863,日本製紙,PTS(X),信用返済売,６ヵ月,特定,2025/05/15,2025/05/19,100,"1,049.1",8,--,-678,--
3863,日本製紙,PTS(X),信用返済売,６ヵ月,特定,2025/05/15,2025/05/19,100,"1,049",8,--,-688,--
3863,日本製紙,PTS(X),信用返済売,６ヵ月,特定,2025/05/15,2025/05/19,100,"1,049.3",8,--,-658,--
4044,セントラル硝子,PTS(X),信用返済売,６ヵ月,特定,2025/05/15,2025/05/19,100,"2,816.1",87,--,"-2,567",--
4116,大日精化工業,東証,信用返済売,６ヵ月,特定,2025/05/15,2025/05/19,100,"3,160",24,--,"-6,024",--
4116,大日精化工業,東証,信用返済売,６ヵ月,特定,2025/05/15,2025/05/19,100,"3,165",24,--,"-4,524",--
4118,カネカ,東証,信用返済売,６ヵ月,特定,2025/05/15,2025/05/19,100,"3,850",111,--,"21,499",--
4523,エーザイ,PTS(X),信用返済売,６ヵ月,特定,2025/05/15,2025/05/19,100,"3,723.6",29,--,"-13,669",--
4631,ＤＩＣ,東証,信用返済売,６ヵ月,特定,2025/05/15,2025/05/19,100,"2,874.5",20,--,"15,890",--
4631,ＤＩＣ,東証,信用返済売,６ヵ月,特定,2025/05/15,2025/05/19,100,"2,874.5",20,--,"15,890",--
5101,横浜ゴム,東証,信用返済売,６ヵ月,特定,2025/05/15,2025/05/19,100,"3,324",25,--,"3,915",--
5101,横浜ゴム,東証,信用返済売,６ヵ月,特定,2025/05/15,2025/05/19,100,"3,323",25,--,"3,825",--
5101,横浜ゴム,PTS(X),信用返済売,６ヵ月,特定,2025/05/15,2025/05/19,100,"3,376.4",25,--,-265,--
5101,横浜ゴム,PTS(X),信用返済売,６ヵ月,特定,2025/05/15,2025/05/19,100,"3,376.9",25,--,-215,--
5101,横浜ゴム,PTS(X),信用返済売,６ヵ月,特定,2025/05/15,2025/05/19,100,"3,377",25,--,-215,--
5108,ブリヂストン,PTS(X),信用返済売,６ヵ月,特定,2025/05/15,2025/05/19,100,"6,173.2",47,--,"-1,307",--
5108,ブリヂストン,PTS(O),信用返済売,６ヵ月,特定,2025/05/15,2025/05/19,100,"5,996.4",46,--,"-8,256",--
5108,ブリヂストン,PTS(O),信用返済売,６ヵ月,特定,2025/05/15,2025/05/19,100,"6,160.1",47,--,"2,683",--
5352,黒崎播磨,東証,信用返済売,６ヵ月,特定,2025/05/15,2025/05/19,100,"2,796",78,--,"23,992",--
5352,黒崎播磨,東証,信用返済売,６ヵ月,特定,2025/05/15,2025/05/19,100,"2,796",77,--,"26,123",--
5703,日本軽金属ホールディングス,PTS(O),信用返済売,６ヵ月,特定,2025/05/15,2025/05/19,200,"1,586.4",23,--,"10,257",--
5703,日本軽金属ホールディングス,PTS(X),信用返済売,６ヵ月,特定,2025/05/15,2025/05/19,100,"1,585.7",11,--,"5,069",--
6146,ディスコ,PTS(O),信用返済売,６ヵ月,特定,2025/05/15,2025/05/19,100,"35,882.4",279,--,"-57,969",--
6209,リケンＮＰＲ,PTS(O),信用返済売,６ヵ月,特定,2025/05/15,2025/05/19,100,"2,402",18,--,"-5,088",--
6209,リケンＮＰＲ,PTS(X),信用返済売,６ヵ月,特定,2025/05/15,2025/05/19,100,"2,402",18,--,"-5,078",--
6247,日阪製作所,PTS(X),信用返済売,６ヵ月,特定,2025/05/15,2025/05/19,100,"1,088",7,--,"7,093",--
6247,日阪製作所,東証,信用返済売,６ヵ月,特定,2025/05/15,2025/05/19,100,"1,082",7,--,"6,393",--
6247,日阪製作所,東証,信用返済売,６ヵ月,特定,2025/05/15,2025/05/19,100,"1,088",7,--,"6,993",--
6247,日阪製作所,東証,信用返済売,６ヵ月,特定,2025/05/15,2025/05/19,100,"1,086",7,--,"6,793",--
6330,東洋エンジニアリング,東証,信用返済売,６ヵ月,特定,2025/05/15,2025/05/19,300,659,17,--,"-34,517",--
6330,東洋エンジニアリング,東証,信用返済売,６ヵ月,特定,2025/05/15,2025/05/19,100,659,5,--,"-11,505",--
6463,ＴＰＲ,PTS(X),信用返済売,６ヵ月,特定,2025/05/15,2025/05/19,100,"2,040.1",16,--,"-7,986",--
6857,アドバンテスト,東証,信用返済売,６ヵ月,特定,2025/05/15,2025/05/19,100,"7,413",57,--,"-2,357",--
7255,桜井製作所,東証,信用返済売,６ヵ月,特定,2025/05/15,2025/05/19,500,538,92,--,"-34,092",--
7313,テイ・エス　テック,PTS(X),信用返済売,６ヵ月,特定,2025/05/15,2025/05/19,100,"1,632.2",50,--,"-1,180",--
7313,テイ・エス　テック,PTS(X),信用返済売,６ヵ月,特定,2025/05/15,2025/05/19,100,"1,632.2",50,--,"-1,170",--
7389,あいちフィナンシャルグループ,PTS(X),信用返済売,６ヵ月,特定,2025/05/15,2025/05/19,100,"2,601.3",20,--,"-9,610",--
7389,あいちフィナンシャルグループ,PTS(X),信用返済売,６ヵ月,特定,2025/05/15,2025/05/19,100,"2,601.4",20,--,"-9,610",--
7936,アシックス,PTS(X),信用返済売,６ヵ月,特定,2025/05/15,2025/05/19,100,"3,250.4",25,--,"-4,145",--
7936,アシックス,PTS(X),信用返済売,６ヵ月,特定,2025/05/15,2025/05/19,100,"3,250.6",25,--,"-4,005",--
7936,アシックス,PTS(X),信用返済売,６ヵ月,特定,2025/05/15,2025/05/19,100,"3,250.5",25,--,"-4,025",--
8713,フィデアホールディングス,PTS(X),信用返済売,６ヵ月,特定,2025/05/15,2025/05/19,100,"1,517.5",11,--,"-1,831",--
8713,フィデアホールディングス,PTS(O),信用返済売,６ヵ月,特定,2025/05/15,2025/05/19,100,"1,517.5",11,--,"-1,831",--
8713,フィデアホールディングス,PTS(X),信用返済売,６ヵ月,特定,2025/05/15,2025/05/19,100,"1,517.5",11,--,"-1,841",--
8795,Ｔ＆Ｄホールディングス,PTS(X),信用返済売,６ヵ月,特定,2025/05/15,2025/05/19,100,"3,116",23,--,"1,307",--
8795,Ｔ＆Ｄホールディングス,PTS(X),信用返済売,６ヵ月,特定,2025/05/15,2025/05/19,100,"3,116.1",23,--,"1,317",--
9763,丸紅建材リース,PTS(X),信用返済売,６ヵ月,特定,2025/05/15,2025/05/19,100,"3,292",26,--,"-19,776",--
1860,戸田建設,東証,信用新規買,６ヵ月,特定,2025/05/15,2025/05/19,300,882.7,--,--,--,--
1860,戸田建設,PTS(O),信用新規買,６ヵ月,特定,2025/05/15,2025/05/19,100,882.6,--,--,--,--
1860,戸田建設,PTS(O),信用新規買,６ヵ月,特定,2025/05/15,2025/05/19,100,882.7,--,--,--,--
2109,ＤＭ三井製糖,PTS(X),信用新規買,６ヵ月,特定,2025/05/15,2025/05/19,100,"3,375",--,--,--,--
2109,ＤＭ三井製糖,東証,信用新規買,６ヵ月,特定,2025/05/15,2025/05/19,100,"3,305",--,--,--,--
3844,コムチュア,PTS(X),信用新規買,６ヵ月,特定,2025/05/15,2025/05/19,100,"1,765.8",--,--,--,--
3844,コムチュア,PTS(J),信用新規買,６ヵ月,特定,2025/05/15,2025/05/19,100,"1,765.8",--,--,--,--
3844,コムチュア,PTS(X),信用新規買,６ヵ月,特定,2025/05/15,2025/05/19,200,"1,765.4",--,--,--,--
3844,コムチュア,PTS(X),信用新規買,６ヵ月,特定,2025/05/15,2025/05/19,100,"1,765.7",--,--,--,--
3863,日本製紙,PTS(O),信用新規買,６ヵ月,特定,2025/05/15,2025/05/19,100,"1,060.7",--,--,--,--
3863,日本製紙,PTS(X),信用新規買,６ヵ月,特定,2025/05/15,2025/05/19,100,"1,060.7",--,--,--,--
3863,日本製紙,PTS(X),信用新規買,６ヵ月,特定,2025/05/15,2025/05/19,200,"1,055.8",--,--,--,--
3863,日本製紙,PTS(O),信用新規買,６ヵ月,特定,2025/05/15,2025/05/19,100,"1,055.8",--,--,--,--
3863,日本製紙,PTS(O),信用新規買,６ヵ月,特定,2025/05/15,2025/05/19,100,"1,060.6",--,--,--,--
4116,大日精化工業,東証,信用新規買,６ヵ月,特定,2025/05/15,2025/05/19,100,"3,210",--,--,--,--
4116,大日精化工業,東証,信用新規買,６ヵ月,特定,2025/05/15,2025/05/19,100,"3,220",--,--,--,--
4523,エーザイ,東証,信用新規買,６ヵ月,特定,2025/05/15,2025/05/19,100,"3,860",--,--,--,--
4631,ＤＩＣ,PTS(O),信用新規買,６ヵ月,特定,2025/05/15,2025/05/19,100,"2,715.4",--,--,--,--
4631,ＤＩＣ,PTS(X),信用新規買,６ヵ月,特定,2025/05/15,2025/05/19,100,"2,715.4",--,--,--,--
5101,横浜ゴム,PTS(X),信用新規買,６ヵ月,特定,2025/05/15,2025/05/19,100,"3,378.8",--,--,--,--
5101,横浜ゴム,PTS(O),信用新規買,６ヵ月,特定,2025/05/15,2025/05/19,100,"3,378.8",--,--,--,--
5101,横浜ゴム,PTS(X),信用新規買,６ヵ月,特定,2025/05/15,2025/05/19,100,"3,284.5",--,--,--,--
5101,横浜ゴム,PTS(X),信用新規買,６ヵ月,特定,2025/05/15,2025/05/19,100,"3,378.9",--,--,--,--
5101,横浜ゴム,PTS(X),信用新規買,６ヵ月,特定,2025/05/15,2025/05/19,100,"3,284.6",--,--,--,--
5108,ブリヂストン,PTS(X),信用新規買,６ヵ月,特定,2025/05/15,2025/05/19,100,"6,078.5",--,--,--,--
5108,ブリヂストン,PTS(X),信用新規買,６ヵ月,特定,2025/05/15,2025/05/19,100,"6,185.8",--,--,--,--
5108,ブリヂストン,PTS(X),信用新規買,６ヵ月,特定,2025/05/15,2025/05/19,100,"6,132.8",--,--,--,--
5703,日本軽金属ホールディングス,PTS(O),信用新規買,６ヵ月,特定,2025/05/15,2025/05/19,100,"1,534.9",--,--,--,--
5703,日本軽金属ホールディングス,東証,信用新規買,６ヵ月,特定,2025/05/15,2025/05/19,200,"1,535",--,--,--,--
6146,ディスコ,PTS(X),信用新規買,６ヵ月,特定,2025/05/15,2025/05/19,100,"36,459.3",--,--,--,--
6209,リケンＮＰＲ,PTS(X),信用新規買,６ヵ月,特定,2025/05/15,2025/05/19,100,"2,452.6",--,--,--,--
6209,リケンＮＰＲ,PTS(X),信用新規買,６ヵ月,特定,2025/05/15,2025/05/19,100,"2,452.7",--,--,--,--
6247,日阪製作所,東証,信用新規買,６ヵ月,特定,2025/05/15,2025/05/19,100,"1,017",--,--,--,--
6247,日阪製作所,東証,信用新規買,６ヵ月,特定,2025/05/15,2025/05/19,300,"1,018",--,--,--,--
6254,野村マイクロ・サイエンス,東証,信用新規買,６ヵ月,特定,2025/05/15,2025/05/19,200,"2,638",--,--,--,--
6330,東洋エンジニアリング,東証,信用新規買,６ヵ月,特定,2025/05/15,2025/05/19,300,774,--,--,--,--
6330,東洋エンジニアリング,東証,信用新規買,６ヵ月,特定,2025/05/15,2025/05/19,100,774,--,--,--,--
6463,ＴＰＲ,PTS(X),信用新規買,６ヵ月,特定,2025/05/15,2025/05/19,100,"2,119.8",--,--,--,--
6794,フォスター電機,PTS(O),信用新規買,６ヵ月,特定,2025/05/15,2025/05/19,100,"1,265.8",--,--,--,--
6794,フォスター電機,PTS(X),信用新規買,６ヵ月,特定,2025/05/15,2025/05/19,100,"1,265.8",--,--,--,--
6794,フォスター電機,PTS(O),信用新規買,６ヵ月,特定,2025/05/15,2025/05/19,100,"1,265.7",--,--,--,--
6857,アドバンテスト,東証,信用新規買,６ヵ月,特定,2025/05/15,2025/05/19,100,"7,436",--,--,--,--
6890,フェローテックホールディングス,PTS(X),信用新規買,６ヵ月,特定,2025/05/15,2025/05/19,100,"2,661",--,--,--,--
6890,フェローテックホールディングス,東証,信用新規買,６ヵ月,特定,2025/05/15,2025/05/19,100,"2,659",--,--,--,--
7182,ゆうちょ銀行,PTS(O),信用新規買,６ヵ月,特定,2025/05/15,2025/05/19,200,"1,501.9",--,--,--,--
7182,ゆうちょ銀行,PTS(J),信用新規買,６ヵ月,特定,2025/05/15,2025/05/19,100,"1,501.9",--,--,--,--
7182,ゆうちょ銀行,PTS(X),信用新規買,６ヵ月,特定,2025/05/15,2025/05/19,200,"1,501.9",--,--,--,--
7384,プロクレアホールディングス,PTS(X),信用新規買,６ヵ月,特定,2025/05/15,2025/05/19,100,"1,583.9",--,--,--,--
7384,プロクレアホールディングス,PTS(X),信用新規買,６ヵ月,特定,2025/05/15,2025/05/19,100,"1,583.6",--,--,--,--
7384,プロクレアホールディングス,PTS(O),信用新規買,６ヵ月,特定,2025/05/15,2025/05/19,100,"1,583.9",--,--,--,--
7389,あいちフィナンシャルグループ,PTS(X),信用新規買,６ヵ月,特定,2025/05/15,2025/05/19,100,"2,697.2",--,--,--,--
7389,あいちフィナンシャルグループ,PTS(X),信用新規買,６ヵ月,特定,2025/05/15,2025/05/19,100,"2,697.3",--,--,--,--
7936,アシックス,PTS(X),信用新規買,６ヵ月,特定,2025/05/15,2025/05/19,100,"3,290.5",--,--,--,--
7936,アシックス,PTS(X),信用新規買,６ヵ月,特定,2025/05/15,2025/05/19,100,"3,290.4",--,--,--,--
7936,アシックス,PTS(O),信用新規買,６ヵ月,特定,2025/05/15,2025/05/19,100,"3,291.6",--,--,--,--
8141,新光商事,PTS(X),信用新規買,６ヵ月,特定,2025/05/15,2025/05/19,100,962,--,--,--,--
8141,新光商事,PTS(X),信用新規買,６ヵ月,特定,2025/05/15,2025/05/19,100,961.9,--,--,--,--
8141,新光商事,東証,信用新規買,６ヵ月,特定,2025/05/15,2025/05/19,300,962,--,--,--,--
8713,フィデアホールディングス,PTS(X),信用新規買,６ヵ月,特定,2025/05/15,2025/05/19,100,"1,535.8",--,--,--,--
8713,フィデアホールディングス,PTS(X),信用新規買,６ヵ月,特定,2025/05/15,2025/05/19,200,"1,535.7",--,--,--,--
8795,Ｔ＆Ｄホールディングス,PTS(X),信用新規買,６ヵ月,特定,2025/05/15,2025/05/19,200,"3,102.7",--,--,--,--
9763,丸紅建材リース,PTS(X),信用新規買,６ヵ月,特定,2025/05/15,2025/05/19,100,"3,489.5",--,--,--,--
3397,トリドールホールディングス,PTS(X),信用返済買,６ヵ月,特定,2025/05/15,2025/05/19,100,"4,192.9",12,--,"-5,592",--
3397,トリドールホールディングス,PTS(X),信用返済買,６ヵ月,特定,2025/05/15,2025/05/19,100,"4,193",12,--,"-5,612",--
6254,野村マイクロ・サイエンス,--,現引,６ヵ月,特定,2025/05/15,2025/05/19,200,"2,638",40,--,"-527,640",--
1803,清水建設,PTS(X),信用新規売,６ヵ月,特定,2025/05/14,2025/05/16,100,"1,523.2",--,--,--,--
1803,清水建設,PTS(X),信用新規売,６ヵ月,特定,2025/05/14,2025/05/16,100,"1,523.3",--,--,--,--
1812,鹿島建設,PTS(X),信用返済売,６ヵ月,特定,2025/05/14,2025/05/16,100,"3,433",26,--,-66,--
1812,鹿島建設,東証,信用返済売,６ヵ月,特定,2025/05/14,2025/05/16,100,"3,572",26,--,"13,844",--
2270,雪印メグミルク,東証,信用返済売,６ヵ月,特定,2025/05/14,2025/05/16,200,"2,900",38,--,"74,562",--
2540,養命酒製造,東証,信用返済売,６ヵ月,特定,2025/05/14,2025/05/16,100,"2,966",46,--,"-5,946",--
2540,養命酒製造,東証,信用返済売,６ヵ月,特定,2025/05/14,2025/05/16,100,"2,966",46,--,"-5,896",--
3405,クラレ,PTS(X),信用返済売,６ヵ月,特定,2025/05/14,2025/05/16,100,"1,784.5",13,--,"7,437",--
3405,クラレ,東証,信用返済売,６ヵ月,特定,2025/05/14,2025/05/16,100,"1,784.5",13,--,"7,437",--
3405,クラレ,PTS(X),信用返済売,６ヵ月,特定,2025/05/14,2025/05/16,100,"1,784.6",13,--,"7,447",--
4401,ＡＤＥＫＡ,東証,信用返済売,６ヵ月,特定,2025/05/14,2025/05/16,200,"2,635",42,--,"-20,742",--
5715,古河機械金属,東証,信用返済売,６ヵ月,特定,2025/05/14,2025/05/16,200,"2,085",65,--,"-12,765",--
5715,古河機械金属,東証,信用返済売,６ヵ月,特定,2025/05/14,2025/05/16,100,"2,085",32,--,"-6,372",--
5929,三和ホールディングス,東証,信用返済売,６ヵ月,特定,2025/05/14,2025/05/16,100,"4,875",37,--,373,--
5930,文化シヤッター,東証,信用返済売,６ヵ月,特定,2025/05/14,2025/05/16,100,"2,180",16,--,"2,754",--
5930,文化シヤッター,東証,信用返済売,６ヵ月,特定,2025/05/14,2025/05/16,100,"2,180",16,--,"2,724",--
6125,岡本工作機械製作所,東証,信用返済売,６ヵ月,特定,2025/05/14,2025/05/16,100,"4,095",61,--,"9,989",--
6146,ディスコ,PTS(X),信用返済売,６ヵ月,特定,2025/05/14,2025/05/16,100,"36,853.2",276,--,"75,194",--
6146,ディスコ,PTS(X),信用返済売,６ヵ月,特定,2025/05/14,2025/05/16,100,"37,013.1",283,--,-473,--
6146,ディスコ,PTS(X),信用返済売,６ヵ月,特定,2025/05/14,2025/05/16,100,"35,982.5",273,--,"35,997",--
6368,オルガノ,PTS(O),信用返済売,６ヵ月,特定,2025/05/14,2025/05/16,100,"7,500",113,--,"12,187",--
6590,芝浦メカトロニクス,PTS(X),信用返済売,６ヵ月,特定,2025/05/14,2025/05/16,100,"7,934",61,--,"-10,961",--
6758,ソニーグループ,東証,信用返済売,６ヵ月,特定,2025/05/14,2025/05/16,100,"3,620",27,--,"8,483",--
6758,ソニーグループ,東証,信用返済売,６ヵ月,特定,2025/05/14,2025/05/16,100,"3,620",27,--,"8,473",--
6857,アドバンテスト,東証,信用返済売,６ヵ月,特定,2025/05/14,2025/05/16,100,"7,481",57,--,"4,613",--
6857,アドバンテスト,PTS(J),信用返済売,６ヵ月,特定,2025/05/14,2025/05/16,100,"7,473.1",56,--,"8,034",--
7150,島根銀行,東証,信用返済売,６ヵ月,特定,2025/05/14,2025/05/16,"1,000",466,77,--,"-41,077",--
7201,日産自動車,東証,信用返済売,６ヵ月,特定,2025/05/14,2025/05/16,100,355.5,5,--,-185,--
7201,日産自動車,東証,信用返済売,６ヵ月,特定,2025/05/14,2025/05/16,100,355.5,5,--,-185,--
7201,日産自動車,東証,信用返済売,６ヵ月,特定,2025/05/14,2025/05/16,800,355.5,43,--,"-1,563",--
7270,ＳＵＢＡＲＵ,東証,信用返済売,６ヵ月,特定,2025/05/14,2025/05/16,100,"2,691",21,--,"-7,961",--
7270,ＳＵＢＡＲＵ,東証,信用返済売,６ヵ月,特定,2025/05/14,2025/05/16,100,"2,691.5",21,--,"-7,911",--
7467,萩原電気ホールディングス,PTS(O),信用返済売,６ヵ月,特定,2025/05/14,2025/05/16,100,"3,125",24,--,"-5,524",--
7467,萩原電気ホールディングス,PTS(X),信用返済売,６ヵ月,特定,2025/05/14,2025/05/16,100,"3,124.5",24,--,"-4,524",--
8551,北日本銀行,東証,信用返済売,６ヵ月,特定,2025/05/14,2025/05/16,100,"3,220",25,--,"-3,975",--
8563,大東銀行,東証,信用返済売,６ヵ月,特定,2025/05/14,2025/05/16,300,672,32,--,"-8,432",--
8563,大東銀行,東証,信用返済売,６ヵ月,特定,2025/05/14,2025/05/16,400,672,43,--,"-11,643",--
8563,大東銀行,東証,信用返済売,６ヵ月,特定,2025/05/14,2025/05/16,200,672,21,--,"-5,601",--
8563,大東銀行,東証,信用返済売,６ヵ月,特定,2025/05/14,2025/05/16,100,672,10,--,"-2,810",--
8841,テーオーシー,東証,信用返済売,６ヵ月,特定,2025/05/14,2025/05/16,100,634,10,--,"-5,210",--
8841,テーオーシー,東証,信用返済売,６ヵ月,特定,2025/05/14,2025/05/16,400,634,42,--,"-20,842",--
9684,スクウェア・エニックス・ホールディングス,東証,信用返済売,６ヵ月,特定,2025/05/14,2025/05/16,100,"8,623",66,--,-176,--
167A,リョーサン菱洋ホールディングス,PTS(O),信用新規買,６ヵ月,特定,2025/05/14,2025/05/16,100,"2,486",--,--,--,--
1812,鹿島建設,PTS(O),信用新規買,６ヵ月,特定,2025/05/14,2025/05/16,100,"3,433.3",--,--,--,--
1812,鹿島建設,PTS(O),信用新規買,６ヵ月,特定,2025/05/14,2025/05/16,100,"3,433.4",--,--,--,--
1884,日本道路,PTS(O),信用新規買,６ヵ月,特定,2025/05/14,2025/05/16,100,"2,467",--,--,--,--
1884,日本道路,東証,信用新規買,６ヵ月,特定,2025/05/14,2025/05/16,100,"2,425",--,--,--,--
1884,日本道路,PTS(O),信用新規買,６ヵ月,特定,2025/05/14,2025/05/16,100,"2,389",--,--,--,--
2270,雪印メグミルク,PTS(X),信用新規買,６ヵ月,特定,2025/05/14,2025/05/16,200,"2,527",--,--,--,--
3405,クラレ,東証,信用新規買,６ヵ月,特定,2025/05/14,2025/05/16,200,"1,710",--,--,--,--
3405,クラレ,PTS(J),信用新規買,６ヵ月,特定,2025/05/14,2025/05/16,100,"1,710",--,--,--,--
4044,セントラル硝子,PTS(X),信用新規買,６ヵ月,特定,2025/05/14,2025/05/16,100,"2,840.9",--,--,--,--
4118,カネカ,PTS(X),信用新規買,６ヵ月,特定,2025/05/14,2025/05/16,100,"3,633.9",--,--,--,--
4401,ＡＤＥＫＡ,東証,信用新規買,６ヵ月,特定,2025/05/14,2025/05/16,200,"2,738.5",--,--,--,--
5352,黒崎播磨,PTS(X),信用新規買,６ヵ月,特定,2025/05/14,2025/05/16,100,"2,534",--,--,--,--
5352,黒崎播磨,PTS(X),信用新規買,６ヵ月,特定,2025/05/14,2025/05/16,100,"2,555.3",--,--,--,--
5929,三和ホールディングス,PTS(X),信用新規買,６ヵ月,特定,2025/05/14,2025/05/16,100,"4,870.9",--,--,--,--
5930,文化シヤッター,PTS(O),信用新規買,６ヵ月,特定,2025/05/14,2025/05/16,100,"2,152.3",--,--,--,--
5930,文化シヤッター,PTS(X),信用新規買,６ヵ月,特定,2025/05/14,2025/05/16,100,"2,152.6",--,--,--,--
6146,ディスコ,PTS(X),信用新規買,６ヵ月,特定,2025/05/14,2025/05/16,100,"37,015",--,--,--,--
6146,ディスコ,PTS(X),信用新規買,６ヵ月,特定,2025/05/14,2025/05/16,100,"35,619.8",--,--,--,--
6146,ディスコ,PTS(X),信用新規買,６ヵ月,特定,2025/05/14,2025/05/16,100,"36,098.5",--,--,--,--
6590,芝浦メカトロニクス,PTS(X),信用新規買,６ヵ月,特定,2025/05/14,2025/05/16,100,"8,043",--,--,--,--
6758,ソニーグループ,PTS(O),信用新規買,６ヵ月,特定,2025/05/14,2025/05/16,100,"3,534.9",--,--,--,--
6758,ソニーグループ,東証,信用新規買,６ヵ月,特定,2025/05/14,2025/05/16,100,"3,535",--,--,--,--
6857,アドバンテスト,PTS(O),信用新規買,６ヵ月,特定,2025/05/14,2025/05/16,100,"7,434.3",--,--,--,--
6857,アドバンテスト,PTS(X),信用新規買,６ヵ月,特定,2025/05/14,2025/05/16,100,"7,392.2",--,--,--,--
7255,桜井製作所,東証,信用新規買,６ヵ月,特定,2025/05/14,2025/05/16,500,606,--,--,--,--
7270,ＳＵＢＡＲＵ,PTS(X),信用新規買,６ヵ月,特定,2025/05/14,2025/05/16,200,"2,770.4",--,--,--,--
7313,テイ・エス　テック,PTS(X),信用新規買,６ヵ月,特定,2025/05/14,2025/05/16,100,"1,643.5",--,--,--,--
7313,テイ・エス　テック,PTS(X),信用新規買,６ヵ月,特定,2025/05/14,2025/05/16,100,"1,643.4",--,--,--,--
7467,萩原電気ホールディングス,PTS(X),信用新規買,６ヵ月,特定,2025/05/14,2025/05/16,100,"3,169.5",--,--,--,--
7467,萩原電気ホールディングス,東証,信用新規買,６ヵ月,特定,2025/05/14,2025/05/16,100,"3,180",--,--,--,--
8551,北日本銀行,PTS(X),信用新規買,６ヵ月,特定,2025/05/14,2025/05/16,100,"3,259.5",--,--,--,--
9684,スクウェア・エニックス・ホールディングス,PTS(X),信用新規買,６ヵ月,特定,2025/05/14,2025/05/16,100,"8,624.1",--,--,--,--
1803,清水建設,PTS(X),信用返済買,６ヵ月,特定,2025/05/14,2025/05/16,100,"1,527.6",4,--,-434,--
1803,清水建設,PTS(O),信用返済買,６ヵ月,特定,2025/05/14,2025/05/16,100,"1,527.6",4,--,-444,--
1801,大成建設,PTS(X),信用新規売,６ヵ月,特定,2025/05/13,2025/05/15,100,"7,409",--,--,--,--
1801,大成建設,PTS(X),信用新規売,６ヵ月,特定,2025/05/13,2025/05/15,100,"7,409.1",--,--,--,--
4506,住友ファーマ,PTS(O),信用新規売,６ヵ月,特定,2025/05/13,2025/05/15,100,978,--,--,--,--
4506,住友ファーマ,東証,信用新規売,６ヵ月,特定,2025/05/13,2025/05/15,"1,700",977,--,--,--,--
4506,住友ファーマ,東証,信用新規売,６ヵ月,特定,2025/05/13,2025/05/15,600,978,--,--,--,--
4506,住友ファーマ,PTS(X),信用新規売,６ヵ月,特定,2025/05/13,2025/05/15,600,978,--,--,--,--
5803,フジクラ,東証,信用新規売,６ヵ月,特定,2025/05/13,2025/05/15,100,"5,926",--,--,--,--
5803,フジクラ,東証,信用新規売,６ヵ月,特定,2025/05/13,2025/05/15,100,"6,088",--,--,--,--
5803,フジクラ,PTS(X),信用新規売,６ヵ月,特定,2025/05/13,2025/05/15,100,"6,088",--,--,--,--
5803,フジクラ,PTS(X),信用新規売,６ヵ月,特定,2025/05/13,2025/05/15,100,"5,926.9",--,--,--,--
5803,フジクラ,PTS(X),信用新規売,６ヵ月,特定,2025/05/13,2025/05/15,100,"6,089",--,--,--,--
5803,フジクラ,PTS(X),信用新規売,６ヵ月,特定,2025/05/13,2025/05/15,100,"6,105",--,--,--,--
1802,大林組,東証,信用返済売,６ヵ月,特定,2025/05/13,2025/05/15,200,"2,119",34,--,"-20,994",--
1802,大林組,東証,信用返済売,６ヵ月,特定,2025/05/13,2025/05/15,100,"2,119",17,--,"-10,507",--
1802,大林組,東証,信用返済売,６ヵ月,特定,2025/05/13,2025/05/15,100,"2,119",17,--,"-10,517",--
1810,松井建設,PTS(X),信用返済売,６ヵ月,特定,2025/05/13,2025/05/15,200,"1,039.2",15,--,265,--
1810,松井建設,PTS(X),信用返済売,６ヵ月,特定,2025/05/13,2025/05/15,100,"1,039.1",7,--,133,--
1965,テクノ菱和,東証,信用返済売,６ヵ月,特定,2025/05/13,2025/05/15,100,"2,897",21,--,"5,219",--
1965,テクノ菱和,東証,信用返済売,６ヵ月,特定,2025/05/13,2025/05/15,100,"2,897",21,--,"5,209",--
2053,中部飼料,PTS(X),信用返済売,６ヵ月,特定,2025/05/13,2025/05/15,100,"1,498.5",76,--,"7,174",--
2053,中部飼料,PTS(X),信用返済売,６ヵ月,特定,2025/05/13,2025/05/15,100,"1,498.1",76,--,"7,044",--
2053,中部飼料,PTS(O),信用返済売,６ヵ月,特定,2025/05/13,2025/05/15,100,"1,498.4",76,--,"7,064",--
2053,中部飼料,PTS(X),信用返済売,６ヵ月,特定,2025/05/13,2025/05/15,100,"1,498.4",76,--,"7,064",--
4042,東ソー,PTS(X),信用返済売,６ヵ月,特定,2025/05/13,2025/05/15,100,"2,103.5",16,--,384,--
4042,東ソー,PTS(X),信用返済売,６ヵ月,特定,2025/05/13,2025/05/15,100,"2,103.6",16,--,384,--
4183,三井化学,PTS(O),信用返済売,６ヵ月,特定,2025/05/13,2025/05/15,100,"3,212.1",25,--,"-9,855",--
4183,三井化学,PTS(X),信用返済売,６ヵ月,特定,2025/05/13,2025/05/15,100,"3,212",25,--,"-9,865",--
4188,三菱ケミカルグループ,PTS(J),信用返済売,６ヵ月,特定,2025/05/13,2025/05/15,100,801.3,5,--,"7,445",--
4188,三菱ケミカルグループ,PTS(O),信用返済売,６ヵ月,特定,2025/05/13,2025/05/15,100,801.3,5,--,"7,445",--
4188,三菱ケミカルグループ,PTS(J),信用返済売,６ヵ月,特定,2025/05/13,2025/05/15,100,801.4,5,--,"7,445",--
4188,三菱ケミカルグループ,PTS(O),信用返済売,６ヵ月,特定,2025/05/13,2025/05/15,100,801.3,5,--,"7,445",--
4188,三菱ケミカルグループ,PTS(O),信用返済売,６ヵ月,特定,2025/05/13,2025/05/15,200,801.4,11,--,"14,909",--
4188,三菱ケミカルグループ,PTS(J),信用返済売,６ヵ月,特定,2025/05/13,2025/05/15,100,801.4,5,--,"7,465",--
4635,東京インキ,東証,信用返済売,６ヵ月,特定,2025/05/13,2025/05/15,100,"4,075",31,--,"1,019",--
5232,住友大阪セメント,PTS(X),信用返済売,６ヵ月,特定,2025/05/13,2025/05/15,100,"3,962.1",29,--,"5,991",--
5232,住友大阪セメント,PTS(X),信用返済売,６ヵ月,特定,2025/05/13,2025/05/15,100,"3,962",29,--,"5,991",--
5233,太平洋セメント,東証,信用返済売,６ヵ月,特定,2025/05/13,2025/05/15,100,"3,806",30,--,"-13,930",--
5233,太平洋セメント,東証,信用返済売,６ヵ月,特定,2025/05/13,2025/05/15,100,"3,806",30,--,"-13,930",--
5802,住友電気工業,東証,信用返済売,６ヵ月,特定,2025/05/13,2025/05/15,100,"2,615.5",19,--,"8,181",--
5802,住友電気工業,東証,信用返済売,６ヵ月,特定,2025/05/13,2025/05/15,100,"2,615",19,--,"7,851",--
5802,住友電気工業,PTS(J),信用返済売,６ヵ月,特定,2025/05/13,2025/05/15,100,"2,615.5",19,--,"8,181",--
5803,フジクラ,東証,信用返済売,６ヵ月,特定,2025/05/13,2025/05/15,100,"6,080",47,--,"-8,837",--
5803,フジクラ,東証,信用返済売,６ヵ月,特定,2025/05/13,2025/05/15,100,"6,080",47,--,"-8,847",--
5803,フジクラ,東証,信用返済売,６ヵ月,特定,2025/05/13,2025/05/15,100,"6,080",47,--,"-8,847",--
5805,ＳＷＣＣ,PTS(X),信用返済売,６ヵ月,特定,2025/05/13,2025/05/15,100,"6,961",53,--,"-1,953",--
6262,ＰＥＧＡＳＵＳ,東証,信用返済売,６ヵ月,特定,2025/05/13,2025/05/15,500,504,79,--,"-6,079",--
6269,三井海洋開発,東証,信用返済売,６ヵ月,特定,2025/05/13,2025/05/15,100,"4,230",34,--,"-22,334",--
6351,鶴見製作所,東証,信用返済売,６ヵ月,特定,2025/05/13,2025/05/15,100,"3,655",27,--,973,--
6484,ＫＶＫ,東証,信用返済売,６ヵ月,特定,2025/05/13,2025/05/15,100,"1,880",29,--,"-6,929",--
6484,ＫＶＫ,東証,信用返済売,６ヵ月,特定,2025/05/13,2025/05/15,100,"1,890",29,--,"-5,329",--
6857,アドバンテスト,東証,信用返済売,６ヵ月,特定,2025/05/13,2025/05/15,100,"7,190",56,--,"-22,926",--
6857,アドバンテスト,東証,信用返済売,６ヵ月,特定,2025/05/13,2025/05/15,100,"7,189",57,--,"-36,947",--
6857,アドバンテスト,東証,信用返済売,６ヵ月,特定,2025/05/13,2025/05/15,100,"7,190",55,--,"-10,625",--
6857,アドバンテスト,東証,信用返済売,６ヵ月,特定,2025/05/13,2025/05/15,200,"7,190",112,--,"-29,832",--
6857,アドバンテスト,東証,信用返済売,６ヵ月,特定,2025/05/13,2025/05/15,100,"7,190",55,--,"-10,645",--
6857,アドバンテスト,東証,信用返済売,６ヵ月,特定,2025/05/13,2025/05/15,100,"7,190",56,--,"-15,346",--
6857,アドバンテスト,東証,信用返済売,６ヵ月,特定,2025/05/13,2025/05/15,100,"7,190",56,--,"-15,336",--
6920,レーザーテック,PTS(X),信用返済売,６ヵ月,特定,2025/05/13,2025/05/15,100,"14,825.3",717,--,"145,853",--
6920,レーザーテック,PTS(X),信用返済売,６ヵ月,特定,2025/05/13,2025/05/15,100,"14,825.4",706,--,"166,114",--
6957,芝浦電子,東証,信用返済売,６ヵ月,特定,2025/05/13,2025/05/15,400,"6,170",378,--,-378,--
6973,協栄産業,東証,信用返済売,６ヵ月,特定,2025/05/13,2025/05/15,100,"2,335",17,--,-717,--
6973,協栄産業,東証,信用返済売,６ヵ月,特定,2025/05/13,2025/05/15,100,"2,378",17,--,"4,383",--
7201,日産自動車,東証,信用返済売,６ヵ月,特定,2025/05/13,2025/05/15,700,357.2,19,--,"-5,129",--
7201,日産自動車,東証,信用返済売,６ヵ月,特定,2025/05/13,2025/05/15,800,357.2,22,--,"-5,782",--
7201,日産自動車,東証,信用返済売,６ヵ月,特定,2025/05/13,2025/05/15,100,357.2,2,--,-722,--
7201,日産自動車,東証,信用返済売,６ヵ月,特定,2025/05/13,2025/05/15,100,357.2,2,--,-722,--
7201,日産自動車,東証,信用返済売,６ヵ月,特定,2025/05/13,2025/05/15,300,357.2,8,--,"-2,168",--
7460,ヤギ,東証,信用返済売,６ヵ月,特定,2025/05/13,2025/05/15,100,"2,250",33,--,"9,267",--
7460,ヤギ,東証,信用返済売,６ヵ月,特定,2025/05/13,2025/05/15,100,"2,251",32,--,"13,368",--
7482,シモジマ,PTS(X),信用返済売,６ヵ月,特定,2025/05/13,2025/05/15,100,"1,256",20,--,"-5,520",--
7482,シモジマ,東証,信用返済売,６ヵ月,特定,2025/05/13,2025/05/15,100,"1,256",20,--,"-5,520",--
7482,シモジマ,東証,信用返済売,６ヵ月,特定,2025/05/13,2025/05/15,100,"1,256",20,--,"-5,520",--
7482,シモジマ,東証,信用返済売,６ヵ月,特定,2025/05/13,2025/05/15,100,"1,256",20,--,"-5,620",--
7735,ＳＣＲＥＥＮホールディングス,PTS(X),信用返済売,６ヵ月,特定,2025/05/13,2025/05/15,200,"10,697","1,042",--,"197,898",--
8337,千葉興業銀行,東証,信用返済売,６ヵ月,特定,2025/05/13,2025/05/15,100,"1,202",9,--,"-5,109",--
8337,千葉興業銀行,東証,信用返済売,６ヵ月,特定,2025/05/13,2025/05/15,200,"1,201",19,--,"-10,419",--
8345,岩手銀行,東証,信用返済売,６ヵ月,特定,2025/05/13,2025/05/15,200,"2,920",47,--,"-30,747",--
8381,山陰合同銀行,東証,信用返済売,６ヵ月,特定,2025/05/13,2025/05/15,300,"1,295",30,--,"-5,100",--
8381,山陰合同銀行,東証,信用返済売,６ヵ月,特定,2025/05/13,2025/05/15,100,"1,293",10,--,"-1,890",--
8381,山陰合同銀行,東証,信用返済売,６ヵ月,特定,2025/05/13,2025/05/15,100,"1,296",10,--,"-1,600",--
8383,鳥取銀行,東証,信用返済売,６ヵ月,特定,2025/05/13,2025/05/15,100,"1,267",20,--,"-5,120",--
8383,鳥取銀行,東証,信用返済売,６ヵ月,特定,2025/05/13,2025/05/15,300,"1,267",60,--,"-15,060",--
8399,琉球銀行,東証,信用返済売,６ヵ月,特定,2025/05/13,2025/05/15,100,"1,142",9,--,"-4,199",--
8399,琉球銀行,東証,信用返済売,６ヵ月,特定,2025/05/13,2025/05/15,300,"1,141",27,--,"-12,927",--
8399,琉球銀行,東証,信用返済売,６ヵ月,特定,2025/05/13,2025/05/15,100,"1,142",9,--,"-4,209",--
8544,京葉銀行,PTS(J),信用返済売,６ヵ月,特定,2025/05/13,2025/05/15,100,883,6,--,"-1,896",--
8544,京葉銀行,PTS(X),信用返済売,６ヵ月,特定,2025/05/13,2025/05/15,100,883,6,--,"-1,886",--
8544,京葉銀行,東証,信用返済売,６ヵ月,特定,2025/05/13,2025/05/15,100,883,6,--,"-1,886",--
8544,京葉銀行,PTS(X),信用返済売,６ヵ月,特定,2025/05/13,2025/05/15,100,883.1,6,--,"-1,886",--
9305,ヤマタネ,東証,信用返済売,６ヵ月,特定,2025/05/13,2025/05/15,100,"4,600",37,--,"-30,237",--
1802,大林組,PTS(X),信用新規買,６ヵ月,特定,2025/05/13,2025/05/15,100,"2,223.9",--,--,--,--
1802,大林組,東証,信用新規買,６ヵ月,特定,2025/05/13,2025/05/15,100,"2,224",--,--,--,--
1802,大林組,PTS(X),信用新規買,６ヵ月,特定,2025/05/13,2025/05/15,200,"2,223.8",--,--,--,--
1810,松井建設,PTS(X),信用新規買,６ヵ月,特定,2025/05/13,2025/05/15,100,"1,037.7",--,--,--,--
1810,松井建設,PTS(X),信用新規買,６ヵ月,特定,2025/05/13,2025/05/15,200,"1,037.8",--,--,--,--
1965,テクノ菱和,PTS(X),信用新規買,６ヵ月,特定,2025/05/13,2025/05/15,100,"2,844.6",--,--,--,--
1965,テクノ菱和,PTS(X),信用新規買,６ヵ月,特定,2025/05/13,2025/05/15,100,"2,844.7",--,--,--,--
2540,養命酒製造,PTS(X),信用新規買,６ヵ月,特定,2025/05/13,2025/05/15,100,"3,024.5",--,--,--,--
2540,養命酒製造,PTS(X),信用新規買,６ヵ月,特定,2025/05/13,2025/05/15,100,"3,025",--,--,--,--
4042,東ソー,PTS(X),信用新規買,６ヵ月,特定,2025/05/13,2025/05/15,100,"2,099.6",--,--,--,--
4042,東ソー,PTS(O),信用新規買,６ヵ月,特定,2025/05/13,2025/05/15,100,"2,099.5",--,--,--,--
4183,三井化学,PTS(X),信用新規買,６ヵ月,特定,2025/05/13,2025/05/15,200,"3,310.4",--,--,--,--
4188,三菱ケミカルグループ,PTS(X),信用新規買,６ヵ月,特定,2025/05/13,2025/05/15,200,726.8,--,--,--,--
4188,三菱ケミカルグループ,東証,信用新規買,６ヵ月,特定,2025/05/13,2025/05/15,200,726.8,--,--,--,--
4188,三菱ケミカルグループ,東証,信用新規買,６ヵ月,特定,2025/05/13,2025/05/15,100,726.9,--,--,--,--
4188,三菱ケミカルグループ,PTS(X),信用新規買,６ヵ月,特定,2025/05/13,2025/05/15,100,726.7,--,--,--,--
4188,三菱ケミカルグループ,PTS(O),信用新規買,６ヵ月,特定,2025/05/13,2025/05/15,100,726.8,--,--,--,--
4635,東京インキ,PTS(X),信用新規買,６ヵ月,特定,2025/05/13,2025/05/15,100,"4,064.5",--,--,--,--
5232,住友大阪セメント,PTS(X),信用新規買,６ヵ月,特定,2025/05/13,2025/05/15,100,"3,901.8",--,--,--,--
5232,住友大阪セメント,PTS(X),信用新規買,６ヵ月,特定,2025/05/13,2025/05/15,100,"3,901.9",--,--,--,--
5233,太平洋セメント,東証,信用新規買,６ヵ月,特定,2025/05/13,2025/05/15,100,"3,945",--,--,--,--
5233,太平洋セメント,PTS(X),信用新規買,６ヵ月,特定,2025/05/13,2025/05/15,100,"3,945",--,--,--,--
5715,古河機械金属,PTS(X),信用新規買,６ヵ月,特定,2025/05/13,2025/05/15,200,"2,148.5",--,--,--,--
5715,古河機械金属,PTS(X),信用新規買,６ヵ月,特定,2025/05/13,2025/05/15,100,"2,148.4",--,--,--,--
5802,住友電気工業,PTS(X),信用新規買,６ヵ月,特定,2025/05/13,2025/05/15,100,"2,536.3",--,--,--,--
5802,住友電気工業,PTS(O),信用新規買,６ヵ月,特定,2025/05/13,2025/05/15,200,"2,533.5",--,--,--,--
5803,フジクラ,東証,信用新規買,６ヵ月,特定,2025/05/13,2025/05/15,100,"6,168",--,--,--,--
5803,フジクラ,PTS(O),信用新規買,６ヵ月,特定,2025/05/13,2025/05/15,100,"6,167.9",--,--,--,--
5803,フジクラ,PTS(O),信用新規買,６ヵ月,特定,2025/05/13,2025/05/15,100,"6,168",--,--,--,--
5805,ＳＷＣＣ,東証,信用新規買,６ヵ月,特定,2025/05/13,2025/05/15,100,"6,980",--,--,--,--
6125,岡本工作機械製作所,PTS(X),信用新規買,６ヵ月,特定,2025/05/13,2025/05/15,100,"3,994.5",--,--,--,--
6269,三井海洋開発,PTS(O),信用新規買,６ヵ月,特定,2025/05/13,2025/05/15,100,"4,453",--,--,--,--
6351,鶴見製作所,東証,信用新規買,６ヵ月,特定,2025/05/13,2025/05/15,100,"3,645",--,--,--,--
6368,オルガノ,PTS(X),信用新規買,６ヵ月,特定,2025/05/13,2025/05/15,100,"7,377",--,--,--,--
6857,アドバンテスト,PTS(X),信用新規買,６ヵ月,特定,2025/05/13,2025/05/15,100,"7,295.7",--,--,--,--
6857,アドバンテスト,PTS(J),信用新規買,６ヵ月,特定,2025/05/13,2025/05/15,100,"7,557.9",--,--,--,--
6857,アドバンテスト,PTS(O),信用新規買,６ヵ月,特定,2025/05/13,2025/05/15,100,"7,342.8",--,--,--,--
6857,アドバンテスト,PTS(O),信用新規買,６ヵ月,特定,2025/05/13,2025/05/15,100,"7,295.9",--,--,--,--
6857,アドバンテスト,東証,信用新規買,６ヵ月,特定,2025/05/13,2025/05/15,200,"7,558",--,--,--,--
6857,アドバンテスト,PTS(X),信用新規買,６ヵ月,特定,2025/05/13,2025/05/15,100,"7,342.9",--,--,--,--
6857,アドバンテスト,PTS(O),信用新規買,６ヵ月,特定,2025/05/13,2025/05/15,100,"7,418.7",--,--,--,--
6857,アドバンテスト,PTS(X),信用新規買,６ヵ月,特定,2025/05/13,2025/05/15,200,"7,338.6",--,--,--,--
6920,レーザーテック,PTS(X),信用新規買,６ヵ月,特定,2025/05/13,2025/05/15,200,"14,827.6",--,--,--,--
6973,協栄産業,東証,信用新規買,６ヵ月,特定,2025/05/13,2025/05/15,100,"2,342",--,--,--,--
6973,協栄産業,東証,信用新規買,６ヵ月,特定,2025/05/13,2025/05/15,100,"2,334",--,--,--,--
7150,島根銀行,東証,信用新規買,６ヵ月,特定,2025/05/13,2025/05/15,"1,000",507,--,--,--,--
7201,日産自動車,PTS(J),信用新規買,６ヵ月,特定,2025/05/13,2025/05/15,100,364.4,--,--,--,--
7201,日産自動車,東証,信用新規買,６ヵ月,特定,2025/05/13,2025/05/15,800,357.4,--,--,--,--
7201,日産自動車,東証,信用新規買,６ヵ月,特定,2025/05/13,2025/05/15,800,364.4,--,--,--,--
7201,日産自動車,東証,信用新規買,６ヵ月,特定,2025/05/13,2025/05/15,700,364.5,--,--,--,--
7201,日産自動車,PTS(X),信用新規買,６ヵ月,特定,2025/05/13,2025/05/15,300,364.4,--,--,--,--
7201,日産自動車,PTS(O),信用新規買,６ヵ月,特定,2025/05/13,2025/05/15,100,364.4,--,--,--,--
7201,日産自動車,PTS(X),信用新規買,６ヵ月,特定,2025/05/13,2025/05/15,100,357.3,--,--,--,--
7201,日産自動車,PTS(O),信用新規買,６ヵ月,特定,2025/05/13,2025/05/15,100,357.3,--,--,--,--
7735,ＳＣＲＥＥＮホールディングス,PTS(X),信用新規買,６ヵ月,特定,2025/05/13,2025/05/15,100,"10,699.5",--,--,--,--
7735,ＳＣＲＥＥＮホールディングス,PTS(O),信用新規買,６ヵ月,特定,2025/05/13,2025/05/15,100,"10,699",--,--,--,--
8337,千葉興業銀行,東証,信用新規買,６ヵ月,特定,2025/05/13,2025/05/15,300,"1,253",--,--,--,--
8345,岩手銀行,PTS(X),信用新規買,６ヵ月,特定,2025/05/13,2025/05/15,200,"3,073.5",--,--,--,--
8381,山陰合同銀行,PTS(X),信用新規買,６ヵ月,特定,2025/05/13,2025/05/15,100,"1,311.8",--,--,--,--
8381,山陰合同銀行,PTS(X),信用新規買,６ヵ月,特定,2025/05/13,2025/05/15,100,"1,311.9",--,--,--,--
8381,山陰合同銀行,PTS(O),信用新規買,６ヵ月,特定,2025/05/13,2025/05/15,300,"1,311.9",--,--,--,--
8399,琉球銀行,東証,信用新規買,６ヵ月,特定,2025/05/13,2025/05/15,400,"1,184",--,--,--,--
8399,琉球銀行,PTS(X),信用新規買,６ヵ月,特定,2025/05/13,2025/05/15,100,"1,183.9",--,--,--,--
8544,京葉銀行,PTS(O),信用新規買,６ヵ月,特定,2025/05/13,2025/05/15,200,901.9,--,--,--,--
8544,京葉銀行,PTS(O),信用新規買,６ヵ月,特定,2025/05/13,2025/05/15,100,901.8,--,--,--,--
8544,京葉銀行,PTS(J),信用新規買,６ヵ月,特定,2025/05/13,2025/05/15,100,901.8,--,--,--,--
8563,大東銀行,東証,信用新規買,６ヵ月,特定,2025/05/13,2025/05/15,300,700,--,--,--,--
8563,大東銀行,PTS(X),信用新規買,６ヵ月,特定,2025/05/13,2025/05/15,200,699.9,--,--,--,--
8563,大東銀行,PTS(X),信用新規買,６ヵ月,特定,2025/05/13,2025/05/15,100,700,--,--,--,--
8563,大東銀行,東証,信用新規買,６ヵ月,特定,2025/05/13,2025/05/15,400,701,--,--,--,--
8841,テーオーシー,PTS(X),信用新規買,６ヵ月,特定,2025/05/13,2025/05/15,100,686,--,--,--,--
8841,テーオーシー,東証,信用新規買,６ヵ月,特定,2025/05/13,2025/05/15,400,686,--,--,--,--
9305,ヤマタネ,PTS(X),信用新規買,６ヵ月,特定,2025/05/13,2025/05/15,100,"4,902",--,--,--,--
1801,大成建設,東証,信用返済買,６ヵ月,特定,2025/05/13,2025/05/15,100,"7,460",22,--,"-5,122",--
1801,大成建設,東証,信用返済買,６ヵ月,特定,2025/05/13,2025/05/15,100,"7,458",22,--,"-4,912",--
4506,住友ファーマ,PTS(X),信用返済買,６ヵ月,特定,2025/05/13,2025/05/15,300,974.8,8,--,952,--
4506,住友ファーマ,PTS(X),信用返済買,６ヵ月,特定,2025/05/13,2025/05/15,200,970.6,5,--,"1,475",--
4506,住友ファーマ,PTS(O),信用返済買,６ヵ月,特定,2025/05/13,2025/05/15,200,970.9,5,--,"1,415",--
4506,住友ファーマ,PTS(X),信用返済買,６ヵ月,特定,2025/05/13,2025/05/15,100,970.8,2,--,718,--
4506,住友ファーマ,PTS(X),信用返済買,６ヵ月,特定,2025/05/13,2025/05/15,200,970.9,5,--,"1,415",--
4506,住友ファーマ,東証,信用返済買,６ヵ月,特定,2025/05/13,2025/05/15,100,971,2,--,698,--
4506,住友ファーマ,東証,信用返済買,６ヵ月,特定,2025/05/13,2025/05/15,100,971,2,--,698,--
4506,住友ファーマ,PTS(O),信用返済買,６ヵ月,特定,2025/05/13,2025/05/15,700,866,20,--,"77,680",--
4506,住友ファーマ,PTS(X),信用返済買,６ヵ月,特定,2025/05/13,2025/05/15,700,974.8,20,--,"1,520",--
4506,住友ファーマ,PTS(X),信用返済買,６ヵ月,特定,2025/05/13,2025/05/15,100,970.8,2,--,718,--
4506,住友ファーマ,PTS(X),信用返済買,６ヵ月,特定,2025/05/13,2025/05/15,300,866,8,--,"33,292",--
5803,フジクラ,PTS(X),信用返済買,６ヵ月,特定,2025/05/13,2025/05/15,100,"6,179",17,--,"-25,227",--
5803,フジクラ,PTS(X),信用返済買,６ヵ月,特定,2025/05/13,2025/05/15,100,"6,179",17,--,"-25,317",--
5803,フジクラ,東証,信用返済買,６ヵ月,特定,2025/05/13,2025/05/15,100,"5,941",18,--,"16,382",--
5803,フジクラ,PTS(X),信用返済買,６ヵ月,特定,2025/05/13,2025/05/15,100,"5,892",18,--,"19,582",--
5803,フジクラ,PTS(X),信用返済買,６ヵ月,特定,2025/05/13,2025/05/15,100,"5,945.8",18,--,"14,302",--
5803,フジクラ,PTS(X),信用返済買,６ヵ月,特定,2025/05/13,2025/05/15,100,"5,892",18,--,"19,582",--
4182,三菱瓦斯化学,PTS(J),現物売,--,特定,2025/05/12,2025/05/14,100,"2,167",--,--,"216,700",--
4182,三菱瓦斯化学,PTS(J),現物売,--,特定,2025/05/12,2025/05/14,200,"2,170",--,--,"434,000",--
5660,神鋼鋼線工業,PTS(J),現物売,--,特定,2025/05/12,2025/05/14,200,"1,340",--,--,"268,000",--
8541,愛媛銀行,東証(外),現物買,--,特定,2025/05/12,2025/05/14,100,"1,047.9",--,--,"104,790",--
2432,ディー・エヌ・エー,東証,信用新規売,６ヵ月,特定,2025/05/12,2025/05/14,200,"3,008",--,--,--,--
2432,ディー・エヌ・エー,東証,信用新規売,６ヵ月,特定,2025/05/12,2025/05/14,100,"3,009",--,--,--,--
2432,ディー・エヌ・エー,PTS(X),信用新規売,６ヵ月,特定,2025/05/12,2025/05/14,100,"3,008.1",--,--,--,--
2432,ディー・エヌ・エー,PTS(X),信用新規売,６ヵ月,特定,2025/05/12,2025/05/14,300,"3,009",--,--,--,--
2432,ディー・エヌ・エー,PTS(X),信用新規売,６ヵ月,特定,2025/05/12,2025/05/14,200,"3,008.2",--,--,--,--
5020,ＥＮＥＯＳホールディングス,東証,信用新規売,６ヵ月,特定,2025/05/12,2025/05/14,200,693.7,--,--,--,--
5020,ＥＮＥＯＳホールディングス,東証,信用新規売,６ヵ月,特定,2025/05/12,2025/05/14,200,692.9,--,--,--,--
5020,ＥＮＥＯＳホールディングス,東証,信用新規売,６ヵ月,特定,2025/05/12,2025/05/14,100,692.8,--,--,--,--
5020,ＥＮＥＯＳホールディングス,東証,信用新規売,６ヵ月,特定,2025/05/12,2025/05/14,200,693,--,--,--,--
5020,ＥＮＥＯＳホールディングス,東証,信用新規売,６ヵ月,特定,2025/05/12,2025/05/14,100,693.3,--,--,--,--
5020,ＥＮＥＯＳホールディングス,PTS(J),信用新規売,６ヵ月,特定,2025/05/12,2025/05/14,100,693.9,--,--,--,--
5020,ＥＮＥＯＳホールディングス,PTS(O),信用新規売,６ヵ月,特定,2025/05/12,2025/05/14,200,694,--,--,--,--
5020,ＥＮＥＯＳホールディングス,PTS(X),信用新規売,６ヵ月,特定,2025/05/12,2025/05/14,100,694,--,--,--,--
5020,ＥＮＥＯＳホールディングス,PTS(X),信用新規売,６ヵ月,特定,2025/05/12,2025/05/14,100,693.9,--,--,--,--
5020,ＥＮＥＯＳホールディングス,東証,信用新規売,６ヵ月,特定,2025/05/12,2025/05/14,100,693.9,--,--,--,--
5020,ＥＮＥＯＳホールディングス,東証,信用新規売,６ヵ月,特定,2025/05/12,2025/05/14,100,693.1,--,--,--,--
5020,ＥＮＥＯＳホールディングス,東証,信用新規売,６ヵ月,特定,2025/05/12,2025/05/14,100,693.2,--,--,--,--
5020,ＥＮＥＯＳホールディングス,東証,信用新規売,６ヵ月,特定,2025/05/12,2025/05/14,200,693.8,--,--,--,--
5020,ＥＮＥＯＳホールディングス,東証,信用新規売,６ヵ月,特定,2025/05/12,2025/05/14,200,693.5,--,--,--,--
5201,ＡＧＣ,PTS(X),信用新規売,６ヵ月,特定,2025/05/12,2025/05/14,100,"4,327.8",--,--,--,--
5201,ＡＧＣ,PTS(X),信用新規売,６ヵ月,特定,2025/05/12,2025/05/14,100,"4,327.9",--,--,--,--
1301,極洋,PTS(X),信用返済売,６ヵ月,特定,2025/05/12,2025/05/14,100,"4,546.5",34,--,"5,616",--
1820,西松建設,PTS(X),信用返済売,６ヵ月,特定,2025/05/12,2025/05/14,100,"5,360.6",40,--,"3,620",--
1826,佐田建設,PTS(X),信用返済売,６ヵ月,特定,2025/05/12,2025/05/14,100,"1,087",8,--,"-4,408",--
1826,佐田建設,東証,信用返済売,６ヵ月,特定,2025/05/12,2025/05/14,200,"1,087",17,--,"-8,817",--
2432,ディー・エヌ・エー,PTS(O),信用返済売,６ヵ月,特定,2025/05/12,2025/05/14,100,"3,041",23,--,"1,777",--
2432,ディー・エヌ・エー,東証,信用返済売,６ヵ月,特定,2025/05/12,2025/05/14,100,"3,011",23,--,"-5,403",--
2432,ディー・エヌ・エー,東証,信用返済売,６ヵ月,特定,2025/05/12,2025/05/14,300,"3,011",73,--,"-56,473",--
2432,ディー・エヌ・エー,東証,信用返済売,６ヵ月,特定,2025/05/12,2025/05/14,200,"3,011",47,--,"-10,827",--
2432,ディー・エヌ・エー,東証,信用返済売,６ヵ月,特定,2025/05/12,2025/05/14,200,"3,038",46,--,"2,954",--
2432,ディー・エヌ・エー,PTS(X),信用返済売,６ヵ月,特定,2025/05/12,2025/05/14,100,"3,041.3",23,--,"1,807",--
2432,ディー・エヌ・エー,PTS(X),信用返済売,６ヵ月,特定,2025/05/12,2025/05/14,200,"3,038",46,--,"2,954",--
2432,ディー・エヌ・エー,PTS(X),信用返済売,６ヵ月,特定,2025/05/12,2025/05/14,200,"3,041.4",46,--,"3,634",--
2432,ディー・エヌ・エー,PTS(X),信用返済売,６ヵ月,特定,2025/05/12,2025/05/14,100,"3,038",23,--,"1,577",--
2432,ディー・エヌ・エー,PTS(O),信用返済売,６ヵ月,特定,2025/05/12,2025/05/14,100,"3,041.3",23,--,"1,807",--
2432,ディー・エヌ・エー,PTS(X),信用返済売,６ヵ月,特定,2025/05/12,2025/05/14,400,"3,041.5",92,--,"7,308",--
2432,ディー・エヌ・エー,東証,信用返済売,６ヵ月,特定,2025/05/12,2025/05/14,300,"3,011",71,--,"-32,651",--
2432,ディー・エヌ・エー,PTS(O),信用返済売,６ヵ月,特定,2025/05/12,2025/05/14,100,"3,041.5",23,--,"1,827",--
3401,帝人,東証,信用返済売,６ヵ月,特定,2025/05/12,2025/05/14,100,"1,180",9,--,"-3,969",--
3401,帝人,東証,信用返済売,６ヵ月,特定,2025/05/12,2025/05/14,100,"1,180",9,--,"-3,979",--
3401,帝人,東証,信用返済売,６ヵ月,特定,2025/05/12,2025/05/14,100,"1,180",9,--,"-3,979",--
3401,帝人,東証,信用返済売,６ヵ月,特定,2025/05/12,2025/05/14,100,"1,180",9,--,"-3,969",--
3401,帝人,東証,信用返済売,６ヵ月,特定,2025/05/12,2025/05/14,100,"1,180",9,--,"-4,199",--
3401,帝人,東証,信用返済売,６ヵ月,特定,2025/05/12,2025/05/14,100,"1,180",9,--,"-3,959",--
3401,帝人,東証,信用返済売,６ヵ月,特定,2025/05/12,2025/05/14,100,"1,180",9,--,"-3,999",--
3401,帝人,東証,信用返済売,６ヵ月,特定,2025/05/12,2025/05/14,100,"1,180",9,--,"-4,259",--
3401,帝人,東証,信用返済売,６ヵ月,特定,2025/05/12,2025/05/14,100,"1,180",9,--,"-3,989",--
3401,帝人,東証,信用返済売,６ヵ月,特定,2025/05/12,2025/05/14,100,"1,180",9,--,"-4,209",--
4502,武田薬品工業,PTS(X),信用返済売,６ヵ月,特定,2025/05/12,2025/05/14,100,"4,053.4",31,--,-771,--
4502,武田薬品工業,PTS(X),信用返済売,６ヵ月,特定,2025/05/12,2025/05/14,100,"4,053.5",31,--,-751,--
4502,武田薬品工業,PTS(X),信用返済売,６ヵ月,特定,2025/05/12,2025/05/14,100,"4,053.4",31,--,-781,--
5020,ＥＮＥＯＳホールディングス,東証,信用返済売,６ヵ月,特定,2025/05/12,2025/05/14,400,691.4,22,--,"-10,982",--
5020,ＥＮＥＯＳホールディングス,東証,信用返済売,６ヵ月,特定,2025/05/12,2025/05/14,600,691.4,33,--,"-16,413",--
5201,ＡＧＣ,PTS(X),信用返済売,６ヵ月,特定,2025/05/12,2025/05/14,100,"4,374.6",34,--,"-10,214",--
5201,ＡＧＣ,PTS(X),信用返済売,６ヵ月,特定,2025/05/12,2025/05/14,100,"4,374.5",34,--,"-10,214",--
5401,日本製鉄,PTS(X),信用返済売,６ヵ月,特定,2025/05/12,2025/05/14,100,"2,839.1",21,--,-361,--
5401,日本製鉄,PTS(X),信用返済売,６ヵ月,特定,2025/05/12,2025/05/14,200,"2,839.1",43,--,-523,--
5401,日本製鉄,PTS(O),信用返済売,６ヵ月,特定,2025/05/12,2025/05/14,100,"2,839.1",21,--,-311,--
5406,神戸製鋼所,東証,信用返済売,６ヵ月,特定,2025/05/12,2025/05/14,100,"1,651",12,--,"-1,212",--
5406,神戸製鋼所,東証,信用返済売,６ヵ月,特定,2025/05/12,2025/05/14,100,"1,651",12,--,"-1,212",--
5406,神戸製鋼所,東証,信用返済売,６ヵ月,特定,2025/05/12,2025/05/14,100,"1,651",12,--,"-1,202",--
6460,セガサミーホールディングス,PTS(O),信用返済売,６ヵ月,特定,2025/05/12,2025/05/14,100,"3,188.1",23,--,"12,897",--
6460,セガサミーホールディングス,PTS(X),信用返済売,６ヵ月,特定,2025/05/12,2025/05/14,100,"3,204.7",23,--,"14,757",--
6460,セガサミーホールディングス,PTS(X),信用返済売,６ヵ月,特定,2025/05/12,2025/05/14,100,"3,191.1",23,--,"13,397",--
6643,戸上電機製作所,PTS(X),信用返済売,６ヵ月,特定,2025/05/12,2025/05/14,100,"3,290",25,--,"-8,975",--
6857,アドバンテスト,PTS(X),信用返済売,６ヵ月,特定,2025/05/12,2025/05/14,100,"7,233.3",53,--,"26,657",--
6857,アドバンテスト,PTS(X),信用返済売,６ヵ月,特定,2025/05/12,2025/05/14,100,"7,233.3",53,--,"26,667",--
6927,ヘリオス　テクノ　ホールディング,PTS(X),信用返済売,６ヵ月,特定,2025/05/12,2025/05/14,100,867.1,42,--,"-5,432",--
6927,ヘリオス　テクノ　ホールディング,PTS(X),信用返済売,６ヵ月,特定,2025/05/12,2025/05/14,100,867,42,--,"-5,442",--
6927,ヘリオス　テクノ　ホールディング,PTS(O),信用返済売,６ヵ月,特定,2025/05/12,2025/05/14,100,867.5,42,--,"-5,392",--
6927,ヘリオス　テクノ　ホールディング,東証,信用返済売,６ヵ月,特定,2025/05/12,2025/05/14,100,866,42,--,"-5,542",--
6927,ヘリオス　テクノ　ホールディング,東証,信用返済売,６ヵ月,特定,2025/05/12,2025/05/14,300,867,127,--,"-16,327",--
6927,ヘリオス　テクノ　ホールディング,PTS(O),信用返済売,６ヵ月,特定,2025/05/12,2025/05/14,100,867.4,42,--,"-5,402",--
6927,ヘリオス　テクノ　ホールディング,PTS(O),信用返済売,６ヵ月,特定,2025/05/12,2025/05/14,100,867.6,42,--,"-5,382",--
6927,ヘリオス　テクノ　ホールディング,PTS(X),信用返済売,６ヵ月,特定,2025/05/12,2025/05/14,100,867.4,42,--,"-5,402",--
6957,芝浦電子,PTS(X),信用返済売,６ヵ月,特定,2025/05/12,2025/05/14,100,"6,150",94,--,906,--
6957,芝浦電子,PTS(O),信用返済売,６ヵ月,特定,2025/05/12,2025/05/14,100,"6,150",94,--,906,--
6957,芝浦電子,PTS(X),信用返済売,６ヵ月,特定,2025/05/12,2025/05/14,100,"6,151",94,--,"1,006",--
7012,川崎重工業,PTS(O),信用返済売,６ヵ月,特定,2025/05/12,2025/05/14,100,"8,669.7",66,--,524,--
7012,川崎重工業,PTS(X),信用返済売,６ヵ月,特定,2025/05/12,2025/05/14,100,"8,669.7",66,--,524,--
7261,マツダ,東証,信用返済売,６ヵ月,特定,2025/05/12,2025/05/14,100,899.3,6,--,-56,--
7261,マツダ,東証,信用返済売,６ヵ月,特定,2025/05/12,2025/05/14,100,899.3,6,--,-56,--
7261,マツダ,東証,信用返済売,６ヵ月,特定,2025/05/12,2025/05/14,200,899.4,13,--,-93,--
7261,マツダ,東証,信用返済売,６ヵ月,特定,2025/05/12,2025/05/14,100,899.5,6,--,-36,--
7261,マツダ,東証,信用返済売,６ヵ月,特定,2025/05/12,2025/05/14,100,899.3,6,--,-56,--
7261,マツダ,PTS(X),信用返済売,６ヵ月,特定,2025/05/12,2025/05/14,200,899.5,13,--,-53,--
7261,マツダ,PTS(X),信用返済売,６ヵ月,特定,2025/05/12,2025/05/14,200,899.5,13,--,-73,--
7337,ひろぎんホールディングス,PTS(X),信用返済売,６ヵ月,特定,2025/05/12,2025/05/14,100,"1,251.6",9,--,551,--
7337,ひろぎんホールディングス,PTS(X),信用返済売,６ヵ月,特定,2025/05/12,2025/05/14,100,"1,251.6",9,--,561,--
7337,ひろぎんホールディングス,PTS(X),信用返済売,６ヵ月,特定,2025/05/12,2025/05/14,100,"1,251.6",9,--,551,--
7337,ひろぎんホールディングス,PTS(X),信用返済売,６ヵ月,特定,2025/05/12,2025/05/14,100,"1,251.6",9,--,551,--
8343,秋田銀行,東証,信用返済売,６ヵ月,特定,2025/05/12,2025/05/14,200,"2,902",38,--,"75,982",--
8386,百十四銀行,PTS(X),信用返済売,６ヵ月,特定,2025/05/12,2025/05/14,100,"3,730.5",26,--,"28,524",--
8386,百十四銀行,PTS(O),信用返済売,６ヵ月,特定,2025/05/12,2025/05/14,100,"3,730.5",26,--,"28,524",--
8392,大分銀行,PTS(X),信用返済売,６ヵ月,特定,2025/05/12,2025/05/14,100,"3,585.5",27,--,"1,523",--
8395,佐賀銀行,東証,信用返済売,６ヵ月,特定,2025/05/12,2025/05/14,100,"2,171",16,--,"-2,666",--
8395,佐賀銀行,東証,信用返済売,６ヵ月,特定,2025/05/12,2025/05/14,100,"2,190",16,--,-776,--
8410,セブン銀行,東証,信用返済売,６ヵ月,特定,2025/05/12,2025/05/14,800,253.8,32,--,"-8,032",--
8410,セブン銀行,東証,信用返済売,６ヵ月,特定,2025/05/12,2025/05/14,100,253.8,4,--,-994,--
8410,セブン銀行,東証,信用返済売,６ヵ月,特定,2025/05/12,2025/05/14,200,253.8,8,--,"-1,968",--
8410,セブン銀行,東証,信用返済売,６ヵ月,特定,2025/05/12,2025/05/14,200,253.8,8,--,"-1,968",--
8410,セブン銀行,東証,信用返済売,６ヵ月,特定,2025/05/12,2025/05/14,200,253.8,8,--,"-1,988",--
8410,セブン銀行,東証,信用返済売,６ヵ月,特定,2025/05/12,2025/05/14,500,253.8,20,--,"-4,970",--
8541,愛媛銀行,東証,信用返済売,６ヵ月,特定,2025/05/12,2025/05/14,100,"1,026",8,--,"-2,888",--
8541,愛媛銀行,東証,信用返済売,６ヵ月,特定,2025/05/12,2025/05/14,100,"1,026",8,--,"-2,898",--
8541,愛媛銀行,東証,信用返済売,６ヵ月,特定,2025/05/12,2025/05/14,100,"1,030",8,--,"-2,498",--
8541,愛媛銀行,PTS(O),信用返済売,６ヵ月,特定,2025/05/12,2025/05/14,100,"1,031.1",8,--,"-2,388",--
9305,ヤマタネ,PTS(X),信用返済売,６ヵ月,特定,2025/05/12,2025/05/14,100,"5,022",38,--,-838,--
9305,ヤマタネ,PTS(X),信用返済売,６ヵ月,特定,2025/05/12,2025/05/14,100,"5,021",38,--,-938,--
9305,ヤマタネ,PTS(X),信用返済売,６ヵ月,特定,2025/05/12,2025/05/14,100,"5,023",38,--,-738,--
9869,加藤産業,東証,信用返済売,６ヵ月,特定,2025/05/12,2025/05/14,100,"5,410",82,--,"1,918",--
1301,極洋,PTS(X),信用新規買,６ヵ月,特定,2025/05/12,2025/05/14,100,"4,490",--,--,--,--
1820,西松建設,東証,信用新規買,６ヵ月,特定,2025/05/12,2025/05/14,100,"5,324",--,--,--,--
1826,佐田建設,東証,信用新規買,６ヵ月,特定,2025/05/12,2025/05/14,300,"1,131",--,--,--,--
2432,ディー・エヌ・エー,PTS(X),信用新規買,６ヵ月,特定,2025/05/12,2025/05/14,200,"3,064.9",--,--,--,--
2432,ディー・エヌ・エー,PTS(X),信用新規買,６ヵ月,特定,2025/05/12,2025/05/14,300,"3,119.6",--,--,--,--
2432,ディー・エヌ・エー,東証,信用新規買,６ヵ月,特定,2025/05/12,2025/05/14,300,"3,199",--,--,--,--
2432,ディー・エヌ・エー,東証,信用新規買,６ヵ月,特定,2025/05/12,2025/05/14,"1,400","3,023",--,--,--,--
2432,ディー・エヌ・エー,東証,信用新規買,６ヵ月,特定,2025/05/12,2025/05/14,100,"3,022",--,--,--,--
2432,ディー・エヌ・エー,PTS(X),信用新規買,６ヵ月,特定,2025/05/12,2025/05/14,100,"3,064.8",--,--,--,--
3401,帝人,PTS(X),信用新規買,６ヵ月,特定,2025/05/12,2025/05/14,100,"1,219.8",--,--,--,--
3401,帝人,PTS(X),信用新規買,６ヵ月,特定,2025/05/12,2025/05/14,100,"1,221.9",--,--,--,--
3401,帝人,PTS(J),信用新規買,６ヵ月,特定,2025/05/12,2025/05/14,100,"1,219.9",--,--,--,--
3401,帝人,東証,信用新規買,６ヵ月,特定,2025/05/12,2025/05/14,100,"1,222.5",--,--,--,--
3401,帝人,東証,信用新規買,６ヵ月,特定,2025/05/12,2025/05/14,100,"1,222",--,--,--,--
3401,帝人,PTS(X),信用新規買,６ヵ月,特定,2025/05/12,2025/05/14,100,"1,219.7",--,--,--,--
3401,帝人,PTS(O),信用新規買,６ヵ月,特定,2025/05/12,2025/05/14,100,"1,219.7",--,--,--,--
3401,帝人,PTS(X),信用新規買,６ヵ月,特定,2025/05/12,2025/05/14,100,"1,219.6",--,--,--,--
3401,帝人,PTS(O),信用新規買,６ヵ月,特定,2025/05/12,2025/05/14,100,"1,219.6",--,--,--,--
3401,帝人,PTS(X),信用新規買,６ヵ月,特定,2025/05/12,2025/05/14,100,"1,219.5",--,--,--,--
4182,三菱瓦斯化学,東証,信用新規買,６ヵ月,特定,2025/05/12,2025/05/14,300,"2,244.5",--,--,--,--
4502,武田薬品工業,PTS(X),信用新規買,６ヵ月,特定,2025/05/12,2025/05/14,100,"4,060.7",--,--,--,--
4502,武田薬品工業,PTS(X),信用新規買,６ヵ月,特定,2025/05/12,2025/05/14,100,"4,060.9",--,--,--,--
4502,武田薬品工業,PTS(X),信用新規買,６ヵ月,特定,2025/05/12,2025/05/14,100,"4,060.8",--,--,--,--
5020,ＥＮＥＯＳホールディングス,東証,信用新規買,６ヵ月,特定,2025/05/12,2025/05/14,400,718.8,--,--,--,--
5020,ＥＮＥＯＳホールディングス,東証,信用新規買,６ヵ月,特定,2025/05/12,2025/05/14,600,718.7,--,--,--,--
5201,ＡＧＣ,PTS(X),信用新規買,６ヵ月,特定,2025/05/12,2025/05/14,100,"4,476.3",--,--,--,--
5201,ＡＧＣ,PTS(X),信用新規買,６ヵ月,特定,2025/05/12,2025/05/14,100,"4,476.4",--,--,--,--
5401,日本製鉄,東証,信用新規買,６ヵ月,特定,2025/05/12,2025/05/14,100,"2,842.5",--,--,--,--
5401,日本製鉄,東証,信用新規買,６ヵ月,特定,2025/05/12,2025/05/14,100,"2,842",--,--,--,--
5401,日本製鉄,東証,信用新規買,６ヵ月,特定,2025/05/12,2025/05/14,200,"2,841.5",--,--,--,--
5406,神戸製鋼所,PTS(X),信用新規買,６ヵ月,特定,2025/05/12,2025/05/14,100,"1,663",--,--,--,--
5406,神戸製鋼所,PTS(X),信用新規買,６ヵ月,特定,2025/05/12,2025/05/14,100,"1,662.9",--,--,--,--
5406,神戸製鋼所,東証,信用新規買,６ヵ月,特定,2025/05/12,2025/05/14,100,"1,663",--,--,--,--
5660,神鋼鋼線工業,東証,信用新規買,６ヵ月,特定,2025/05/12,2025/05/14,100,"1,502",--,--,--,--
5660,神鋼鋼線工業,東証,信用新規買,６ヵ月,特定,2025/05/12,2025/05/14,100,"1,520",--,--,--,--
6460,セガサミーホールディングス,PTS(O),信用新規買,６ヵ月,特定,2025/05/12,2025/05/14,100,"3,058.9",--,--,--,--
6460,セガサミーホールディングス,PTS(O),信用新規買,６ヵ月,特定,2025/05/12,2025/05/14,200,"3,056.9",--,--,--,--
6484,ＫＶＫ,東証,信用新規買,６ヵ月,特定,2025/05/12,2025/05/14,100,"1,949",--,--,--,--
6484,ＫＶＫ,東証,信用新規買,６ヵ月,特定,2025/05/12,2025/05/14,100,"1,943",--,--,--,--
6643,戸上電機製作所,PTS(X),信用新規買,６ヵ月,特定,2025/05/12,2025/05/14,100,"3,379.5",--,--,--,--
6857,アドバンテスト,PTS(O),信用新規買,６ヵ月,特定,2025/05/12,2025/05/14,100,"6,966.1",--,--,--,--
6857,アドバンテスト,PTS(X),信用新規買,６ヵ月,特定,2025/05/12,2025/05/14,100,"6,966.2",--,--,--,--
6957,芝浦電子,東証,信用新規買,６ヵ月,特定,2025/05/12,2025/05/14,400,"6,170",--,--,--,--
7012,川崎重工業,PTS(X),信用新規買,６ヵ月,特定,2025/05/12,2025/05/14,200,"8,663.8",--,--,--,--
7261,マツダ,東証,信用新規買,６ヵ月,特定,2025/05/12,2025/05/14,600,899.8,--,--,--,--
7261,マツダ,東証,信用新規買,６ヵ月,特定,2025/05/12,2025/05/14,200,899.7,--,--,--,--
7261,マツダ,PTS(O),信用新規買,６ヵ月,特定,2025/05/12,2025/05/14,100,899.8,--,--,--,--
7261,マツダ,PTS(X),信用新規買,６ヵ月,特定,2025/05/12,2025/05/14,100,899.8,--,--,--,--
7337,ひろぎんホールディングス,東証,信用新規買,６ヵ月,特定,2025/05/12,2025/05/14,100,"1,246",--,--,--,--
7337,ひろぎんホールディングス,PTS(X),信用新規買,６ヵ月,特定,2025/05/12,2025/05/14,100,"1,245.9",--,--,--,--
7337,ひろぎんホールディングス,PTS(J),信用新規買,６ヵ月,特定,2025/05/12,2025/05/14,100,"1,246",--,--,--,--
7337,ひろぎんホールディングス,PTS(X),信用新規買,６ヵ月,特定,2025/05/12,2025/05/14,100,"1,246",--,--,--,--
7460,ヤギ,東証,信用新規買,６ヵ月,特定,2025/05/12,2025/05/14,100,"2,157",--,--,--,--
7460,ヤギ,東証,信用新規買,６ヵ月,特定,2025/05/12,2025/05/14,100,"2,117",--,--,--,--
7482,シモジマ,東証,信用新規買,６ヵ月,特定,2025/05/12,2025/05/14,200,"1,311",--,--,--,--
7482,シモジマ,東証,信用新規買,６ヵ月,特定,2025/05/12,2025/05/14,100,"1,312",--,--,--,--
7482,シモジマ,PTS(X),信用新規買,６ヵ月,特定,2025/05/12,2025/05/14,100,"1,311",--,--,--,--
8343,秋田銀行,PTS(X),信用新規買,６ヵ月,特定,2025/05/12,2025/05/14,200,"2,521.9",--,--,--,--
8383,鳥取銀行,東証,信用新規買,６ヵ月,特定,2025/05/12,2025/05/14,300,"1,317",--,--,--,--
8383,鳥取銀行,東証,信用新規買,６ヵ月,特定,2025/05/12,2025/05/14,100,"1,318",--,--,--,--
8386,百十四銀行,PTS(X),信用新規買,６ヵ月,特定,2025/05/12,2025/05/14,100,"3,445",--,--,--,--
8386,百十四銀行,PTS(O),信用新規買,６ヵ月,特定,2025/05/12,2025/05/14,100,"3,445",--,--,--,--
8392,大分銀行,PTS(X),信用新規買,６ヵ月,特定,2025/05/12,2025/05/14,100,"3,570",--,--,--,--
8395,佐賀銀行,PTS(X),信用新規買,６ヵ月,特定,2025/05/12,2025/05/14,100,"2,197.6",--,--,--,--
8395,佐賀銀行,PTS(X),信用新規買,６ヵ月,特定,2025/05/12,2025/05/14,100,"2,197.5",--,--,--,--
8541,愛媛銀行,PTS(O),信用新規買,６ヵ月,特定,2025/05/12,2025/05/14,100,"1,054.9",--,--,--,--
8541,愛媛銀行,PTS(X),信用新規買,６ヵ月,特定,2025/05/12,2025/05/14,200,"1,054.9",--,--,--,--
8541,愛媛銀行,PTS(X),信用新規買,６ヵ月,特定,2025/05/12,2025/05/14,100,"1,054.8",--,--,--,--
9305,ヤマタネ,東証,信用新規買,６ヵ月,特定,2025/05/12,2025/05/14,300,"5,030",--,--,--,--
2432,ディー・エヌ・エー,PTS(X),信用返済買,６ヵ月,特定,2025/05/12,2025/05/14,100,"3,022.9",9,--,"-1,499",--
2432,ディー・エヌ・エー,PTS(X),信用返済買,６ヵ月,特定,2025/05/12,2025/05/14,100,"3,022.8",9,--,"-1,489",--
2432,ディー・エヌ・エー,PTS(X),信用返済買,６ヵ月,特定,2025/05/12,2025/05/14,100,"3,022.7",9,--,"-1,379",--
2432,ディー・エヌ・エー,PTS(X),信用返済買,６ヵ月,特定,2025/05/12,2025/05/14,100,"3,023",9,--,"-1,499",--
2432,ディー・エヌ・エー,PTS(J),信用返済買,６ヵ月,特定,2025/05/12,2025/05/14,100,"3,022.9",9,--,"-1,399",--
2432,ディー・エヌ・エー,PTS(X),信用返済買,６ヵ月,特定,2025/05/12,2025/05/14,100,"3,022.8",9,--,"-1,389",--
2432,ディー・エヌ・エー,PTS(X),信用返済買,６ヵ月,特定,2025/05/12,2025/05/14,100,"3,022.7",9,--,"-1,379",--
2432,ディー・エヌ・エー,PTS(X),信用返済買,６ヵ月,特定,2025/05/12,2025/05/14,200,"3,023",18,--,"-2,978",--
5020,ＥＮＥＯＳホールディングス,PTS(O),信用返済買,６ヵ月,特定,2025/05/12,2025/05/14,100,670.6,2,--,"2,268",--
5020,ＥＮＥＯＳホールディングス,PTS(O),信用返済買,６ヵ月,特定,2025/05/12,2025/05/14,100,670.5,2,--,"2,348",--
5020,ＥＮＥＯＳホールディングス,PTS(X),信用返済買,６ヵ月,特定,2025/05/12,2025/05/14,100,670.5,2,--,"2,348",--
5020,ＥＮＥＯＳホールディングス,PTS(X),信用返済買,６ヵ月,特定,2025/05/12,2025/05/14,100,670.6,2,--,"2,338",--
5020,ＥＮＥＯＳホールディングス,PTS(O),信用返済買,６ヵ月,特定,2025/05/12,2025/05/14,100,678.1,2,--,"1,508",--
5020,ＥＮＥＯＳホールディングス,東証,信用返済買,６ヵ月,特定,2025/05/12,2025/05/14,100,678.3,2,--,"1,558",--
5020,ＥＮＥＯＳホールディングス,東証,信用返済買,６ヵ月,特定,2025/05/12,2025/05/14,100,678.3,2,--,"1,558",--
5020,ＥＮＥＯＳホールディングス,東証,信用返済買,６ヵ月,特定,2025/05/12,2025/05/14,200,678.2,4,--,"3,096",--
5020,ＥＮＥＯＳホールディングス,東証,信用返済買,６ヵ月,特定,2025/05/12,2025/05/14,200,670.7,4,--,"4,456",--
5020,ＥＮＥＯＳホールディングス,東証,信用返済買,６ヵ月,特定,2025/05/12,2025/05/14,100,670.7,2,--,"2,238",--
5020,ＥＮＥＯＳホールディングス,東証,信用返済買,６ヵ月,特定,2025/05/12,2025/05/14,100,670.6,2,--,"2,328",--
5020,ＥＮＥＯＳホールディングス,東証,信用返済買,６ヵ月,特定,2025/05/12,2025/05/14,200,678.3,4,--,"3,036",--
5020,ＥＮＥＯＳホールディングス,東証,信用返済買,６ヵ月,特定,2025/05/12,2025/05/14,200,670.7,4,--,"4,616",--
5020,ＥＮＥＯＳホールディングス,東証,信用返済買,６ヵ月,特定,2025/05/12,2025/05/14,100,678.4,2,--,"1,438",--
5020,ＥＮＥＯＳホールディングス,東証,信用返済買,６ヵ月,特定,2025/05/12,2025/05/14,200,678.4,4,--,"2,896",--
5201,ＡＧＣ,PTS(X),信用返済買,６ヵ月,特定,2025/05/12,2025/05/14,100,"4,338.6",13,--,"-1,093",--
5201,ＡＧＣ,PTS(X),信用返済買,６ヵ月,特定,2025/05/12,2025/05/14,100,"4,338.5",13,--,"-1,073",--
4182,三菱瓦斯化学,--,現引,６ヵ月,特定,2025/05/12,2025/05/14,300,"2,244.5",51,--,"-673,401",--
5660,神鋼鋼線工業,--,現引,６ヵ月,特定,2025/05/12,2025/05/14,100,"1,502",11,--,"-150,211",--
5660,神鋼鋼線工業,--,現引,６ヵ月,特定,2025/05/12,2025/05/14,100,"1,520",11,--,"-152,011",--
4062,イビデン,PTS(O),信用新規売,６ヵ月,特定,2025/05/09,2025/05/13,200,"4,692.3",--,--,--,--
7011,三菱重工業,PTS(X),信用新規売,６ヵ月,特定,2025/05/09,2025/05/13,100,"2,806.1",--,--,--,--
7011,三菱重工業,PTS(O),信用新規売,６ヵ月,特定,2025/05/09,2025/05/13,100,"2,806.4",--,--,--,--
7011,三菱重工業,PTS(O),信用新規売,６ヵ月,特定,2025/05/09,2025/05/13,300,"2,806.1",--,--,--,--
7011,三菱重工業,PTS(O),信用新規売,６ヵ月,特定,2025/05/09,2025/05/13,100,"2,806.2",--,--,--,--
7011,三菱重工業,PTS(O),信用新規売,６ヵ月,特定,2025/05/09,2025/05/13,100,"2,806.5",--,--,--,--
7011,三菱重工業,PTS(X),信用新規売,６ヵ月,特定,2025/05/09,2025/05/13,300,"2,806.5",--,--,--,--
2060,フィード・ワン,東証,信用返済売,６ヵ月,特定,2025/05/09,2025/05/13,300,950,43,--,"3,857",--
2060,フィード・ワン,東証,信用返済売,６ヵ月,特定,2025/05/09,2025/05/13,100,950,14,--,"1,296",--
2060,フィード・ワン,東証,信用返済売,６ヵ月,特定,2025/05/09,2025/05/13,100,950,14,--,"1,296",--
3563,ＦＯＯＤ　＆　ＬＩＦＥ　ＣＯＭＰＡＮＩＥＳ,東証,信用返済売,６ヵ月,特定,2025/05/09,2025/05/13,100,"5,589",42,--,"2,918",--
3563,ＦＯＯＤ　＆　ＬＩＦＥ　ＣＯＭＰＡＮＩＥＳ,東証,信用返済売,６ヵ月,特定,2025/05/09,2025/05/13,100,"5,588",42,--,"1,958",--
3850,エヌ・ティ・ティ・データ・イントラマート,PTS(X),信用返済売,６ヵ月,特定,2025/05/09,2025/05/13,100,"3,240",26,--,"-19,976",--
4109,ステラ　ケミファ,PTS(X),信用返済売,６ヵ月,特定,2025/05/09,2025/05/13,100,"3,681.5",144,--,"-9,344",--
4109,ステラ　ケミファ,PTS(X),信用返済売,６ヵ月,特定,2025/05/09,2025/05/13,100,"3,681",144,--,"-9,344",--
4633,サカタインクス,東証,信用返済売,６ヵ月,特定,2025/05/09,2025/05/13,200,"1,811",56,--,"-5,436",--
4633,サカタインクス,東証,信用返済売,６ヵ月,特定,2025/05/09,2025/05/13,100,"1,811",28,--,"-2,708",--
5445,東京鐵鋼,PTS(X),信用返済売,６ヵ月,特定,2025/05/09,2025/05/13,100,"5,731",213,--,"16,687",--
5451,淀川製鋼所,東証,信用返済売,６ヵ月,特定,2025/05/09,2025/05/13,100,"5,670",45,--,"-27,745",--
6135,牧野フライス製作所,PTS(X),信用返済売,６ヵ月,特定,2025/05/09,2025/05/13,100,"9,071",67,--,"27,033",--
6745,ホーチキ,東証,信用返済売,６ヵ月,特定,2025/05/09,2025/05/13,100,"2,470",38,--,"-4,118",--
6989,北陸電気工業,PTS(X),信用返済売,６ヵ月,特定,2025/05/09,2025/05/13,100,"1,794",23,--,"-8,903",--
6989,北陸電気工業,PTS(O),信用返済売,６ヵ月,特定,2025/05/09,2025/05/13,100,"1,794",23,--,"-9,023",--
7011,三菱重工業,PTS(O),信用返済売,６ヵ月,特定,2025/05/09,2025/05/13,100,"2,807.8",21,--,"-3,541",--
7011,三菱重工業,PTS(X),信用返済売,６ヵ月,特定,2025/05/09,2025/05/13,100,"2,807.7",21,--,"-3,551",--
7011,三菱重工業,PTS(X),信用返済売,６ヵ月,特定,2025/05/09,2025/05/13,100,"2,807.8",21,--,"-3,491",--
7011,三菱重工業,PTS(O),信用返済売,６ヵ月,特定,2025/05/09,2025/05/13,100,"2,807.9",21,--,"-3,481",--
7011,三菱重工業,PTS(X),信用返済売,６ヵ月,特定,2025/05/09,2025/05/13,100,"2,807.9",21,--,"-3,481",--
7105,三菱ロジスネクスト,東証,信用返済売,６ヵ月,特定,2025/05/09,2025/05/13,100,"2,054",16,--,"-11,406",--
7105,三菱ロジスネクスト,東証,信用返済売,６ヵ月,特定,2025/05/09,2025/05/13,100,"2,050",16,--,"-11,816",--
7105,三菱ロジスネクスト,東証,信用返済売,６ヵ月,特定,2025/05/09,2025/05/13,100,"2,053",16,--,"-11,516",--
7451,三菱食品,東証,信用返済売,６ヵ月,特定,2025/05/09,2025/05/13,100,"6,320",70,--,"7,930",--
7974,任天堂,PTS(O),信用返済売,６ヵ月,特定,2025/05/09,2025/05/13,100,"11,917.8",93,--,"-25,243",--
8410,セブン銀行,PTS(X),信用返済売,６ヵ月,特定,2025/05/09,2025/05/13,400,262.6,8,--,-448,--
8410,セブン銀行,PTS(O),信用返済売,６ヵ月,特定,2025/05/09,2025/05/13,600,262.6,12,--,-672,--
9763,丸紅建材リース,PTS(X),信用返済売,６ヵ月,特定,2025/05/09,2025/05/13,100,"3,246",25,--,"-12,925",--
9763,丸紅建材リース,PTS(X),信用返済売,６ヵ月,特定,2025/05/09,2025/05/13,100,"3,290",25,--,"-4,025",--
3563,ＦＯＯＤ　＆　ＬＩＦＥ　ＣＯＭＰＡＮＩＥＳ,東証,信用新規買,６ヵ月,特定,2025/05/09,2025/05/13,100,"5,568",--,--,--,--
3563,ＦＯＯＤ　＆　ＬＩＦＥ　ＣＯＭＰＡＮＩＥＳ,PTS(X),信用新規買,６ヵ月,特定,2025/05/09,2025/05/13,100,"5,559.4",--,--,--,--
3850,エヌ・ティ・ティ・データ・イントラマート,PTS(X),信用新規買,６ヵ月,特定,2025/05/09,2025/05/13,100,"3,439.5",--,--,--,--
5451,淀川製鋼所,PTS(X),信用新規買,６ヵ月,特定,2025/05/09,2025/05/13,100,"5,947",--,--,--,--
6135,牧野フライス製作所,東証,信用新規買,６ヵ月,特定,2025/05/09,2025/05/13,100,"8,800",--,--,--,--
6135,牧野フライス製作所,東証,信用新規買,６ヵ月,特定,2025/05/09,2025/05/13,100,"9,080",--,--,--,--
6957,芝浦電子,東証,信用新規買,６ヵ月,特定,2025/05/09,2025/05/13,300,"6,140",--,--,--,--
7011,三菱重工業,東証,信用新規買,６ヵ月,特定,2025/05/09,2025/05/13,300,"2,842.5",--,--,--,--
7011,三菱重工業,東証,信用新規買,６ヵ月,特定,2025/05/09,2025/05/13,200,"2,843",--,--,--,--
7105,三菱ロジスネクスト,東証,信用新規買,６ヵ月,特定,2025/05/09,2025/05/13,200,"2,168",--,--,--,--
7105,三菱ロジスネクスト,PTS(X),信用新規買,６ヵ月,特定,2025/05/09,2025/05/13,100,"2,167.9",--,--,--,--
7974,任天堂,PTS(X),信用新規買,６ヵ月,特定,2025/05/09,2025/05/13,100,"12,169.3",--,--,--,--
8410,セブン銀行,東証,信用新規買,６ヵ月,特定,2025/05/09,2025/05/13,"1,500",263.7,--,--,--,--
8410,セブン銀行,東証,信用新規買,６ヵ月,特定,2025/05/09,2025/05/13,800,263.8,--,--,--,--
8410,セブン銀行,PTS(X),信用新規買,６ヵ月,特定,2025/05/09,2025/05/13,200,263.7,--,--,--,--
8410,セブン銀行,PTS(X),信用新規買,６ヵ月,特定,2025/05/09,2025/05/13,200,263.6,--,--,--,--
8410,セブン銀行,PTS(O),信用新規買,６ヵ月,特定,2025/05/09,2025/05/13,200,263.6,--,--,--,--
8410,セブン銀行,PTS(O),信用新規買,６ヵ月,特定,2025/05/09,2025/05/13,100,263.7,--,--,--,--
9304,澁澤倉庫,PTS(X),信用新規買,６ヵ月,特定,2025/05/09,2025/05/13,100,"3,324",--,--,--,--
9763,丸紅建材リース,PTS(X),信用新規買,６ヵ月,特定,2025/05/09,2025/05/13,100,"3,330",--,--,--,--
9763,丸紅建材リース,東証,信用新規買,６ヵ月,特定,2025/05/09,2025/05/13,100,"3,375",--,--,--,--
9869,加藤産業,東証,信用新規買,６ヵ月,特定,2025/05/09,2025/05/13,100,"5,390",--,--,--,--
4062,イビデン,PTS(X),信用返済買,６ヵ月,特定,2025/05/09,2025/05/13,100,"4,672",14,--,"2,016",--
4062,イビデン,東証,信用返済買,６ヵ月,特定,2025/05/09,2025/05/13,100,"4,675",14,--,"1,716",--
7011,三菱重工業,PTS(X),信用返済買,６ヵ月,特定,2025/05/09,2025/05/13,100,"2,737.2",8,--,"6,922",--
7011,三菱重工業,PTS(O),信用返済買,６ヵ月,特定,2025/05/09,2025/05/13,100,"2,737.1",8,--,"6,932",--
7011,三菱重工業,PTS(X),信用返済買,６ヵ月,特定,2025/05/09,2025/05/13,100,"2,737.1",8,--,"6,902",--
7011,三菱重工業,PTS(X),信用返済買,６ヵ月,特定,2025/05/09,2025/05/13,100,"2,737.2",8,--,"6,922",--
7011,三菱重工業,PTS(X),信用返済買,６ヵ月,特定,2025/05/09,2025/05/13,100,"2,737.2",8,--,"6,912",--
7011,三菱重工業,PTS(X),信用返済買,６ヵ月,特定,2025/05/09,2025/05/13,300,"2,697.5",25,--,"32,555",--
7011,三菱重工業,PTS(X),信用返済買,６ヵ月,特定,2025/05/09,2025/05/13,100,"2,697.6",8,--,"10,882",--
7011,三菱重工業,PTS(X),信用返済買,６ヵ月,特定,2025/05/09,2025/05/13,100,"2,697.5",8,--,"10,852",--
6393,油研工業,PTS(X),現物買,--,特定,2025/05/08,2025/05/12,100,"2,389.3",--,--,"238,930",--
6745,ホーチキ,東証(外),現物買,--,特定,2025/05/08,2025/05/12,100,"2,471.8",--,--,"247,180",--
6863,ニレコ,PTS(X),現物買,--,特定,2025/05/08,2025/05/12,100,"1,625.8",--,--,"162,580",--
6890,フェローテックホールディングス,PTS(X),現物買,--,特定,2025/05/08,2025/05/12,100,"2,452.7",--,--,"245,270",--
7521,ムサシ,PTS(X),現物買,--,特定,2025/05/08,2025/05/12,100,"1,687.9",--,--,"168,790",--
7521,ムサシ,PTS(X),現物買,--,特定,2025/05/08,2025/05/12,100,"1,688",--,--,"168,800",--
4307,野村総合研究所,PTS(X),信用新規売,６ヵ月,特定,2025/05/08,2025/05/12,200,"5,621.8",--,--,--,--
4385,メルカリ,東証,信用新規売,６ヵ月,特定,2025/05/08,2025/05/12,300,"2,466",--,--,--,--
5471,大同特殊鋼,PTS(X),信用新規売,６ヵ月,特定,2025/05/08,2025/05/12,100,"1,081.5",--,--,--,--
5471,大同特殊鋼,PTS(X),信用新規売,６ヵ月,特定,2025/05/08,2025/05/12,300,"1,081.4",--,--,--,--
5471,大同特殊鋼,PTS(X),信用新規売,６ヵ月,特定,2025/05/08,2025/05/12,100,"1,081.3",--,--,--,--
7203,トヨタ自動車,東証,信用新規売,６ヵ月,特定,2025/05/08,2025/05/12,300,"2,676.5",--,--,--,--
7203,トヨタ自動車,東証,信用新規売,６ヵ月,特定,2025/05/08,2025/05/12,600,"2,709",--,--,--,--
7203,トヨタ自動車,東証,信用新規売,６ヵ月,特定,2025/05/08,2025/05/12,200,"2,709.5",--,--,--,--
7203,トヨタ自動車,PTS(X),信用新規売,６ヵ月,特定,2025/05/08,2025/05/12,300,"2,641.7",--,--,--,--
7203,トヨタ自動車,PTS(X),信用新規売,６ヵ月,特定,2025/05/08,2025/05/12,100,"2,677.3",--,--,--,--
7203,トヨタ自動車,PTS(X),信用新規売,６ヵ月,特定,2025/05/08,2025/05/12,100,"2,709.3",--,--,--,--
7203,トヨタ自動車,PTS(X),信用新規売,６ヵ月,特定,2025/05/08,2025/05/12,100,"2,677.1",--,--,--,--
7203,トヨタ自動車,PTS(X),信用新規売,６ヵ月,特定,2025/05/08,2025/05/12,200,"2,683.7",--,--,--,--
7203,トヨタ自動車,PTS(X),信用新規売,６ヵ月,特定,2025/05/08,2025/05/12,100,"2,709.1",--,--,--,--
7203,トヨタ自動車,PTS(X),信用新規売,６ヵ月,特定,2025/05/08,2025/05/12,200,"2,641.9",--,--,--,--
7203,トヨタ自動車,PTS(O),信用新規売,６ヵ月,特定,2025/05/08,2025/05/12,200,"2,683.6",--,--,--,--
7203,トヨタ自動車,PTS(X),信用新規売,６ヵ月,特定,2025/05/08,2025/05/12,100,"2,683.6",--,--,--,--
7451,三菱食品,東証,信用新規売,６ヵ月,特定,2025/05/08,2025/05/12,100,"6,050",--,--,--,--
9101,日本郵船,PTS(X),信用新規売,６ヵ月,特定,2025/05/08,2025/05/12,100,"4,611.7",--,--,--,--
9101,日本郵船,PTS(X),信用新規売,６ヵ月,特定,2025/05/08,2025/05/12,100,"4,611.4",--,--,--,--
2897,日清食品ホールディングス,東証,信用返済売,６ヵ月,特定,2025/05/08,2025/05/12,100,"3,206",24,--,"-1,924",--
2897,日清食品ホールディングス,東証,信用返済売,６ヵ月,特定,2025/05/08,2025/05/12,100,"3,207",24,--,"-1,814",--
4028,石原産業,PTS(X),信用返済売,６ヵ月,特定,2025/05/08,2025/05/12,100,"1,878.2",14,--,516,--
4028,石原産業,PTS(O),信用返済売,６ヵ月,特定,2025/05/08,2025/05/12,100,"1,878.2",14,--,526,--
5471,大同特殊鋼,東証,信用返済売,６ヵ月,特定,2025/05/08,2025/05/12,100,"1,032",8,--,"-4,828",--
5471,大同特殊鋼,東証,信用返済売,６ヵ月,特定,2025/05/08,2025/05/12,200,"1,032",16,--,"-9,656",--
5471,大同特殊鋼,東証,信用返済売,６ヵ月,特定,2025/05/08,2025/05/12,100,"1,032",8,--,"-4,908",--
5471,大同特殊鋼,東証,信用返済売,６ヵ月,特定,2025/05/08,2025/05/12,100,"1,032",8,--,"-4,858",--
6201,豊田自動織機,PTS(X),信用返済売,６ヵ月,特定,2025/05/08,2025/05/12,100,"17,341.5",133,--,"-5,433",--
6262,ＰＥＧＡＳＵＳ,PTS(O),信用返済売,６ヵ月,特定,2025/05/08,2025/05/12,100,540.5,3,--,"2,447",--
6262,ＰＥＧＡＳＵＳ,PTS(X),信用返済売,６ヵ月,特定,2025/05/08,2025/05/12,100,540.3,3,--,"2,427",--
6262,ＰＥＧＡＳＵＳ,PTS(X),信用返済売,６ヵ月,特定,2025/05/08,2025/05/12,100,540.4,3,--,"2,437",--
6262,ＰＥＧＡＳＵＳ,PTS(X),信用返済売,６ヵ月,特定,2025/05/08,2025/05/12,100,540.2,3,--,"2,417",--
6262,ＰＥＧＡＳＵＳ,PTS(X),信用返済売,６ヵ月,特定,2025/05/08,2025/05/12,100,540.5,3,--,"2,647",--
6703,沖電気工業,PTS(X),信用返済売,６ヵ月,特定,2025/05/08,2025/05/12,100,"1,063.2",8,--,"2,022",--
6703,沖電気工業,PTS(X),信用返済売,６ヵ月,特定,2025/05/08,2025/05/12,100,"1,063.1",8,--,"2,002",--
6703,沖電気工業,PTS(X),信用返済売,６ヵ月,特定,2025/05/08,2025/05/12,100,"1,063.1",8,--,"2,002",--
6745,ホーチキ,PTS(X),信用返済売,６ヵ月,特定,2025/05/08,2025/05/12,100,"2,581.1",19,--,"7,001",--
7013,ＩＨＩ,東証,信用返済売,６ヵ月,特定,2025/05/08,2025/05/12,100,"12,275",87,--,"81,063",--
7203,トヨタ自動車,東証,信用返済売,６ヵ月,特定,2025/05/08,2025/05/12,100,"2,713.5",20,--,"-1,670",--
7203,トヨタ自動車,東証,信用返済売,６ヵ月,特定,2025/05/08,2025/05/12,300,"2,713",62,--,"-5,162",--
7203,トヨタ自動車,PTS(X),信用返済売,６ヵ月,特定,2025/05/08,2025/05/12,100,"2,713",20,--,"-1,720",--
7203,トヨタ自動車,PTS(X),信用返済売,６ヵ月,特定,2025/05/08,2025/05/12,100,"2,636.9",20,--,"-7,860",--
7203,トヨタ自動車,PTS(X),信用返済売,６ヵ月,特定,2025/05/08,2025/05/12,400,"2,713.2",83,--,"-6,603",--
7203,トヨタ自動車,PTS(X),信用返済売,６ヵ月,特定,2025/05/08,2025/05/12,200,"2,637.1",41,--,"-15,701",--
7203,トヨタ自動車,PTS(X),信用返済売,６ヵ月,特定,2025/05/08,2025/05/12,200,"2,637",41,--,"-15,721",--
7203,トヨタ自動車,PTS(X),信用返済売,６ヵ月,特定,2025/05/08,2025/05/12,300,"2,713.2",62,--,"-5,102",--
8075,神鋼商事,東証,信用返済売,６ヵ月,特定,2025/05/08,2025/05/12,200,"1,891",29,--,-509,--
9101,日本郵船,東証,信用返済売,６ヵ月,特定,2025/05/08,2025/05/12,100,"4,857",36,--,"5,664",--
9101,日本郵船,PTS(X),信用返済売,６ヵ月,特定,2025/05/08,2025/05/12,100,"4,857.1",36,--,"5,674",--
2060,フィード・ワン,東証,信用新規買,６ヵ月,特定,2025/05/08,2025/05/12,300,937,--,--,--,--
2060,フィード・ワン,PTS(X),信用新規買,６ヵ月,特定,2025/05/08,2025/05/12,100,936.9,--,--,--,--
2060,フィード・ワン,PTS(O),信用新規買,６ヵ月,特定,2025/05/08,2025/05/12,100,936.9,--,--,--,--
2897,日清食品ホールディングス,東証,信用新規買,６ヵ月,特定,2025/05/08,2025/05/12,100,"3,225",--,--,--,--
2897,日清食品ホールディングス,PTS(O),信用新規買,６ヵ月,特定,2025/05/08,2025/05/12,100,"3,224.9",--,--,--,--
4028,石原産業,PTS(O),信用新規買,６ヵ月,特定,2025/05/08,2025/05/12,100,"1,872.8",--,--,--,--
4028,石原産業,PTS(O),信用新規買,６ヵ月,特定,2025/05/08,2025/05/12,100,"1,872.9",--,--,--,--
4633,サカタインクス,PTS(X),信用新規買,６ヵ月,特定,2025/05/08,2025/05/12,200,"1,837.9",--,--,--,--
4633,サカタインクス,PTS(X),信用新規買,６ヵ月,特定,2025/05/08,2025/05/12,100,"1,837.8",--,--,--,--
5471,大同特殊鋼,PTS(J),信用新規買,６ヵ月,特定,2025/05/08,2025/05/12,100,"1,080.2",--,--,--,--
5471,大同特殊鋼,PTS(X),信用新規買,６ヵ月,特定,2025/05/08,2025/05/12,200,"1,080.2",--,--,--,--
5471,大同特殊鋼,PTS(J),信用新規買,６ヵ月,特定,2025/05/08,2025/05/12,100,"1,080.5",--,--,--,--
5471,大同特殊鋼,東証,信用新規買,６ヵ月,特定,2025/05/08,2025/05/12,100,"1,081",--,--,--,--
6201,豊田自動織機,PTS(X),信用新規買,６ヵ月,特定,2025/05/08,2025/05/12,100,"17,394.5",--,--,--,--
6262,ＰＥＧＡＳＵＳ,東証,信用新規買,６ヵ月,特定,2025/05/08,2025/05/12,100,514,--,--,--,--
6262,ＰＥＧＡＳＵＳ,東証,信用新規買,６ヵ月,特定,2025/05/08,2025/05/12,900,516,--,--,--,--
6369,トーヨーカネツ,PTS(X),信用新規買,６ヵ月,特定,2025/05/08,2025/05/12,100,"3,553.5",--,--,--,--
6703,沖電気工業,PTS(X),信用新規買,６ヵ月,特定,2025/05/08,2025/05/12,100,"1,043",--,--,--,--
6703,沖電気工業,PTS(X),信用新規買,６ヵ月,特定,2025/05/08,2025/05/12,100,"1,042.9",--,--,--,--
6703,沖電気工業,PTS(O),信用新規買,６ヵ月,特定,2025/05/08,2025/05/12,100,"1,043",--,--,--,--
6745,ホーチキ,PTS(X),信用新規買,６ヵ月,特定,2025/05/08,2025/05/12,100,"2,510.8",--,--,--,--
6745,ホーチキ,PTS(X),信用新規買,６ヵ月,特定,2025/05/08,2025/05/12,100,"2,510.9",--,--,--,--
6989,北陸電気工業,PTS(X),信用新規買,６ヵ月,特定,2025/05/08,2025/05/12,100,"1,882.8",--,--,--,--
6989,北陸電気工業,PTS(O),信用新規買,６ヵ月,特定,2025/05/08,2025/05/12,100,"1,884",--,--,--,--
6989,北陸電気工業,PTS(X),信用新規買,６ヵ月,特定,2025/05/08,2025/05/12,100,"1,886.9",--,--,--,--
7013,ＩＨＩ,PTS(O),信用新規買,６ヵ月,特定,2025/05/08,2025/05/12,100,"11,463.5",--,--,--,--
7203,トヨタ自動車,PTS(X),信用新規買,６ヵ月,特定,2025/05/08,2025/05/12,100,"2,715.3",--,--,--,--
7203,トヨタ自動車,PTS(X),信用新規買,６ヵ月,特定,2025/05/08,2025/05/12,400,"2,715.4",--,--,--,--
7203,トヨタ自動車,東証,信用新規買,６ヵ月,特定,2025/05/08,2025/05/12,400,"2,729.5",--,--,--,--
7203,トヨタ自動車,東証,信用新規買,６ヵ月,特定,2025/05/08,2025/05/12,800,"2,730",--,--,--,--
7451,三菱食品,PTS(X),信用新規買,６ヵ月,特定,2025/05/08,2025/05/12,100,"6,240",--,--,--,--
8075,神鋼商事,PTS(X),信用新規買,６ヵ月,特定,2025/05/08,2025/05/12,200,"1,893.4",--,--,--,--
8078,阪和興業,PTS(X),信用新規買,６ヵ月,特定,2025/05/08,2025/05/12,100,"4,749.5",--,--,--,--
9101,日本郵船,東証,信用新規買,６ヵ月,特定,2025/05/08,2025/05/12,200,"4,800",--,--,--,--
4307,野村総合研究所,PTS(X),信用返済買,６ヵ月,特定,2025/05/08,2025/05/12,100,"5,604.6",16,--,"1,704",--
4307,野村総合研究所,PTS(X),信用返済買,６ヵ月,特定,2025/05/08,2025/05/12,100,"5,604.7",16,--,"1,694",--
4385,メルカリ,PTS(X),信用返済買,６ヵ月,特定,2025/05/08,2025/05/12,200,"2,433",14,--,"6,586",--
4385,メルカリ,PTS(X),信用返済買,６ヵ月,特定,2025/05/08,2025/05/12,100,"2,433.1",7,--,"3,283",--
5471,大同特殊鋼,PTS(X),信用返済買,６ヵ月,特定,2025/05/08,2025/05/12,200,"1,081.7",6,--,-66,--
5471,大同特殊鋼,PTS(X),信用返済買,６ヵ月,特定,2025/05/08,2025/05/12,100,"1,081.6",3,--,-33,--
5471,大同特殊鋼,PTS(X),信用返済買,６ヵ月,特定,2025/05/08,2025/05/12,100,"1,081.7",3,--,-23,--
5471,大同特殊鋼,PTS(X),信用返済買,６ヵ月,特定,2025/05/08,2025/05/12,100,"1,081.8",3,--,-43,--
7203,トヨタ自動車,PTS(X),信用返済買,６ヵ月,特定,2025/05/08,2025/05/12,600,"2,680",48,--,"17,352",--
7203,トヨタ自動車,PTS(J),信用返済買,６ヵ月,特定,2025/05/08,2025/05/12,200,"2,680",16,--,"5,884",--
7203,トヨタ自動車,PTS(X),信用返済買,６ヵ月,特定,2025/05/08,2025/05/12,100,"2,714.8",8,--,"-3,778",--
7203,トヨタ自動車,PTS(X),信用返済買,６ヵ月,特定,2025/05/08,2025/05/12,100,"2,714.8",8,--,"-3,758",--
7203,トヨタ自動車,PTS(O),信用返済買,６ヵ月,特定,2025/05/08,2025/05/12,100,"2,714.9",8,--,"-3,848",--
7203,トヨタ自動車,PTS(X),信用返済買,６ヵ月,特定,2025/05/08,2025/05/12,100,"2,714.9",8,--,"-3,848",--
7203,トヨタ自動車,PTS(X),信用返済買,６ヵ月,特定,2025/05/08,2025/05/12,100,"2,714.8",8,--,"-3,838",--
7203,トヨタ自動車,東証,信用返済買,６ヵ月,特定,2025/05/08,2025/05/12,200,"2,680",16,--,724,--
7203,トヨタ自動車,PTS(X),信用返済買,６ヵ月,特定,2025/05/08,2025/05/12,100,"2,715.4",7,--,"-7,377",--
7203,トヨタ自動車,東証,信用返済買,６ヵ月,特定,2025/05/08,2025/05/12,100,"2,680",8,--,"2,902",--
7203,トヨタ自動車,東証,信用返済買,６ヵ月,特定,2025/05/08,2025/05/12,200,"2,680",16,--,704,--
7203,トヨタ自動車,東証,信用返済買,６ヵ月,特定,2025/05/08,2025/05/12,100,"2,680",8,--,352,--
7203,トヨタ自動車,東証,信用返済買,６ヵ月,特定,2025/05/08,2025/05/12,200,"2,715",15,--,"-14,675",--
7203,トヨタ自動車,東証,信用返済買,６ヵ月,特定,2025/05/08,2025/05/12,100,"2,680",8,--,"2,922",--
7203,トヨタ自動車,東証,信用返済買,６ヵ月,特定,2025/05/08,2025/05/12,200,"2,715.5",15,--,"-14,735",--
7451,三菱食品,東証,信用返済買,６ヵ月,特定,2025/05/08,2025/05/12,100,"6,300",18,--,"-25,018",--
9101,日本郵船,東証,信用返済買,６ヵ月,特定,2025/05/08,2025/05/12,100,"4,800",13,--,"-18,873",--
9101,日本郵船,東証,信用返済買,６ヵ月,特定,2025/05/08,2025/05/12,100,"4,800",13,--,"-18,843",--
2768,双日,PTS(X),現物買,--,特定,2025/05/07,2025/05/09,100,"3,497.4",--,--,"349,740",--
3443,川田テクノロジーズ,東証(外),現物買,--,特定,2025/05/07,2025/05/09,100,"3,140",--,--,"314,000",--
4208,ＵＢＥ,PTS(X),現物買,--,特定,2025/05/07,2025/05/09,100,"2,081.4",--,--,"208,140",--
5351,品川リフラクトリーズ,PTS(X),現物買,--,特定,2025/05/07,2025/05/09,100,"1,587.1",--,--,"158,710",--
5363,東京窯業,PTS(X),現物買,--,特定,2025/05/07,2025/05/09,100,484,--,--,"48,400",--
5363,東京窯業,東証,現物買,--,特定,2025/05/07,2025/05/09,500,485,--,--,"242,500",--
5363,東京窯業,東証,現物買,--,特定,2025/05/07,2025/05/09,300,486,--,--,"145,800",--
5363,東京窯業,東証(外),現物買,--,特定,2025/05/07,2025/05/09,100,484,--,--,"48,400",--
6777,ｓａｎｔｅｃ　Ｈｏｌｄｉｎｇｓ,PTS(X),現物買,--,特定,2025/05/07,2025/05/09,100,"4,249",--,--,"424,900",--
8012,長瀬産業,東証(外),現物買,--,特定,2025/05/07,2025/05/09,100,"2,539.6",--,--,"253,960",--
9768,いであ,PTS(X),現物買,--,特定,2025/05/07,2025/05/09,100,"2,923.4",--,--,"292,340",--
9960,東テク,東証(外),現物買,--,特定,2025/05/07,2025/05/09,100,"2,564.2",--,--,"256,420",--
2003,日東富士製粉,東証,信用返済売,６ヵ月,特定,2025/05/07,2025/05/09,100,"6,750",52,--,"-13,052",--
3132,マクニカホールディングス,PTS(X),信用返済売,６ヵ月,特定,2025/05/07,2025/05/09,100,"1,827.6",14,--,"-1,154",--
3132,マクニカホールディングス,PTS(O),信用返済売,６ヵ月,特定,2025/05/07,2025/05/09,200,"1,827.6",29,--,"-16,809",--
3132,マクニカホールディングス,PTS(X),信用返済売,６ヵ月,特定,2025/05/07,2025/05/09,100,"1,827.6",14,--,"-1,204",--
6141,ＤＭＧ森精機,東証,信用返済売,６ヵ月,特定,2025/05/07,2025/05/09,100,"2,396.5",18,--,-218,--
6141,ＤＭＧ森精機,PTS(O),信用返済売,６ヵ月,特定,2025/05/07,2025/05/09,100,"2,397",18,--,-118,--
6141,ＤＭＧ森精機,PTS(X),信用返済売,６ヵ月,特定,2025/05/07,2025/05/09,100,"2,397.6",18,--,42,--
6141,ＤＭＧ森精機,PTS(J),信用返済売,６ヵ月,特定,2025/05/07,2025/05/09,100,"2,396.6",18,--,-108,--
6857,アドバンテスト,PTS(X),信用返済売,６ヵ月,特定,2025/05/07,2025/05/09,100,"6,346.3",48,--,"1,392",--
6857,アドバンテスト,PTS(X),信用返済売,６ヵ月,特定,2025/05/07,2025/05/09,100,"6,339.2",48,--,"4,042",--
6857,アドバンテスト,PTS(X),信用返済売,６ヵ月,特定,2025/05/07,2025/05/09,100,"6,303",48,--,"4,302",--
6857,アドバンテスト,東証,信用返済売,６ヵ月,特定,2025/05/07,2025/05/09,200,"6,350",97,--,"-3,797",--
6857,アドバンテスト,PTS(O),信用返済売,６ヵ月,特定,2025/05/07,2025/05/09,100,"6,339.7",48,--,732,--
6857,アドバンテスト,東証,信用返済売,６ヵ月,特定,2025/05/07,2025/05/09,100,"6,350",48,--,"1,762",--
7735,ＳＣＲＥＥＮホールディングス,PTS(O),信用返済売,６ヵ月,特定,2025/05/07,2025/05/09,100,"9,692.7",73,--,"4,787",--
8035,東京エレクトロン,東証,信用返済売,６ヵ月,特定,2025/05/07,2025/05/09,100,"21,905",165,--,"26,425",--
9324,安田倉庫,PTS(X),信用返済売,６ヵ月,特定,2025/05/07,2025/05/09,100,"1,761",13,--,"-3,213",--
9324,安田倉庫,PTS(O),信用返済売,６ヵ月,特定,2025/05/07,2025/05/09,100,"1,761",13,--,"-3,213",--
9324,安田倉庫,東証,信用返済売,６ヵ月,特定,2025/05/07,2025/05/09,100,"1,761",13,--,"-3,213",--
2003,日東富士製粉,東証,信用新規買,６ヵ月,特定,2025/05/07,2025/05/09,100,"6,880",--,--,--,--
2053,中部飼料,東証,信用新規買,６ヵ月,特定,2025/05/07,2025/05/09,100,"1,426",--,--,--,--
2053,中部飼料,PTS(O),信用新規買,６ヵ月,特定,2025/05/07,2025/05/09,100,"1,427",--,--,--,--
2053,中部飼料,PTS(X),信用新規買,６ヵ月,特定,2025/05/07,2025/05/09,100,"1,426.9",--,--,--,--
2053,中部飼料,PTS(X),信用新規買,６ヵ月,特定,2025/05/07,2025/05/09,100,"1,427",--,--,--,--
3132,マクニカホールディングス,東証,信用新規買,６ヵ月,特定,2025/05/07,2025/05/09,100,"1,839",--,--,--,--
3132,マクニカホールディングス,東証,信用新規買,６ヵ月,特定,2025/05/07,2025/05/09,100,"1,839.5",--,--,--,--
3132,マクニカホールディングス,PTS(X),信用新規買,６ヵ月,特定,2025/05/07,2025/05/09,200,"1,911.5",--,--,--,--
4109,ステラ　ケミファ,PTS(X),信用新規買,６ヵ月,特定,2025/05/07,2025/05/09,100,"3,773",--,--,--,--
4109,ステラ　ケミファ,PTS(X),信用新規買,６ヵ月,特定,2025/05/07,2025/05/09,100,"3,773.5",--,--,--,--
5445,東京鐵鋼,PTS(X),信用新規買,６ヵ月,特定,2025/05/07,2025/05/09,100,"5,562",--,--,--,--
6141,ＤＭＧ森精機,東証,信用新規買,６ヵ月,特定,2025/05/07,2025/05/09,100,"2,398.5",--,--,--,--
6141,ＤＭＧ森精機,東証,信用新規買,６ヵ月,特定,2025/05/07,2025/05/09,100,"2,397",--,--,--,--
6141,ＤＭＧ森精機,東証,信用新規買,６ヵ月,特定,2025/05/07,2025/05/09,100,"2,397.5",--,--,--,--
6141,ＤＭＧ森精機,東証,信用新規買,６ヵ月,特定,2025/05/07,2025/05/09,100,"2,398",--,--,--,--
6857,アドバンテスト,PTS(X),信用新規買,６ヵ月,特定,2025/05/07,2025/05/09,100,"6,259.5",--,--,--,--
6857,アドバンテスト,PTS(X),信用新規買,６ヵ月,特定,2025/05/07,2025/05/09,200,"6,368.5",--,--,--,--
6857,アドバンテスト,PTS(X),信用新規買,６ヵ月,特定,2025/05/07,2025/05/09,100,"6,298.3",--,--,--,--
6857,アドバンテスト,PTS(X),信用新規買,６ヵ月,特定,2025/05/07,2025/05/09,300,"6,331.9",--,--,--,--
6920,レーザーテック,PTS(O),信用新規買,６ヵ月,特定,2025/05/07,2025/05/09,100,"13,157.2",--,--,--,--
6920,レーザーテック,PTS(X),信用新規買,６ヵ月,特定,2025/05/07,2025/05/09,100,"13,359.6",--,--,--,--
6927,ヘリオス　テクノ　ホールディング,東証,信用新規買,６ヵ月,特定,2025/05/07,2025/05/09,"1,000",921,--,--,--,--
7735,ＳＣＲＥＥＮホールディングス,PTS(X),信用新規買,６ヵ月,特定,2025/05/07,2025/05/09,100,"9,644.1",--,--,--,--
7735,ＳＣＲＥＥＮホールディングス,PTS(X),信用新規買,６ヵ月,特定,2025/05/07,2025/05/09,200,"9,702.3",--,--,--,--
8035,東京エレクトロン,PTS(X),信用新規買,６ヵ月,特定,2025/05/07,2025/05/09,100,"21,639.1",--,--,--,--
9324,安田倉庫,東証,信用新規買,６ヵ月,特定,2025/05/07,2025/05/09,100,"1,793",--,--,--,--
9324,安田倉庫,PTS(O),信用新規買,６ヵ月,特定,2025/05/07,2025/05/09,100,"1,793",--,--,--,--
9324,安田倉庫,PTS(X),信用新規買,６ヵ月,特定,2025/05/07,2025/05/09,100,"1,793",--,--,--,--
8001,伊藤忠商事,PTS(X),信用新規売,６ヵ月,特定,2025/05/02,2025/05/08,100,"7,143.4",--,--,--,--
8001,伊藤忠商事,東証,信用新規売,６ヵ月,特定,2025/05/02,2025/05/08,200,"7,170",--,--,--,--
8001,伊藤忠商事,PTS(X),信用新規売,６ヵ月,特定,2025/05/02,2025/05/08,100,"7,143.3",--,--,--,--
8058,三菱商事,PTS(X),信用新規売,６ヵ月,特定,2025/05/02,2025/05/08,100,"2,673.2",--,--,--,--
8058,三菱商事,PTS(X),信用新規売,６ヵ月,特定,2025/05/02,2025/05/08,300,"2,673.3",--,--,--,--
8058,三菱商事,PTS(X),信用新規売,６ヵ月,特定,2025/05/02,2025/05/08,100,"2,673.4",--,--,--,--
2413,エムスリー,東証,信用返済売,６ヵ月,特定,2025/05/02,2025/05/08,100,"1,790",13,--,-413,--
2413,エムスリー,PTS(O),信用返済売,６ヵ月,特定,2025/05/02,2025/05/08,100,"1,790.2",13,--,-393,--
2413,エムスリー,PTS(X),信用返済売,６ヵ月,特定,2025/05/02,2025/05/08,100,"1,790.3",13,--,-333,--
2413,エムスリー,PTS(X),信用返済売,６ヵ月,特定,2025/05/02,2025/05/08,100,"1,790.2",13,--,-393,--
2413,エムスリー,PTS(O),信用返済売,６ヵ月,特定,2025/05/02,2025/05/08,100,"1,790.3",13,--,-333,--
6526,ソシオネクスト,PTS(X),信用返済売,６ヵ月,特定,2025/05/02,2025/05/08,100,"1,660.2",12,--,-912,--
6526,ソシオネクスト,PTS(O),信用返済売,６ヵ月,特定,2025/05/02,2025/05/08,100,"1,660.3",12,--,-902,--
6526,ソシオネクスト,PTS(X),信用返済売,６ヵ月,特定,2025/05/02,2025/05/08,100,"1,660.4",12,--,-902,--
6526,ソシオネクスト,PTS(O),信用返済売,６ヵ月,特定,2025/05/02,2025/05/08,100,"1,660.4",12,--,-922,--
6526,ソシオネクスト,PTS(X),信用返済売,６ヵ月,特定,2025/05/02,2025/05/08,100,"1,660.3",12,--,-932,--
6526,ソシオネクスト,PTS(O),信用返済売,６ヵ月,特定,2025/05/02,2025/05/08,100,"1,660.4",12,--,-922,--
6526,ソシオネクスト,PTS(O),信用返済売,６ヵ月,特定,2025/05/02,2025/05/08,100,"1,660.2",12,--,-912,--
6526,ソシオネクスト,PTS(X),信用返済売,６ヵ月,特定,2025/05/02,2025/05/08,100,"1,660.4",12,--,-922,--
6526,ソシオネクスト,PTS(O),信用返済売,６ヵ月,特定,2025/05/02,2025/05/08,200,"1,660.2",25,--,"-1,865",--
6857,アドバンテスト,PTS(X),信用返済売,６ヵ月,特定,2025/05/02,2025/05/08,100,"6,308.6",48,--,"-2,048",--
6857,アドバンテスト,PTS(O),信用返済売,６ヵ月,特定,2025/05/02,2025/05/08,200,"6,308.5",97,--,"-4,197",--
6857,アドバンテスト,PTS(X),信用返済売,６ヵ月,特定,2025/05/02,2025/05/08,100,"6,308.6",48,--,"-2,068",--
6857,アドバンテスト,PTS(X),信用返済売,６ヵ月,特定,2025/05/02,2025/05/08,100,"6,308.6",48,--,"-2,088",--
6857,アドバンテスト,東証,信用返済売,６ヵ月,特定,2025/05/02,2025/05/08,600,"6,307",291,--,"-14,091",--
6857,アドバンテスト,東証,信用返済売,６ヵ月,特定,2025/05/02,2025/05/08,400,"6,307",194,--,"-8,994",--
6920,レーザーテック,PTS(X),信用返済売,６ヵ月,特定,2025/05/02,2025/05/08,100,"13,240",101,--,"-1,901",--
8001,伊藤忠商事,PTS(X),信用返済売,６ヵ月,特定,2025/05/02,2025/05/08,100,"7,146.1",55,--,"-6,945",--
8001,伊藤忠商事,PTS(X),信用返済売,６ヵ月,特定,2025/05/02,2025/05/08,100,"7,146",55,--,"-14,255",--
8002,丸紅,東証,信用返済売,６ヵ月,特定,2025/05/02,2025/05/08,200,"2,557",38,--,"6,282",--
8002,丸紅,PTS(O),信用返済売,６ヵ月,特定,2025/05/02,2025/05/08,300,"2,557",58,--,"9,392",--
8035,東京エレクトロン,PTS(O),信用返済売,６ヵ月,特定,2025/05/02,2025/05/08,100,"21,090",163,--,"-25,423",--
8035,東京エレクトロン,PTS(X),信用返済売,６ヵ月,特定,2025/05/02,2025/05/08,100,"21,089.7",162,--,"-3,432",--
8035,東京エレクトロン,東証,信用返済売,６ヵ月,特定,2025/05/02,2025/05/08,100,"21,095",161,--,"8,719",--
8035,東京エレクトロン,PTS(X),信用返済売,６ヵ月,特定,2025/05/02,2025/05/08,100,"21,186.2",161,--,"17,839",--
8035,東京エレクトロン,PTS(X),信用返済売,６ヵ月,特定,2025/05/02,2025/05/08,100,"21,089.7",166,--,"-58,936",--
8058,三菱商事,PTS(X),信用返済売,６ヵ月,特定,2025/05/02,2025/05/08,100,"2,671.1",20,--,"-2,200",--
8058,三菱商事,PTS(X),信用返済売,６ヵ月,特定,2025/05/02,2025/05/08,200,"2,671.2",41,--,"-4,381",--
8058,三菱商事,PTS(J),信用返済売,６ヵ月,特定,2025/05/02,2025/05/08,100,"2,671.2",20,--,"-2,190",--
8058,三菱商事,PTS(X),信用返済売,６ヵ月,特定,2025/05/02,2025/05/08,200,"2,671.1",41,--,"-4,381",--
2413,エムスリー,東証,信用新規買,６ヵ月,特定,2025/05/02,2025/05/08,300,"1,794",--,--,--,--
2413,エムスリー,東証,信用新規買,６ヵ月,特定,2025/05/02,2025/05/08,100,"1,793.5",--,--,--,--
2413,エムスリー,PTS(X),信用新規買,６ヵ月,特定,2025/05/02,2025/05/08,100,"1,793.5",--,--,--,--
6526,ソシオネクスト,PTS(O),信用新規買,６ヵ月,特定,2025/05/02,2025/05/08,200,"1,669.4",--,--,--,--
6526,ソシオネクスト,PTS(O),信用新規買,６ヵ月,特定,2025/05/02,2025/05/08,100,"1,669.2",--,--,--,--
6526,ソシオネクスト,PTS(J),信用新規買,６ヵ月,特定,2025/05/02,2025/05/08,100,"1,669.2",--,--,--,--
6526,ソシオネクスト,東証,信用新規買,６ヵ月,特定,2025/05/02,2025/05/08,200,"1,669.5",--,--,--,--
6526,ソシオネクスト,PTS(X),信用新規買,６ヵ月,特定,2025/05/02,2025/05/08,100,"1,669.2",--,--,--,--
6526,ソシオネクスト,PTS(X),信用新規買,６ヵ月,特定,2025/05/02,2025/05/08,100,"1,669.3",--,--,--,--
6526,ソシオネクスト,PTS(O),信用新規買,６ヵ月,特定,2025/05/02,2025/05/08,200,"1,669.5",--,--,--,--
6857,アドバンテスト,東証,信用新規買,６ヵ月,特定,2025/05/02,2025/05/08,400,"6,329",--,--,--,--
6857,アドバンテスト,PTS(O),信用新規買,６ヵ月,特定,2025/05/02,2025/05/08,100,"6,328.8",--,--,--,--
6857,アドバンテスト,PTS(O),信用新規買,６ヵ月,特定,2025/05/02,2025/05/08,100,"6,328.6",--,--,--,--
6857,アドバンテスト,PTS(X),信用新規買,６ヵ月,特定,2025/05/02,2025/05/08,300,"6,329",--,--,--,--
6857,アドバンテスト,東証,信用新規買,６ヵ月,特定,2025/05/02,2025/05/08,600,"6,330",--,--,--,--
6920,レーザーテック,PTS(O),信用新規買,６ヵ月,特定,2025/05/02,2025/05/08,100,"13,258",--,--,--,--
8001,伊藤忠商事,東証,信用新規買,６ヵ月,特定,2025/05/02,2025/05/08,100,"7,288",--,--,--,--
8001,伊藤忠商事,PTS(X),信用新規買,６ヵ月,特定,2025/05/02,2025/05/08,100,"7,215",--,--,--,--
8002,丸紅,東証,信用新規買,６ヵ月,特定,2025/05/02,2025/05/08,300,"2,525.5",--,--,--,--
8002,丸紅,PTS(X),信用新規買,６ヵ月,特定,2025/05/02,2025/05/08,200,"2,525.4",--,--,--,--
8035,東京エレクトロン,PTS(O),信用新規買,６ヵ月,特定,2025/05/02,2025/05/08,100,"21,122.4",--,--,--,--
8035,東京エレクトロン,PTS(X),信用新規買,６ヵ月,特定,2025/05/02,2025/05/08,200,"21,006.2",--,--,--,--
8035,東京エレクトロン,PTS(X),信用新規買,６ヵ月,特定,2025/05/02,2025/05/08,100,"21,342.6",--,--,--,--
8035,東京エレクトロン,PTS(X),信用新規買,６ヵ月,特定,2025/05/02,2025/05/08,100,"21,677.4",--,--,--,--
8058,三菱商事,PTS(X),信用新規買,６ヵ月,特定,2025/05/02,2025/05/08,400,"2,692.9",--,--,--,--
8058,三菱商事,PTS(J),信用新規買,６ヵ月,特定,2025/05/02,2025/05/08,200,"2,692.8",--,--,--,--
8001,伊藤忠商事,PTS(X),信用返済買,６ヵ月,特定,2025/05/02,2025/05/08,200,"7,154.3",43,--,"3,097",--
8001,伊藤忠商事,PTS(X),信用返済買,６ヵ月,特定,2025/05/02,2025/05/08,100,"7,216",21,--,"-7,291",--
8001,伊藤忠商事,PTS(X),信用返済買,６ヵ月,特定,2025/05/02,2025/05/08,100,"7,215.9",21,--,"-7,271",--
8058,三菱商事,東証,信用返済買,６ヵ月,特定,2025/05/02,2025/05/08,300,"2,694",24,--,"-6,234",--
8058,三菱商事,東証,信用返済買,６ヵ月,特定,2025/05/02,2025/05/08,100,"2,693.5",8,--,"-2,018",--
8058,三菱商事,東証,信用返済買,６ヵ月,特定,2025/05/02,2025/05/08,100,"2,693.5",8,--,"-2,038",--
2114,フジ日本,東証,現物売,--,特定,2025/05/01,2025/05/07,200,"1,053",--,--,"210,600",--
2395,新日本科学,PTS(X),信用返済売,６ヵ月,特定,2025/05/01,2025/05/07,100,"1,543.1",11,--,"4,559",--
2395,新日本科学,PTS(O),信用返済売,６ヵ月,特定,2025/05/01,2025/05/07,100,"1,543.7",11,--,"4,629",--
2395,新日本科学,PTS(X),信用返済売,６ヵ月,特定,2025/05/01,2025/05/07,100,"1,543.7",11,--,"4,619",--
2395,新日本科学,PTS(O),信用返済売,６ヵ月,特定,2025/05/01,2025/05/07,100,"1,543.1",11,--,"4,539",--
2395,新日本科学,PTS(X),信用返済売,６ヵ月,特定,2025/05/01,2025/05/07,100,"1,543.9",11,--,"4,609",--
2768,双日,PTS(X),信用返済売,６ヵ月,特定,2025/05/01,2025/05/07,100,"3,472.1",25,--,"10,705",--
2768,双日,PTS(X),信用返済売,６ヵ月,特定,2025/05/01,2025/05/07,100,"3,453.4",26,--,"2,784",--
2768,双日,PTS(X),信用返済売,６ヵ月,特定,2025/05/01,2025/05/07,100,"3,453.5",26,--,"2,784",--
2768,双日,PTS(X),信用返済売,６ヵ月,特定,2025/05/01,2025/05/07,100,"3,453.5",25,--,"8,835",--
2768,双日,PTS(X),信用返済売,６ヵ月,特定,2025/05/01,2025/05/07,100,"3,472.2",25,--,"10,715",--
3382,セブン＆アイ・ホールディングス,東証,信用返済売,６ヵ月,特定,2025/05/01,2025/05/07,500,"2,176.5",83,--,"5,917",--
3382,セブン＆アイ・ホールディングス,東証,信用返済売,６ヵ月,特定,2025/05/01,2025/05/07,500,"2,177",83,--,"6,167",--
6770,アルプスアルパイン,東証,信用返済売,６ヵ月,特定,2025/05/01,2025/05/07,200,"1,398.5",133,--,"-11,333",--
6770,アルプスアルパイン,東証,信用返済売,６ヵ月,特定,2025/05/01,2025/05/07,100,"1,398.5",66,--,"-5,616",--
6770,アルプスアルパイン,東証,信用返済売,６ヵ月,特定,2025/05/01,2025/05/07,300,"1,397.5",200,--,"-17,300",--
6770,アルプスアルパイン,PTS(O),信用返済売,６ヵ月,特定,2025/05/01,2025/05/07,200,"1,399",133,--,"-11,133",--
6770,アルプスアルパイン,東証,信用返済売,６ヵ月,特定,2025/05/01,2025/05/07,100,"1,399",66,--,"-5,566",--
6770,アルプスアルパイン,東証,信用返済売,６ヵ月,特定,2025/05/01,2025/05/07,100,"1,398.5",66,--,"-5,606",--
6857,アドバンテスト,東証,信用返済売,６ヵ月,特定,2025/05/01,2025/05/07,200,"6,218",94,--,"5,306",--
6857,アドバンテスト,PTS(O),信用返済売,６ヵ月,特定,2025/05/01,2025/05/07,100,"6,202.2",46,--,"8,074",--
6857,アドバンテスト,PTS(X),信用返済売,６ヵ月,特定,2025/05/01,2025/05/07,300,"6,202.2",140,--,"24,250",--
6920,レーザーテック,PTS(O),信用返済売,６ヵ月,特定,2025/05/01,2025/05/07,100,"13,357",101,--,"15,599",--
6957,芝浦電子,PTS(X),信用返済売,６ヵ月,特定,2025/05/01,2025/05/07,100,"5,969",46,--,"-6,946",--
6981,村田製作所,PTS(X),信用返済売,６ヵ月,特定,2025/05/01,2025/05/07,200,"1,854.2",28,--,12,--
6981,村田製作所,PTS(O),信用返済売,６ヵ月,特定,2025/05/01,2025/05/07,100,"1,854.2",14,--,6,--
6981,村田製作所,PTS(X),信用返済売,６ヵ月,特定,2025/05/01,2025/05/07,100,"1,854.1",14,--,-4,--
6981,村田製作所,PTS(X),信用返済売,６ヵ月,特定,2025/05/01,2025/05/07,100,"1,854",14,--,-14,--
7173,東京きらぼしフィナンシャルグループ,PTS(X),信用返済売,６ヵ月,特定,2025/05/01,2025/05/07,100,"5,441",42,--,"-12,942",--
7741,ＨＯＹＡ,PTS(X),信用返済売,６ヵ月,特定,2025/05/01,2025/05/07,100,"17,560.5",130,--,"57,580",--
8031,三井物産,東証,信用返済売,６ヵ月,特定,2025/05/01,2025/05/07,200,"2,780",44,--,"-22,544",--
8035,東京エレクトロン,東証,信用返済売,６ヵ月,特定,2025/05/01,2025/05/07,100,"21,210",160,--,"24,580",--
8035,東京エレクトロン,東証,信用返済売,６ヵ月,特定,2025/05/01,2025/05/07,100,"21,210",161,--,"12,399",--
8035,東京エレクトロン,PTS(X),信用返済売,６ヵ月,特定,2025/05/01,2025/05/07,100,"20,847",161,--,"-22,201",--
8035,東京エレクトロン,PTS(X),信用返済売,６ヵ月,特定,2025/05/01,2025/05/07,100,"20,855.8",163,--,"-41,023",--
8035,東京エレクトロン,PTS(X),信用返済売,６ヵ月,特定,2025/05/01,2025/05/07,100,"20,865.2",158,--,"24,422",--
8053,住友商事,東証,信用返済売,６ヵ月,特定,2025/05/01,2025/05/07,100,"3,589",26,--,"7,894",--
8053,住友商事,PTS(X),信用返済売,６ヵ月,特定,2025/05/01,2025/05/07,100,"3,485.4",26,--,524,--
8053,住友商事,PTS(X),信用返済売,６ヵ月,特定,2025/05/01,2025/05/07,100,"3,485.3",26,--,504,--
8053,住友商事,PTS(O),信用返済売,６ヵ月,特定,2025/05/01,2025/05/07,100,"3,578.1",26,--,"6,824",--
8053,住友商事,PTS(O),信用返済売,６ヵ月,特定,2025/05/01,2025/05/07,100,"3,583.2",26,--,"7,324",--
8053,住友商事,PTS(X),信用返済売,６ヵ月,特定,2025/05/01,2025/05/07,100,"3,583.2",26,--,"7,314",--
9552,Ｍ＆Ａ総研ホールディングス,PTS(X),信用返済売,６ヵ月,特定,2025/05/01,2025/05/07,100,"1,296.4",9,--,"3,831",--
9552,Ｍ＆Ａ総研ホールディングス,PTS(X),信用返済売,６ヵ月,特定,2025/05/01,2025/05/07,100,"1,296.5",9,--,"3,841",--
9552,Ｍ＆Ａ総研ホールディングス,PTS(X),信用返済売,６ヵ月,特定,2025/05/01,2025/05/07,200,"1,290.1",19,--,"6,401",--
9552,Ｍ＆Ａ総研ホールディングス,PTS(X),信用返済売,６ヵ月,特定,2025/05/01,2025/05/07,100,"1,297",9,--,"3,971",--
9552,Ｍ＆Ａ総研ホールディングス,PTS(O),信用返済売,６ヵ月,特定,2025/05/01,2025/05/07,100,"1,296.8",9,--,"3,941",--
9552,Ｍ＆Ａ総研ホールディングス,東証,信用返済売,６ヵ月,特定,2025/05/01,2025/05/07,100,"1,290",9,--,"3,091",--
9552,Ｍ＆Ａ総研ホールディングス,東証,信用返済売,６ヵ月,特定,2025/05/01,2025/05/07,200,"1,289",19,--,"5,781",--
9552,Ｍ＆Ａ総研ホールディングス,PTS(X),信用返済売,６ヵ月,特定,2025/05/01,2025/05/07,100,"1,296.6",9,--,"3,881",--
2395,新日本科学,PTS(X),信用新規買,６ヵ月,特定,2025/05/01,2025/05/07,100,"1,497.3",--,--,--,--
2395,新日本科学,PTS(X),信用新規買,６ヵ月,特定,2025/05/01,2025/05/07,100,"1,497.4",--,--,--,--
2395,新日本科学,PTS(X),信用新規買,６ヵ月,特定,2025/05/01,2025/05/07,100,"1,497.6",--,--,--,--
2395,新日本科学,PTS(X),信用新規買,６ヵ月,特定,2025/05/01,2025/05/07,100,"1,497.7",--,--,--,--
2395,新日本科学,PTS(O),信用新規買,６ヵ月,特定,2025/05/01,2025/05/07,100,"1,497.4",--,--,--,--
2768,双日,PTS(X),信用新規買,６ヵ月,特定,2025/05/01,2025/05/07,100,"3,364.9",--,--,--,--
2768,双日,PTS(O),信用新規買,６ヵ月,特定,2025/05/01,2025/05/07,100,"3,364.8",--,--,--,--
2768,双日,PTS(X),信用新規買,６ヵ月,特定,2025/05/01,2025/05/07,100,"3,425.4",--,--,--,--
2768,双日,PTS(X),信用新規買,６ヵ月,特定,2025/05/01,2025/05/07,100,"3,425.3",--,--,--,--
2768,双日,PTS(X),信用新規買,６ヵ月,特定,2025/05/01,2025/05/07,100,"3,364.8",--,--,--,--
3382,セブン＆アイ・ホールディングス,東証,信用新規買,６ヵ月,特定,2025/05/01,2025/05/07,"1,000","2,164.5",--,--,--,--
6857,アドバンテスト,PTS(O),信用新規買,６ヵ月,特定,2025/05/01,2025/05/07,300,"6,120.9",--,--,--,--
6857,アドバンテスト,東証,信用新規買,６ヵ月,特定,2025/05/01,2025/05/07,100,"6,121",--,--,--,--
6857,アドバンテスト,東証,信用新規買,６ヵ月,特定,2025/05/01,2025/05/07,200,"6,191",--,--,--,--
6920,レーザーテック,東証,信用新規買,６ヵ月,特定,2025/05/01,2025/05/07,100,"13,200",--,--,--,--
6957,芝浦電子,PTS(X),信用新規買,６ヵ月,特定,2025/05/01,2025/05/07,100,"6,038",--,--,--,--
6981,村田製作所,東証,信用新規買,６ヵ月,特定,2025/05/01,2025/05/07,500,"1,854",--,--,--,--
7173,東京きらぼしフィナンシャルグループ,PTS(X),信用新規買,６ヵ月,特定,2025/05/01,2025/05/07,100,"5,570",--,--,--,--
7741,ＨＯＹＡ,PTS(X),信用新規買,６ヵ月,特定,2025/05/01,2025/05/07,100,"16,983.4",--,--,--,--
8031,三井物産,PTS(X),信用新規買,６ヵ月,特定,2025/05/01,2025/05/07,200,"2,892.5",--,--,--,--
8035,東京エレクトロン,PTS(X),信用新規買,６ヵ月,特定,2025/05/01,2025/05/07,100,"21,067.4",--,--,--,--
8035,東京エレクトロン,PTS(X),信用新規買,６ヵ月,特定,2025/05/01,2025/05/07,100,"20,619.4",--,--,--,--
8035,東京エレクトロン,PTS(X),信用新規買,６ヵ月,特定,2025/05/01,2025/05/07,100,"21,264.4",--,--,--,--
8035,東京エレクトロン,PTS(X),信用新規買,６ヵ月,特定,2025/05/01,2025/05/07,100,"21,084.4",--,--,--,--
8035,東京エレクトロン,PTS(X),信用新規買,６ヵ月,特定,2025/05/01,2025/05/07,100,"20,962.6",--,--,--,--
8053,住友商事,東証,信用新規買,６ヵ月,特定,2025/05/01,2025/05/07,100,"3,480",--,--,--,--
8053,住友商事,PTS(X),信用新規買,６ヵ月,特定,2025/05/01,2025/05/07,100,"3,479.9",--,--,--,--
8053,住友商事,PTS(O),信用新規買,６ヵ月,特定,2025/05/01,2025/05/07,100,"3,509.8",--,--,--,--
8053,住友商事,PTS(X),信用新規買,６ヵ月,特定,2025/05/01,2025/05/07,100,"3,509.6",--,--,--,--
8053,住友商事,PTS(X),信用新規買,６ヵ月,特定,2025/05/01,2025/05/07,100,"3,509.8",--,--,--,--
8053,住友商事,PTS(X),信用新規買,６ヵ月,特定,2025/05/01,2025/05/07,100,"3,509.7",--,--,--,--
9552,Ｍ＆Ａ総研ホールディングス,PTS(X),信用新規買,６ヵ月,特定,2025/05/01,2025/05/07,100,"1,257.3",--,--,--,--
9552,Ｍ＆Ａ総研ホールディングス,PTS(X),信用新規買,６ヵ月,特定,2025/05/01,2025/05/07,100,"1,257.7",--,--,--,--
9552,Ｍ＆Ａ総研ホールディングス,東証,信用新規買,６ヵ月,特定,2025/05/01,2025/05/07,400,"1,258",--,--,--,--
9552,Ｍ＆Ａ総研ホールディングス,東証,信用新規買,６ヵ月,特定,2025/05/01,2025/05/07,200,"1,260",--,--,--,--
9552,Ｍ＆Ａ総研ホールディングス,東証,信用新規買,６ヵ月,特定,2025/05/01,2025/05/07,100,"1,259",--,--,--,--
9552,Ｍ＆Ａ総研ホールディングス,PTS(X),信用新規買,６ヵ月,特定,2025/05/01,2025/05/07,100,"1,257.2",--,--,--,--
2114,フジ日本,PTS(X),現物買,--,特定,2025/04/30,2025/05/02,100,"1,072",--,--,"107,200",--
2114,フジ日本,PTS(O),現物買,--,特定,2025/04/30,2025/05/02,100,"1,072",--,--,"107,200",--
2692,伊藤忠食品,東証,信用返済売,６ヵ月,特定,2025/04/30,2025/05/02,100,"9,150",72,--,"-30,072",--
4005,住友化学,PTS(O),信用返済売,６ヵ月,特定,2025/04/30,2025/05/02,100,338.6,2,--,138,--
4005,住友化学,PTS(X),信用返済売,６ヵ月,特定,2025/04/30,2025/05/02,400,338.6,10,--,550,--
4005,住友化学,東証,信用返済売,６ヵ月,特定,2025/04/30,2025/05/02,500,338.5,12,--,588,--
4005,住友化学,東証,信用返済売,６ヵ月,特定,2025/04/30,2025/05/02,"1,500",338.6,38,--,"1,912",--
4005,住友化学,東証,信用返済売,６ヵ月,特定,2025/04/30,2025/05/02,500,338.5,12,--,638,--
4626,太陽ホールディングス,PTS(O),信用返済売,６ヵ月,特定,2025/04/30,2025/05/02,100,"5,342",37,--,"40,663",--
4626,太陽ホールディングス,PTS(X),信用返済売,６ヵ月,特定,2025/04/30,2025/05/02,100,"5,342",37,--,"40,663",--
4661,オリエンタルランド,東証,信用返済売,６ヵ月,特定,2025/04/30,2025/05/02,300,"3,033",68,--,"14,182",--
4661,オリエンタルランド,東証,信用返済売,６ヵ月,特定,2025/04/30,2025/05/02,100,"3,033",22,--,"4,778",--
4661,オリエンタルランド,東証,信用返済売,６ヵ月,特定,2025/04/30,2025/05/02,100,"3,033",22,--,"4,778",--
6701,日本電気,PTS(X),信用返済売,６ヵ月,特定,2025/04/30,2025/05/02,100,"3,451",26,--,"1,694",--
6701,日本電気,東証,信用返済売,６ヵ月,特定,2025/04/30,2025/05/02,100,"3,451",26,--,"1,684",--
6701,日本電気,PTS(O),信用返済売,６ヵ月,特定,2025/04/30,2025/05/02,100,"3,451",26,--,"1,694",--
6701,日本電気,東証,信用返済売,６ヵ月,特定,2025/04/30,2025/05/02,100,"3,451",26,--,"1,594",--
6758,ソニーグループ,PTS(X),信用返済売,６ヵ月,特定,2025/04/30,2025/05/02,100,"3,706.5",28,--,-228,--
6758,ソニーグループ,PTS(X),信用返済売,６ヵ月,特定,2025/04/30,2025/05/02,100,"3,706.6",28,--,-228,--
6758,ソニーグループ,PTS(J),信用返済売,６ヵ月,特定,2025/04/30,2025/05/02,200,"3,706.2",56,--,-536,--
6857,アドバンテスト,東証,信用返済売,６ヵ月,特定,2025/04/30,2025/05/02,300,"5,863",134,--,"10,816",--
6920,レーザーテック,東証,信用返済売,６ヵ月,特定,2025/04/30,2025/05/02,100,"13,290",95,--,"89,905",--
6920,レーザーテック,PTS(X),信用返済売,６ヵ月,特定,2025/04/30,2025/05/02,100,"13,268.8",95,--,"87,785",--
7381,北國フィナンシャルホールディングス,東証,信用返済売,６ヵ月,特定,2025/04/30,2025/05/02,100,"5,570",41,--,"14,959",--
7947,エフピコ,PTS(O),信用返済売,６ヵ月,特定,2025/04/30,2025/05/02,100,"3,119.5",24,--,"-2,074",--
7947,エフピコ,PTS(O),信用返済売,６ヵ月,特定,2025/04/30,2025/05/02,100,"3,120",24,--,"-2,024",--
8803,平和不動産,東証,信用返済売,６ヵ月,特定,2025/04/30,2025/05/02,100,"4,700",36,--,"-1,986",--
8803,平和不動産,東証,信用返済売,６ヵ月,特定,2025/04/30,2025/05/02,100,"4,705",36,--,"-1,486",--
9502,中部電力,東証,信用返済売,６ヵ月,特定,2025/04/30,2025/05/02,200,"1,811",55,--,"2,645",--
9502,中部電力,東証,信用返済売,６ヵ月,特定,2025/04/30,2025/05/02,300,"1,811",82,--,"3,968",--
9502,中部電力,東証,信用返済売,６ヵ月,特定,2025/04/30,2025/05/02,200,"1,811",55,--,"2,685",--
2692,伊藤忠食品,PTS(X),信用新規買,６ヵ月,特定,2025/04/30,2025/05/02,100,"9,450",--,--,--,--
4005,住友化学,東証,信用新規買,６ヵ月,特定,2025/04/30,2025/05/02,"2,000",337.3,--,--,--,--
4005,住友化学,東証,信用新規買,６ヵ月,特定,2025/04/30,2025/05/02,500,337.2,--,--,--,--
4005,住友化学,PTS(X),信用新規買,６ヵ月,特定,2025/04/30,2025/05/02,500,337.2,--,--,--,--
4626,太陽ホールディングス,東証,信用新規買,６ヵ月,特定,2025/04/30,2025/05/02,200,"4,935",--,--,--,--
4661,オリエンタルランド,東証,信用新規買,６ヵ月,特定,2025/04/30,2025/05/02,300,"2,985.5",--,--,--,--
4661,オリエンタルランド,東証,信用新規買,６ヵ月,特定,2025/04/30,2025/05/02,100,"2,985",--,--,--,--
4661,オリエンタルランド,PTS(X),信用新規買,６ヵ月,特定,2025/04/30,2025/05/02,100,"2,985",--,--,--,--
6701,日本電気,PTS(X),信用新規買,６ヵ月,特定,2025/04/30,2025/05/02,200,"3,433.8",--,--,--,--
6701,日本電気,PTS(X),信用新規買,６ヵ月,特定,2025/04/30,2025/05/02,100,"3,433.9",--,--,--,--
6701,日本電気,PTS(X),信用新規買,６ヵ月,特定,2025/04/30,2025/05/02,100,"3,434.8",--,--,--,--
6758,ソニーグループ,PTS(X),信用新規買,６ヵ月,特定,2025/04/30,2025/05/02,300,"3,708.6",--,--,--,--
6758,ソニーグループ,PTS(X),信用新規買,６ヵ月,特定,2025/04/30,2025/05/02,100,"3,708.5",--,--,--,--
6770,アルプスアルパイン,PTS(X),信用新規買,６ヵ月,特定,2025/04/30,2025/05/02,100,"1,453.9",--,--,--,--
6770,アルプスアルパイン,PTS(X),信用新規買,６ヵ月,特定,2025/04/30,2025/05/02,100,"1,454",--,--,--,--
6770,アルプスアルパイン,東証,信用新規買,６ヵ月,特定,2025/04/30,2025/05/02,500,"1,454.5",--,--,--,--
6770,アルプスアルパイン,東証,信用新規買,６ヵ月,特定,2025/04/30,2025/05/02,300,"1,454",--,--,--,--
6857,アドバンテスト,PTS(X),信用新規買,６ヵ月,特定,2025/04/30,2025/05/02,300,"5,826.5",--,--,--,--
6920,レーザーテック,東証,信用新規買,６ヵ月,特定,2025/04/30,2025/05/02,100,"12,390",--,--,--,--
6920,レーザーテック,PTS(X),信用新規買,６ヵ月,特定,2025/04/30,2025/05/02,100,"12,390",--,--,--,--
7381,北國フィナンシャルホールディングス,東証,信用新規買,６ヵ月,特定,2025/04/30,2025/05/02,100,"5,420",--,--,--,--
7947,エフピコ,PTS(O),信用新規買,６ヵ月,特定,2025/04/30,2025/05/02,100,"3,140",--,--,--,--
7947,エフピコ,PTS(X),信用新規買,６ヵ月,特定,2025/04/30,2025/05/02,100,"3,140",--,--,--,--
8803,平和不動産,PTS(O),信用新規買,６ヵ月,特定,2025/04/30,2025/05/02,100,"4,719.5",--,--,--,--
8803,平和不動産,PTS(X),信用新規買,６ヵ月,特定,2025/04/30,2025/05/02,100,"4,719.5",--,--,--,--
1942,関電工,東証,信用返済売,６ヵ月,特定,2025/04/28,2025/05/01,100,"2,863",22,--,"-10,062",--
1942,関電工,東証,信用返済売,６ヵ月,特定,2025/04/28,2025/05/01,100,"2,863",22,--,"-10,062",--
1942,関電工,東証,信用返済売,６ヵ月,特定,2025/04/28,2025/05/01,100,"2,863.5",22,--,"-1,302",--
1942,関電工,東証,信用返済売,６ヵ月,特定,2025/04/28,2025/05/01,100,"2,864",22,--,"-1,252",--
1964,中外炉工業,東証,信用返済売,６ヵ月,特定,2025/04/28,2025/05/01,100,"3,705",28,--,"-7,028",--
3778,さくらインターネット,東証,信用返済売,６ヵ月,特定,2025/04/28,2025/05/01,100,"3,355",26,--,"-8,026",--
3778,さくらインターネット,東証,信用返済売,６ヵ月,特定,2025/04/28,2025/05/01,100,"3,355",26,--,"-7,526",--
6857,アドバンテスト,東証,信用返済売,６ヵ月,特定,2025/04/28,2025/05/01,100,"5,710",43,--,"3,767",--
6857,アドバンテスト,東証,信用返済売,６ヵ月,特定,2025/04/28,2025/05/01,100,"5,710",43,--,-143,--
6857,アドバンテスト,東証,信用返済売,６ヵ月,特定,2025/04/28,2025/05/01,100,"5,710",43,--,-133,--
6857,アドバンテスト,東証,信用返済売,６ヵ月,特定,2025/04/28,2025/05/01,100,"5,710",43,--,"3,777",--
6857,アドバンテスト,東証,信用返済売,６ヵ月,特定,2025/04/28,2025/05/01,100,"5,710",43,--,"3,757",--
6857,アドバンテスト,東証,信用返済売,６ヵ月,特定,2025/04/28,2025/05/01,200,"5,710",87,--,-287,--
9368,キムラユニティー,PTS(X),信用返済売,６ヵ月,特定,2025/04/28,2025/05/01,100,780.1,6,--,"-2,096",--
9368,キムラユニティー,東証,信用返済売,６ヵ月,特定,2025/04/28,2025/05/01,100,780,6,--,"-2,106",--
9368,キムラユニティー,PTS(X),信用返済売,６ヵ月,特定,2025/04/28,2025/05/01,200,780,12,--,"-4,212",--
9502,中部電力,東証,信用返済売,６ヵ月,特定,2025/04/28,2025/05/01,200,"1,785",27,--,"-2,547",--
9502,中部電力,東証,信用返済売,６ヵ月,特定,2025/04/28,2025/05/01,100,"1,785",13,--,"-1,233",--
1942,関電工,PTS(O),信用新規買,６ヵ月,特定,2025/04/28,2025/05/01,200,"2,876.3",--,--,--,--
1942,関電工,PTS(O),信用新規買,６ヵ月,特定,2025/04/28,2025/05/01,100,"2,963.4",--,--,--,--
1942,関電工,PTS(X),信用新規買,６ヵ月,特定,2025/04/28,2025/05/01,100,"2,963.4",--,--,--,--
1964,中外炉工業,東証,信用新規買,６ヵ月,特定,2025/04/28,2025/05/01,100,"3,775",--,--,--,--
3778,さくらインターネット,東証,信用新規買,６ヵ月,特定,2025/04/28,2025/05/01,100,"3,430",--,--,--,--
3778,さくらインターネット,東証,信用新規買,６ヵ月,特定,2025/04/28,2025/05/01,100,"3,435",--,--,--,--
6857,アドバンテスト,PTS(J),信用新規買,６ヵ月,特定,2025/04/28,2025/05/01,100,"5,710.9",--,--,--,--
6857,アドバンテスト,東証,信用新規買,６ヵ月,特定,2025/04/28,2025/05/01,100,"5,711",--,--,--,--
6857,アドバンテスト,PTS(J),信用新規買,６ヵ月,特定,2025/04/28,2025/05/01,100,"5,671.8",--,--,--,--
6857,アドバンテスト,PTS(X),信用新規買,６ヵ月,特定,2025/04/28,2025/05/01,200,"5,711",--,--,--,--
6857,アドバンテスト,PTS(O),信用新規買,６ヵ月,特定,2025/04/28,2025/05/01,100,"5,672",--,--,--,--
6857,アドバンテスト,PTS(O),信用新規買,６ヵ月,特定,2025/04/28,2025/05/01,100,"5,671.9",--,--,--,--
9368,キムラユニティー,東証,信用新規買,６ヵ月,特定,2025/04/28,2025/05/01,400,801,--,--,--,--
9502,中部電力,PTS(X),信用新規買,６ヵ月,特定,2025/04/28,2025/05/01,200,"1,797.5",--,--,--,--
9502,中部電力,PTS(O),信用新規買,６ヵ月,特定,2025/04/28,2025/05/01,300,"1,797.5",--,--,--,--
9502,中部電力,PTS(X),信用新規買,６ヵ月,特定,2025/04/28,2025/05/01,200,"1,797.3",--,--,--,--
9502,中部電力,PTS(X),信用新規買,６ヵ月,特定,2025/04/28,2025/05/01,200,"1,797.6",--,--,--,--
9502,中部電力,PTS(X),信用新規買,６ヵ月,特定,2025/04/28,2025/05/01,100,"1,797.2",--,--,--,--
3116,トヨタ紡織,東証,信用新規売,６ヵ月,特定,2025/04/25,2025/04/30,100,"2,009.5",--,--,--,--
3116,トヨタ紡織,PTS(X),信用新規売,６ヵ月,特定,2025/04/25,2025/04/30,100,"2,009.7",--,--,--,--
3116,トヨタ紡織,PTS(X),信用新規売,６ヵ月,特定,2025/04/25,2025/04/30,100,"2,009.6",--,--,--,--
3116,トヨタ紡織,PTS(O),信用新規売,６ヵ月,特定,2025/04/25,2025/04/30,100,"2,009.6",--,--,--,--
3116,トヨタ紡織,東証,信用新規売,６ヵ月,特定,2025/04/25,2025/04/30,100,"2,008.5",--,--,--,--
3116,トヨタ紡織,PTS(O),信用新規売,６ヵ月,特定,2025/04/25,2025/04/30,100,"2,010.1",--,--,--,--
3116,トヨタ紡織,PTS(O),信用新規売,６ヵ月,特定,2025/04/25,2025/04/30,100,"2,010.6",--,--,--,--
3116,トヨタ紡織,東証,信用新規売,６ヵ月,特定,2025/04/25,2025/04/30,200,"2,009",--,--,--,--
3116,トヨタ紡織,PTS(O),信用新規売,６ヵ月,特定,2025/04/25,2025/04/30,100,"2,009.5",--,--,--,--
5482,愛知製鋼,PTS(X),信用新規売,６ヵ月,特定,2025/04/25,2025/04/30,100,"7,811",--,--,--,--
5482,愛知製鋼,PTS(X),信用新規売,６ヵ月,特定,2025/04/25,2025/04/30,100,"7,812",--,--,--,--
6902,デンソー,PTS(J),信用新規売,６ヵ月,特定,2025/04/25,2025/04/30,100,"1,821.7",--,--,--,--
6902,デンソー,PTS(X),信用新規売,６ヵ月,特定,2025/04/25,2025/04/30,200,"1,822.1",--,--,--,--
6902,デンソー,PTS(X),信用新規売,６ヵ月,特定,2025/04/25,2025/04/30,100,"1,808.5",--,--,--,--
6902,デンソー,PTS(O),信用新規売,６ヵ月,特定,2025/04/25,2025/04/30,200,"1,817.1",--,--,--,--
6902,デンソー,PTS(X),信用新規売,６ヵ月,特定,2025/04/25,2025/04/30,100,"1,822.2",--,--,--,--
6902,デンソー,PTS(O),信用新規売,６ヵ月,特定,2025/04/25,2025/04/30,100,"1,822.1",--,--,--,--
6902,デンソー,PTS(O),信用新規売,６ヵ月,特定,2025/04/25,2025/04/30,100,"1,821.6",--,--,--,--
6902,デンソー,PTS(X),信用新規売,６ヵ月,特定,2025/04/25,2025/04/30,100,"1,808.1",--,--,--,--
6902,デンソー,PTS(X),信用新規売,６ヵ月,特定,2025/04/25,2025/04/30,300,"1,817",--,--,--,--
6902,デンソー,PTS(O),信用新規売,６ヵ月,特定,2025/04/25,2025/04/30,100,"1,817",--,--,--,--
6902,デンソー,PTS(O),信用新規売,６ヵ月,特定,2025/04/25,2025/04/30,100,"1,822.2",--,--,--,--
6902,デンソー,PTS(X),信用新規売,６ヵ月,特定,2025/04/25,2025/04/30,300,"1,821.6",--,--,--,--
6902,デンソー,PTS(X),信用新規売,６ヵ月,特定,2025/04/25,2025/04/30,100,"1,809.2",--,--,--,--
6902,デンソー,東証,信用新規売,６ヵ月,特定,2025/04/25,2025/04/30,600,"1,816.5",--,--,--,--
6902,デンソー,東証,信用新規売,６ヵ月,特定,2025/04/25,2025/04/30,600,"1,817",--,--,--,--
6902,デンソー,東証,信用新規売,６ヵ月,特定,2025/04/25,2025/04/30,"1,700","1,809",--,--,--,--
6902,デンソー,PTS(O),信用新規売,６ヵ月,特定,2025/04/25,2025/04/30,200,"1,809.1",--,--,--,--
6902,デンソー,PTS(X),信用新規売,６ヵ月,特定,2025/04/25,2025/04/30,100,"1,808.3",--,--,--,--
6902,デンソー,PTS(X),信用新規売,６ヵ月,特定,2025/04/25,2025/04/30,200,"1,808.6",--,--,--,--
6902,デンソー,PTS(O),信用新規売,６ヵ月,特定,2025/04/25,2025/04/30,200,"1,817.2",--,--,--,--
7259,アイシン,PTS(O),信用新規売,６ヵ月,特定,2025/04/25,2025/04/30,100,"1,724.8",--,--,--,--
7259,アイシン,PTS(X),信用新規売,６ヵ月,特定,2025/04/25,2025/04/30,100,"1,724.7",--,--,--,--
7259,アイシン,PTS(O),信用新規売,６ヵ月,特定,2025/04/25,2025/04/30,100,"1,724.5",--,--,--,--
7259,アイシン,PTS(X),信用新規売,６ヵ月,特定,2025/04/25,2025/04/30,100,"1,724.6",--,--,--,--
7259,アイシン,PTS(O),信用新規売,６ヵ月,特定,2025/04/25,2025/04/30,100,"1,724.7",--,--,--,--
7259,アイシン,PTS(X),信用新規売,６ヵ月,特定,2025/04/25,2025/04/30,100,"1,724.9",--,--,--,--
7259,アイシン,PTS(X),信用新規売,６ヵ月,特定,2025/04/25,2025/04/30,100,"1,724.8",--,--,--,--
7259,アイシン,東証,信用新規売,６ヵ月,特定,2025/04/25,2025/04/30,300,"1,724.5",--,--,--,--
1944,きんでん,PTS(O),信用返済売,６ヵ月,特定,2025/04/25,2025/04/30,100,"3,492.2",21,--,"-1,301",--
1944,きんでん,PTS(O),信用返済売,６ヵ月,特定,2025/04/25,2025/04/30,100,"3,492.2",21,--,"-1,601",--
3116,トヨタ紡織,PTS(O),信用返済売,６ヵ月,特定,2025/04/25,2025/04/30,100,"1,984",12,--,"-2,612",--
3116,トヨタ紡織,東証,信用返済売,６ヵ月,特定,2025/04/25,2025/04/30,100,"1,982.5",12,--,"-2,862",--
3116,トヨタ紡織,東証,信用返済売,６ヵ月,特定,2025/04/25,2025/04/30,100,"1,961",12,--,"-1,822",--
3116,トヨタ紡織,東証,信用返済売,６ヵ月,特定,2025/04/25,2025/04/30,100,"1,983.5",12,--,"-2,662",--
3116,トヨタ紡織,PTS(O),信用返済売,６ヵ月,特定,2025/04/25,2025/04/30,400,"1,983.5",50,--,"-10,650",--
3116,トヨタ紡織,PTS(X),信用返済売,６ヵ月,特定,2025/04/25,2025/04/30,200,"1,961",24,--,"-3,624",--
3116,トヨタ紡織,PTS(O),信用返済売,６ヵ月,特定,2025/04/25,2025/04/30,100,"1,961",12,--,"-1,832",--
3116,トヨタ紡織,PTS(X),信用返済売,６ヵ月,特定,2025/04/25,2025/04/30,100,"1,983.8",12,--,"-2,782",--
3116,トヨタ紡織,PTS(X),信用返済売,６ヵ月,特定,2025/04/25,2025/04/30,100,"1,961",12,--,"-1,842",--
3116,トヨタ紡織,PTS(X),信用返済売,６ヵ月,特定,2025/04/25,2025/04/30,100,"1,984.1",12,--,"-2,602",--
3116,トヨタ紡織,PTS(X),信用返済売,６ヵ月,特定,2025/04/25,2025/04/30,100,"1,984",12,--,"-2,612",--
4568,第一三共,PTS(X),信用返済売,６ヵ月,特定,2025/04/25,2025/04/30,100,"3,540.1",21,--,"11,189",--
4568,第一三共,PTS(X),信用返済売,６ヵ月,特定,2025/04/25,2025/04/30,100,"3,540.2",21,--,"11,209",--
4568,第一三共,PTS(X),信用返済売,６ヵ月,特定,2025/04/25,2025/04/30,100,"3,540.3",21,--,"11,219",--
5410,合同製鐵,東証,信用返済売,６ヵ月,特定,2025/04/25,2025/04/30,200,"3,535",47,--,"-54,847",--
5410,合同製鐵,東証,信用返済売,６ヵ月,特定,2025/04/25,2025/04/30,100,"3,810",23,--,77,--
5482,愛知製鋼,東証,信用返済売,６ヵ月,特定,2025/04/25,2025/04/30,100,"7,850",49,--,"-13,849",--
5482,愛知製鋼,東証,信用返済売,６ヵ月,特定,2025/04/25,2025/04/30,100,"7,860",49,--,"-12,749",--
6382,トリニティ工業,東証,信用返済売,６ヵ月,特定,2025/04/25,2025/04/30,200,"1,058",13,--,"-1,613",--
6382,トリニティ工業,PTS(X),信用返済売,６ヵ月,特定,2025/04/25,2025/04/30,100,"1,059.1",6,--,-596,--
6382,トリニティ工業,東証,信用返済売,６ヵ月,特定,2025/04/25,2025/04/30,100,"1,059",6,--,-606,--
6473,ジェイテクト,PTS(X),信用返済売,６ヵ月,特定,2025/04/25,2025/04/30,100,"1,102.1",6,--,"4,594",--
6473,ジェイテクト,PTS(X),信用返済売,６ヵ月,特定,2025/04/25,2025/04/30,100,"1,102.1",6,--,"4,594",--
6473,ジェイテクト,PTS(O),信用返済売,６ヵ月,特定,2025/04/25,2025/04/30,100,"1,102.2",6,--,"4,594",--
6473,ジェイテクト,PTS(X),信用返済売,６ヵ月,特定,2025/04/25,2025/04/30,100,"1,102.2",6,--,"4,594",--
6473,ジェイテクト,PTS(O),信用返済売,６ヵ月,特定,2025/04/25,2025/04/30,100,"1,102.1",6,--,"4,594",--
6473,ジェイテクト,東証,信用返済売,６ヵ月,特定,2025/04/25,2025/04/30,200,"1,097",13,--,"8,087",--
6473,ジェイテクト,東証,信用返済売,６ヵ月,特定,2025/04/25,2025/04/30,200,"1,096.5",13,--,"8,007",--
6473,ジェイテクト,PTS(O),信用返済売,６ヵ月,特定,2025/04/25,2025/04/30,100,"1,097",6,--,"4,044",--
6594,ニデック,PTS(X),信用返済売,６ヵ月,特定,2025/04/25,2025/04/30,200,"2,477.4",31,--,"-5,351",--
6594,ニデック,PTS(X),信用返済売,６ヵ月,特定,2025/04/25,2025/04/30,100,"2,455.1",15,--,"-3,435",--
6594,ニデック,PTS(X),信用返済売,６ヵ月,特定,2025/04/25,2025/04/30,100,"2,455.1",15,--,"-3,435",--
6594,ニデック,PTS(X),信用返済売,６ヵ月,特定,2025/04/25,2025/04/30,100,"2,477.6",15,--,"-2,645",--
6594,ニデック,PTS(X),信用返済売,６ヵ月,特定,2025/04/25,2025/04/30,100,"2,477.7",15,--,"-2,615",--
6594,ニデック,PTS(X),信用返済売,６ヵ月,特定,2025/04/25,2025/04/30,100,"2,455.4",15,--,"-3,415",--
6594,ニデック,PTS(X),信用返済売,６ヵ月,特定,2025/04/25,2025/04/30,100,"2,477.8",15,--,"-2,595",--
6594,ニデック,PTS(X),信用返済売,６ヵ月,特定,2025/04/25,2025/04/30,200,"2,455.3",31,--,"-6,851",--
6594,ニデック,PTS(X),信用返済売,６ヵ月,特定,2025/04/25,2025/04/30,300,"2,455.2",46,--,"-10,306",--
6594,ニデック,PTS(X),信用返済売,６ヵ月,特定,2025/04/25,2025/04/30,100,"2,477.6",15,--,"-2,655",--
6594,ニデック,PTS(X),信用返済売,６ヵ月,特定,2025/04/25,2025/04/30,100,"2,477.5",15,--,"-2,665",--
6594,ニデック,PTS(X),信用返済売,６ヵ月,特定,2025/04/25,2025/04/30,100,"2,455.1",15,--,"-3,425",--
6594,ニデック,PTS(X),信用返済売,６ヵ月,特定,2025/04/25,2025/04/30,100,"2,455.5",15,--,"-3,375",--
6702,富士通,PTS(O),信用返済売,６ヵ月,特定,2025/04/25,2025/04/30,100,"3,100.4",19,--,"-3,179",--
6702,富士通,PTS(O),信用返済売,６ヵ月,特定,2025/04/25,2025/04/30,100,"3,100.5",19,--,"-3,169",--
6702,富士通,PTS(J),信用返済売,６ヵ月,特定,2025/04/25,2025/04/30,100,"3,100.1",19,--,"-3,199",--
6702,富士通,PTS(X),信用返済売,６ヵ月,特定,2025/04/25,2025/04/30,100,"3,100.2",19,--,"-3,199",--
6702,富士通,PTS(X),信用返済売,６ヵ月,特定,2025/04/25,2025/04/30,100,"3,100.5",19,--,"-3,149",--
6702,富士通,PTS(X),信用返済売,６ヵ月,特定,2025/04/25,2025/04/30,100,"3,100.1",19,--,"-3,209",--
6857,アドバンテスト,PTS(X),信用返済売,６ヵ月,特定,2025/04/25,2025/04/30,100,"5,952.5",37,--,"-2,977",--
6857,アドバンテスト,PTS(X),信用返済売,６ヵ月,特定,2025/04/25,2025/04/30,100,"5,952.5",37,--,"-2,967",--
6902,デンソー,PTS(O),信用返済売,６ヵ月,特定,2025/04/25,2025/04/30,200,"1,821",23,--,"-9,623",--
6902,デンソー,PTS(X),信用返済売,６ヵ月,特定,2025/04/25,2025/04/30,100,"1,821.1",11,--,"-4,801",--
6902,デンソー,PTS(X),信用返済売,６ヵ月,特定,2025/04/25,2025/04/30,100,"1,821.2",11,--,"-4,791",--
6902,デンソー,PTS(J),信用返済売,６ヵ月,特定,2025/04/25,2025/04/30,100,"1,821",11,--,"-4,811",--
6902,デンソー,東証,信用返済売,６ヵ月,特定,2025/04/25,2025/04/30,100,"1,820",11,--,"-6,611",--
6902,デンソー,東証,信用返済売,６ヵ月,特定,2025/04/25,2025/04/30,100,"1,819.5",11,--,"-6,911",--
6902,デンソー,東証,信用返済売,６ヵ月,特定,2025/04/25,2025/04/30,200,"1,819.5",23,--,"-13,523",--
6902,デンソー,東証,信用返済売,６ヵ月,特定,2025/04/25,2025/04/30,200,"1,820",23,--,"-13,423",--
6902,デンソー,東証,信用返済売,６ヵ月,特定,2025/04/25,2025/04/30,400,"1,820",47,--,"-26,647",--
6902,デンソー,東証,信用返済売,６ヵ月,特定,2025/04/25,2025/04/30,200,"1,819.5",23,--,"-13,623",--
6902,デンソー,東証,信用返済売,６ヵ月,特定,2025/04/25,2025/04/30,300,"1,819.5",35,--,"-20,585",--
6902,デンソー,東証,信用返済売,６ヵ月,特定,2025/04/25,2025/04/30,100,"1,820",11,--,"-4,961",--
6902,デンソー,東証,信用返済売,６ヵ月,特定,2025/04/25,2025/04/30,200,"1,821",23,--,"-9,623",--
6902,デンソー,東証,信用返済売,６ヵ月,特定,2025/04/25,2025/04/30,400,"1,820.5",46,--,"-19,646",--
6902,デンソー,PTS(O),信用返済売,６ヵ月,特定,2025/04/25,2025/04/30,300,"1,821.1",35,--,"-14,405",--
6920,レーザーテック,PTS(X),信用返済売,６ヵ月,特定,2025/04/25,2025/04/30,100,"12,972.5",80,--,"2,510",--
6920,レーザーテック,PTS(O),信用返済売,６ヵ月,特定,2025/04/25,2025/04/30,100,"13,175.1",82,--,"1,958",--
6920,レーザーテック,PTS(X),信用返済売,６ヵ月,特定,2025/04/25,2025/04/30,200,"12,971.2",161,--,"4,759",--
6920,レーザーテック,PTS(O),信用返済売,６ヵ月,特定,2025/04/25,2025/04/30,100,"12,920.7",80,--,"5,120",--
6920,レーザーテック,PTS(X),信用返済売,６ヵ月,特定,2025/04/25,2025/04/30,100,"12,920.5",80,--,"5,100",--
6920,レーザーテック,PTS(X),信用返済売,６ヵ月,特定,2025/04/25,2025/04/30,100,"12,972.5",80,--,"2,500",--
6920,レーザーテック,東証,信用返済売,６ヵ月,特定,2025/04/25,2025/04/30,100,"13,175",82,--,"1,948",--
6920,レーザーテック,東証,信用返済売,６ヵ月,特定,2025/04/25,2025/04/30,100,"13,170",82,--,"1,448",--
7259,アイシン,PTS(O),信用返済売,６ヵ月,特定,2025/04/25,2025/04/30,100,"1,705.6",10,--,"2,050",--
7259,アイシン,PTS(X),信用返済売,６ヵ月,特定,2025/04/25,2025/04/30,100,"1,706",10,--,"2,100",--
7259,アイシン,PTS(X),信用返済売,６ヵ月,特定,2025/04/25,2025/04/30,100,"1,705.7",10,--,"2,060",--
7259,アイシン,PTS(O),信用返済売,６ヵ月,特定,2025/04/25,2025/04/30,100,"1,706",10,--,"2,150",--
7259,アイシン,PTS(X),信用返済売,６ヵ月,特定,2025/04/25,2025/04/30,100,"1,706.1",10,--,"2,210",--
7282,豊田合成,東証,信用返済売,６ヵ月,特定,2025/04/25,2025/04/30,300,"2,723",49,--,"24,701",--
1944,きんでん,東証,信用新規買,６ヵ月,特定,2025/04/25,2025/04/30,100,"3,508",--,--,--,--
1944,きんでん,東証,信用新規買,６ヵ月,特定,2025/04/25,2025/04/30,100,"3,505",--,--,--,--
3116,トヨタ紡織,東証,信用新規買,６ヵ月,特定,2025/04/25,2025/04/30,100,"2,011.5",--,--,--,--
3116,トヨタ紡織,PTS(X),信用新規買,６ヵ月,特定,2025/04/25,2025/04/30,100,"1,979.1",--,--,--,--
3116,トヨタ紡織,東証,信用新規買,６ヵ月,特定,2025/04/25,2025/04/30,100,"2,011",--,--,--,--
3116,トヨタ紡織,東証,信用新規買,６ヵ月,特定,2025/04/25,2025/04/30,700,"2,010",--,--,--,--
3116,トヨタ紡織,PTS(X),信用新規買,６ヵ月,特定,2025/04/25,2025/04/30,100,"1,979.3",--,--,--,--
3116,トヨタ紡織,PTS(O),信用新規買,６ヵ月,特定,2025/04/25,2025/04/30,100,"1,979.2",--,--,--,--
3116,トヨタ紡織,PTS(O),信用新規買,６ヵ月,特定,2025/04/25,2025/04/30,100,"2,010",--,--,--,--
3116,トヨタ紡織,PTS(X),信用新規買,６ヵ月,特定,2025/04/25,2025/04/30,200,"1,979",--,--,--,--
4568,第一三共,PTS(X),信用新規買,６ヵ月,特定,2025/04/25,2025/04/30,200,"3,427.9",--,--,--,--
4568,第一三共,PTS(X),信用新規買,６ヵ月,特定,2025/04/25,2025/04/30,100,"3,428",--,--,--,--
5410,合同製鐵,PTS(X),信用新規買,６ヵ月,特定,2025/04/25,2025/04/30,200,"3,809",--,--,--,--
5410,合同製鐵,PTS(O),信用新規買,６ヵ月,特定,2025/04/25,2025/04/30,100,"3,809",--,--,--,--
5482,愛知製鋼,PTS(X),信用新規買,６ヵ月,特定,2025/04/25,2025/04/30,100,"7,988",--,--,--,--
5482,愛知製鋼,PTS(X),信用新規買,６ヵ月,特定,2025/04/25,2025/04/30,100,"7,987",--,--,--,--
6382,トリニティ工業,PTS(O),信用新規買,６ヵ月,特定,2025/04/25,2025/04/30,100,"1,065",--,--,--,--
6382,トリニティ工業,東証,信用新規買,６ヵ月,特定,2025/04/25,2025/04/30,100,"1,065",--,--,--,--
6382,トリニティ工業,東証,信用新規買,６ヵ月,特定,2025/04/25,2025/04/30,200,"1,066",--,--,--,--
6473,ジェイテクト,PTS(O),信用新規買,６ヵ月,特定,2025/04/25,2025/04/30,200,"1,056.4",--,--,--,--
6473,ジェイテクト,PTS(X),信用新規買,６ヵ月,特定,2025/04/25,2025/04/30,200,"1,056.2",--,--,--,--
6473,ジェイテクト,PTS(X),信用新規買,６ヵ月,特定,2025/04/25,2025/04/30,100,"1,056.1",--,--,--,--
6473,ジェイテクト,PTS(O),信用新規買,６ヵ月,特定,2025/04/25,2025/04/30,200,"1,056.1",--,--,--,--
6473,ジェイテクト,東証,信用新規買,６ヵ月,特定,2025/04/25,2025/04/30,300,"1,056.5",--,--,--,--
6594,ニデック,PTS(X),信用新規買,６ヵ月,特定,2025/04/25,2025/04/30,100,"2,489.2",--,--,--,--
6594,ニデック,PTS(X),信用新規買,６ヵ月,特定,2025/04/25,2025/04/30,100,"2,489.1",--,--,--,--
6594,ニデック,PTS(X),信用新規買,６ヵ月,特定,2025/04/25,2025/04/30,100,"2,489.3",--,--,--,--
6594,ニデック,PTS(X),信用新規買,６ヵ月,特定,2025/04/25,2025/04/30,100,"2,503.7",--,--,--,--
6594,ニデック,PTS(O),信用新規買,６ヵ月,特定,2025/04/25,2025/04/30,100,"2,489.3",--,--,--,--
6594,ニデック,PTS(X),信用新規買,６ヵ月,特定,2025/04/25,2025/04/30,600,"2,489.4",--,--,--,--
6594,ニデック,PTS(X),信用新規買,６ヵ月,特定,2025/04/25,2025/04/30,100,"2,503.6",--,--,--,--
6594,ニデック,PTS(O),信用新規買,６ヵ月,特定,2025/04/25,2025/04/30,100,"2,503.9",--,--,--,--
6594,ニデック,東証,信用新規買,６ヵ月,特定,2025/04/25,2025/04/30,400,"2,504",--,--,--,--
6702,富士通,PTS(X),信用新規買,６ヵ月,特定,2025/04/25,2025/04/30,100,"3,131.9",--,--,--,--
6702,富士通,東証,信用新規買,６ヵ月,特定,2025/04/25,2025/04/30,400,"3,132",--,--,--,--
6702,富士通,PTS(X),信用新規買,６ヵ月,特定,2025/04/25,2025/04/30,100,"3,131.8",--,--,--,--
6857,アドバンテスト,PTS(J),信用新規買,６ヵ月,特定,2025/04/25,2025/04/30,100,"5,981.9",--,--,--,--
6857,アドバンテスト,PTS(X),信用新規買,６ヵ月,特定,2025/04/25,2025/04/30,100,"5,981.8",--,--,--,--
6902,デンソー,東証,信用新規買,６ヵ月,特定,2025/04/25,2025/04/30,200,"1,887.5",--,--,--,--
6902,デンソー,東証,信用新規買,６ヵ月,特定,2025/04/25,2025/04/30,500,"1,869.5",--,--,--,--
6902,デンソー,東証,信用新規買,６ヵ月,特定,2025/04/25,2025/04/30,100,"1,888.5",--,--,--,--
6902,デンソー,東証,信用新規買,６ヵ月,特定,2025/04/25,2025/04/30,400,"1,887",--,--,--,--
6902,デンソー,東証,信用新規買,６ヵ月,特定,2025/04/25,2025/04/30,100,"1,886",--,--,--,--
6902,デンソー,東証,信用新規買,６ヵ月,特定,2025/04/25,2025/04/30,400,"1,886.5",--,--,--,--
6902,デンソー,東証,信用新規買,６ヵ月,特定,2025/04/25,2025/04/30,300,"1,888",--,--,--,--
6902,デンソー,東証,信用新規買,６ヵ月,特定,2025/04/25,2025/04/30,"1,000","1,869",--,--,--,--
6920,レーザーテック,PTS(X),信用新規買,６ヵ月,特定,2025/04/25,2025/04/30,100,"12,946.7",--,--,--,--
6920,レーザーテック,PTS(X),信用新規買,６ヵ月,特定,2025/04/25,2025/04/30,200,"12,868.7",--,--,--,--
6920,レーザーテック,PTS(X),信用新規買,６ヵ月,特定,2025/04/25,2025/04/30,300,"12,946.6",--,--,--,--
6920,レーザーテック,PTS(X),信用新規買,６ヵ月,特定,2025/04/25,2025/04/30,300,"13,154.7",--,--,--,--
7259,アイシン,PTS(O),信用新規買,６ヵ月,特定,2025/04/25,2025/04/30,100,"1,683.9",--,--,--,--
7259,アイシン,東証,信用新規買,６ヵ月,特定,2025/04/25,2025/04/30,100,"1,685",--,--,--,--
7259,アイシン,PTS(O),信用新規買,６ヵ月,特定,2025/04/25,2025/04/30,100,"1,684.4",--,--,--,--
7259,アイシン,PTS(O),信用新規買,６ヵ月,特定,2025/04/25,2025/04/30,100,"1,685",--,--,--,--
7259,アイシン,PTS(O),信用新規買,６ヵ月,特定,2025/04/25,2025/04/30,100,"1,684.9",--,--,--,--
7282,豊田合成,東証,信用新規買,６ヵ月,特定,2025/04/25,2025/04/30,300,"2,640.5",--,--,--,--
3116,トヨタ紡織,東証,信用返済買,６ヵ月,特定,2025/04/25,2025/04/30,100,"2,013",6,--,-356,--
3116,トヨタ紡織,東証,信用返済買,６ヵ月,特定,2025/04/25,2025/04/30,100,"2,013",6,--,-346,--
3116,トヨタ紡織,東証,信用返済買,６ヵ月,特定,2025/04/25,2025/04/30,100,"2,012.5",6,--,-356,--
3116,トヨタ紡織,東証,信用返済買,６ヵ月,特定,2025/04/25,2025/04/30,100,"2,013",6,--,-456,--
3116,トヨタ紡織,PTS(O),信用返済買,６ヵ月,特定,2025/04/25,2025/04/30,100,"2,012.5",6,--,-306,--
3116,トヨタ紡織,PTS(X),信用返済買,６ヵ月,特定,2025/04/25,2025/04/30,100,"2,012.3",6,--,-226,--
3116,トヨタ紡織,PTS(O),信用返済買,６ヵ月,特定,2025/04/25,2025/04/30,100,"2,012.5",6,--,-296,--
3116,トヨタ紡織,PTS(O),信用返済買,６ヵ月,特定,2025/04/25,2025/04/30,100,"2,012.3",6,--,-176,--
3116,トヨタ紡織,PTS(O),信用返済買,６ヵ月,特定,2025/04/25,2025/04/30,100,"2,012.5",6,--,-286,--
3116,トヨタ紡織,PTS(O),信用返済買,６ヵ月,特定,2025/04/25,2025/04/30,100,"2,012.4",6,--,-346,--
5482,愛知製鋼,PTS(X),信用返済買,６ヵ月,特定,2025/04/25,2025/04/30,100,"7,780",23,--,"3,077",--
5482,愛知製鋼,PTS(O),信用返済買,６ヵ月,特定,2025/04/25,2025/04/30,100,"7,469",23,--,"34,277",--
6902,デンソー,PTS(J),信用返済買,６ヵ月,特定,2025/04/25,2025/04/30,200,"1,820.9",10,--,230,--
6902,デンソー,PTS(J),信用返済買,６ヵ月,特定,2025/04/25,2025/04/30,100,"1,820.9",5,--,115,--
6902,デンソー,PTS(O),信用返済買,６ヵ月,特定,2025/04/25,2025/04/30,200,"1,799.5",10,--,"1,890",--
6902,デンソー,PTS(X),信用返済買,６ヵ月,特定,2025/04/25,2025/04/30,200,"1,799.5",10,--,"1,890",--
6902,デンソー,東証,信用返済買,６ヵ月,特定,2025/04/25,2025/04/30,200,"1,821",10,--,110,--
6902,デンソー,東証,信用返済買,６ヵ月,特定,2025/04/25,2025/04/30,600,"1,821.5",32,--,"-3,032",--
6902,デンソー,東証,信用返済買,６ヵ月,特定,2025/04/25,2025/04/30,100,"1,800",5,--,915,--
6902,デンソー,東証,信用返済買,６ヵ月,特定,2025/04/25,2025/04/30,200,"1,800",10,--,"1,810",--
6902,デンソー,東証,信用返済買,６ヵ月,特定,2025/04/25,2025/04/30,800,"1,799.5",43,--,"7,557",--
6902,デンソー,東証,信用返済買,６ヵ月,特定,2025/04/25,2025/04/30,200,"1,800",10,--,"1,710",--
6902,デンソー,東証,信用返済買,６ヵ月,特定,2025/04/25,2025/04/30,600,"1,821.5",32,--,"-2,732",--
6902,デンソー,東証,信用返済買,６ヵ月,特定,2025/04/25,2025/04/30,100,"1,800",5,--,825,--
6902,デンソー,東証,信用返済買,６ヵ月,特定,2025/04/25,2025/04/30,100,"1,800",5,--,845,--
6902,デンソー,東証,信用返済買,６ヵ月,特定,2025/04/25,2025/04/30,100,"1,821",5,--,65,--
6902,デンソー,東証,信用返済買,６ヵ月,特定,2025/04/25,2025/04/30,200,"1,821.5",10,--,-870,--
6902,デンソー,東証,信用返済買,６ヵ月,特定,2025/04/25,2025/04/30,100,"1,821.5",5,--,5,--
6902,デンソー,東証,信用返済買,６ヵ月,特定,2025/04/25,2025/04/30,100,"1,821.5",5,--,5,--
6902,デンソー,東証,信用返済買,６ヵ月,特定,2025/04/25,2025/04/30,100,"1,821",5,--,115,--
6902,デンソー,東証,信用返済買,６ヵ月,特定,2025/04/25,2025/04/30,100,"1,821",5,--,115,--
6902,デンソー,東証,信用返済買,６ヵ月,特定,2025/04/25,2025/04/30,300,"1,821.5",16,--,"-1,366",--
6902,デンソー,東証,信用返済買,６ヵ月,特定,2025/04/25,2025/04/30,100,"1,821.5",5,--,-455,--
6902,デンソー,東証,信用返済買,６ヵ月,特定,2025/04/25,2025/04/30,500,"1,800",27,--,"4,473",--
6902,デンソー,東証,信用返済買,６ヵ月,特定,2025/04/25,2025/04/30,200,"1,821.5",10,--,-890,--
6902,デンソー,東証,信用返済買,６ヵ月,特定,2025/04/25,2025/04/30,100,"1,800",5,--,805,--
7259,アイシン,PTS(O),信用返済買,６ヵ月,特定,2025/04/25,2025/04/30,100,"1,727.1",5,--,-265,--
7259,アイシン,PTS(X),信用返済買,６ヵ月,特定,2025/04/25,2025/04/30,100,"1,727",5,--,-235,--
7259,アイシン,PTS(O),信用返済買,６ヵ月,特定,2025/04/25,2025/04/30,100,"1,727.5",5,--,-275,--
7259,アイシン,PTS(O),信用返済買,６ヵ月,特定,2025/04/25,2025/04/30,100,"1,727.5",5,--,-295,--
7259,アイシン,PTS(O),信用返済買,６ヵ月,特定,2025/04/25,2025/04/30,100,"1,727.5",5,--,-305,--
7259,アイシン,PTS(X),信用返済買,６ヵ月,特定,2025/04/25,2025/04/30,200,"1,726.9",10,--,-490,--
7259,アイシン,PTS(X),信用返済買,６ヵ月,特定,2025/04/25,2025/04/30,100,"1,726.9",5,--,-205,--
7259,アイシン,PTS(X),信用返済買,６ヵ月,特定,2025/04/25,2025/04/30,100,"1,727.2",5,--,-245,--
7259,アイシン,PTS(O),信用返済買,６ヵ月,特定,2025/04/25,2025/04/30,100,"1,727.2",5,--,-255,--
6954,ファナック,PTS(X),信用新規売,６ヵ月,特定,2025/04/24,2025/04/28,100,"3,546.6",--,--,--,--
6954,ファナック,PTS(X),信用新規売,６ヵ月,特定,2025/04/24,2025/04/28,200,"3,546.5",--,--,--,--
6954,ファナック,PTS(X),信用新規売,６ヵ月,特定,2025/04/24,2025/04/28,100,"3,551.2",--,--,--,--
6954,ファナック,PTS(O),信用新規売,６ヵ月,特定,2025/04/24,2025/04/28,100,"3,551.3",--,--,--,--
6954,ファナック,PTS(O),信用新規売,６ヵ月,特定,2025/04/24,2025/04/28,100,"3,551.2",--,--,--,--
6954,ファナック,PTS(O),信用新規売,６ヵ月,特定,2025/04/24,2025/04/28,100,"3,546.3",--,--,--,--
6954,ファナック,PTS(X),信用新規売,６ヵ月,特定,2025/04/24,2025/04/28,100,"3,546.2",--,--,--,--
6954,ファナック,PTS(X),信用新規売,６ヵ月,特定,2025/04/24,2025/04/28,100,"3,551.1",--,--,--,--
6954,ファナック,PTS(O),信用新規売,６ヵ月,特定,2025/04/24,2025/04/28,100,"3,551.4",--,--,--,--
2737,トーメンデバイス,PTS(X),信用返済売,６ヵ月,特定,2025/04/24,2025/04/28,100,"5,250",33,--,"-8,033",--
2737,トーメンデバイス,PTS(X),信用返済売,６ヵ月,特定,2025/04/24,2025/04/28,100,"5,251",33,--,"-6,833",--
2737,トーメンデバイス,東証,信用返済売,６ヵ月,特定,2025/04/24,2025/04/28,100,"5,130",33,--,"-25,033",--
5204,石塚硝子,PTS(X),信用返済売,６ヵ月,特定,2025/04/24,2025/04/28,100,"2,533",15,--,"-2,215",--
5204,石塚硝子,東証,信用返済売,６ヵ月,特定,2025/04/24,2025/04/28,100,"2,533",15,--,"-2,215",--
5992,中央発條,東証,信用返済売,６ヵ月,特定,2025/04/24,2025/04/28,100,"1,570",10,--,"-7,610",--
5992,中央発條,PTS(X),信用返済売,６ヵ月,特定,2025/04/24,2025/04/28,100,"1,570.5",10,--,"-7,560",--
5992,中央発條,東証,信用返済売,６ヵ月,特定,2025/04/24,2025/04/28,100,"1,565",10,--,"-8,110",--
5992,中央発條,東証,信用返済売,６ヵ月,特定,2025/04/24,2025/04/28,100,"1,569",10,--,"-7,710",--
5992,中央発條,東証,信用返済売,６ヵ月,特定,2025/04/24,2025/04/28,100,"1,564",10,--,"-8,210",--
6254,野村マイクロ・サイエンス,東証,信用返済売,６ヵ月,特定,2025/04/24,2025/04/28,100,"2,395",15,--,"-1,215",--
6254,野村マイクロ・サイエンス,東証,信用返済売,６ヵ月,特定,2025/04/24,2025/04/28,100,"2,395",15,--,"-1,215",--
6254,野村マイクロ・サイエンス,PTS(X),信用返済売,６ヵ月,特定,2025/04/24,2025/04/28,100,"2,395",15,--,"-1,205",--
6254,野村マイクロ・サイエンス,PTS(O),信用返済売,６ヵ月,特定,2025/04/24,2025/04/28,100,"2,395",15,--,"-1,155",--
6254,野村マイクロ・サイエンス,東証,信用返済売,６ヵ月,特定,2025/04/24,2025/04/28,200,"2,394",30,--,"-3,210",--
6254,野村マイクロ・サイエンス,東証,信用返済売,６ヵ月,特定,2025/04/24,2025/04/28,100,"2,394",15,--,"-1,605",--
6254,野村マイクロ・サイエンス,東証,信用返済売,６ヵ月,特定,2025/04/24,2025/04/28,300,"2,394",45,--,"-4,845",--
6254,野村マイクロ・サイエンス,東証,信用返済売,６ヵ月,特定,2025/04/24,2025/04/28,100,"2,395",15,--,"-1,205",--
6254,野村マイクロ・サイエンス,東証,信用返済売,６ヵ月,特定,2025/04/24,2025/04/28,100,"2,395",15,--,"-1,215",--
6254,野村マイクロ・サイエンス,東証,信用返済売,６ヵ月,特定,2025/04/24,2025/04/28,100,"2,395",15,--,"-1,505",--
6506,安川電機,PTS(X),信用返済売,６ヵ月,特定,2025/04/24,2025/04/28,100,"2,943.3",18,--,"1,312",--
6506,安川電機,PTS(O),信用返済売,６ヵ月,特定,2025/04/24,2025/04/28,100,"2,901.5",18,--,"-1,858",--
6506,安川電機,東証,信用返済売,６ヵ月,特定,2025/04/24,2025/04/28,200,"2,901.5",36,--,"-3,736",--
6506,安川電機,東証,信用返済売,６ヵ月,特定,2025/04/24,2025/04/28,600,"2,900.5",109,--,"-11,809",--
6506,安川電機,PTS(X),信用返済売,６ヵ月,特定,2025/04/24,2025/04/28,200,"2,943.4",36,--,"2,664",--
6506,安川電機,東証,信用返済売,６ヵ月,特定,2025/04/24,2025/04/28,100,"2,901",18,--,"-1,918",--
6857,アドバンテスト,PTS(X),信用返済売,６ヵ月,特定,2025/04/24,2025/04/28,300,"5,713.4",108,--,"-15,858",--
6857,アドバンテスト,PTS(X),信用返済売,６ヵ月,特定,2025/04/24,2025/04/28,300,"5,730.1",107,--,"-3,077",--
6857,アドバンテスト,PTS(X),信用返済売,６ヵ月,特定,2025/04/24,2025/04/28,100,"5,730.1",35,--,"-1,025",--
6857,アドバンテスト,PTS(X),信用返済売,６ヵ月,特定,2025/04/24,2025/04/28,100,"5,756.4",35,--,"3,055",--
6857,アドバンテスト,PTS(X),信用返済売,６ヵ月,特定,2025/04/24,2025/04/28,100,"5,713.3",36,--,"-5,296",--
6857,アドバンテスト,PTS(O),信用返済売,６ヵ月,特定,2025/04/24,2025/04/28,100,"5,730.6",35,--,-975,--
6857,アドバンテスト,PTS(J),信用返済売,６ヵ月,特定,2025/04/24,2025/04/28,100,"5,730.6",35,--,-975,--
6857,アドバンテスト,PTS(X),信用返済売,６ヵ月,特定,2025/04/24,2025/04/28,100,"5,723",35,--,-275,--
6857,アドバンテスト,PTS(X),信用返済売,６ヵ月,特定,2025/04/24,2025/04/28,100,"5,730.2",35,--,"-1,015",--
6857,アドバンテスト,PTS(X),信用返済売,６ヵ月,特定,2025/04/24,2025/04/28,100,"5,730.1",35,--,"-1,025",--
6857,アドバンテスト,PTS(X),信用返済売,６ヵ月,特定,2025/04/24,2025/04/28,100,"5,756.4",35,--,"1,605",--
6954,ファナック,PTS(J),信用返済売,６ヵ月,特定,2025/04/24,2025/04/28,100,"3,556.2",22,--,-672,--
6954,ファナック,PTS(X),信用返済売,６ヵ月,特定,2025/04/24,2025/04/28,100,"3,568.5",22,--,"-2,562",--
6954,ファナック,PTS(J),信用返済売,６ヵ月,特定,2025/04/24,2025/04/28,100,"3,556.3",22,--,-662,--
6954,ファナック,PTS(J),信用返済売,６ヵ月,特定,2025/04/24,2025/04/28,100,"3,556.3",22,--,-662,--
6954,ファナック,PTS(O),信用返済売,６ヵ月,特定,2025/04/24,2025/04/28,200,"3,557.2",44,--,"-1,024",--
6954,ファナック,PTS(X),信用返済売,６ヵ月,特定,2025/04/24,2025/04/28,100,"3,568.4",22,--,"-2,572",--
6954,ファナック,PTS(X),信用返済売,６ヵ月,特定,2025/04/24,2025/04/28,100,"3,556.1",22,--,-612,--
6954,ファナック,PTS(X),信用返済売,６ヵ月,特定,2025/04/24,2025/04/28,100,"3,556.1",22,--,-672,--
6954,ファナック,PTS(X),信用返済売,６ヵ月,特定,2025/04/24,2025/04/28,200,"3,557.2",44,--,"-1,184",--
6954,ファナック,PTS(X),信用返済売,６ヵ月,特定,2025/04/24,2025/04/28,100,"3,568.3",22,--,"-2,592",--
6954,ファナック,PTS(X),信用返済売,６ヵ月,特定,2025/04/24,2025/04/28,100,"3,574.6",22,--,"-8,642",--
6954,ファナック,PTS(X),信用返済売,６ヵ月,特定,2025/04/24,2025/04/28,200,"3,556.1",44,--,"-1,384",--
6954,ファナック,PTS(J),信用返済売,６ヵ月,特定,2025/04/24,2025/04/28,100,"3,556.7",22,--,-642,--
6954,ファナック,PTS(X),信用返済売,６ヵ月,特定,2025/04/24,2025/04/28,100,"3,557.3",22,--,-482,--
6954,ファナック,PTS(X),信用返済売,６ヵ月,特定,2025/04/24,2025/04/28,100,"3,556.2",22,--,-672,--
6954,ファナック,PTS(O),信用返済売,６ヵ月,特定,2025/04/24,2025/04/28,100,"3,574.8",22,--,"-8,622",--
6995,東海理化電機製作所,PTS(X),信用返済売,６ヵ月,特定,2025/04/24,2025/04/28,100,"2,076.1",13,--,"-6,193",--
6995,東海理化電機製作所,PTS(X),信用返済売,６ヵ月,特定,2025/04/24,2025/04/28,100,"2,076",13,--,"-6,213",--
6995,東海理化電機製作所,PTS(O),信用返済売,６ヵ月,特定,2025/04/24,2025/04/28,100,"2,076.1",13,--,"-6,193",--
6995,東海理化電機製作所,東証,信用返済売,６ヵ月,特定,2025/04/24,2025/04/28,200,"2,076",26,--,"-12,826",--
6995,東海理化電機製作所,PTS(O),信用返済売,６ヵ月,特定,2025/04/24,2025/04/28,100,"2,076",13,--,"-6,213",--
7261,マツダ,東証,信用返済売,６ヵ月,特定,2025/04/24,2025/04/28,200,893.1,11,--,-191,--
7261,マツダ,PTS(O),信用返済売,６ヵ月,特定,2025/04/24,2025/04/28,300,881.7,16,--,"-1,306",--
7261,マツダ,PTS(X),信用返済売,６ヵ月,特定,2025/04/24,2025/04/28,100,893.2,5,--,-85,--
7261,マツダ,PTS(X),信用返済売,６ヵ月,特定,2025/04/24,2025/04/28,100,881.8,5,--,-425,--
7261,マツダ,PTS(X),信用返済売,６ヵ月,特定,2025/04/24,2025/04/28,100,881.7,5,--,-435,--
7261,マツダ,PTS(X),信用返済売,６ヵ月,特定,2025/04/24,2025/04/28,100,881.9,5,--,-405,--
7261,マツダ,PTS(O),信用返済売,６ヵ月,特定,2025/04/24,2025/04/28,100,881.7,5,--,-425,--
7261,マツダ,東証,信用返済売,６ヵ月,特定,2025/04/24,2025/04/28,300,893.1,16,--,-286,--
7261,マツダ,東証,信用返済売,６ヵ月,特定,2025/04/24,2025/04/28,100,881.7,5,--,-435,--
7261,マツダ,東証,信用返済売,６ヵ月,特定,2025/04/24,2025/04/28,200,893.1,11,--,-211,--
7261,マツダ,東証,信用返済売,６ヵ月,特定,2025/04/24,2025/04/28,700,881.7,38,--,"-3,048",--
7261,マツダ,東証,信用返済売,６ヵ月,特定,2025/04/24,2025/04/28,200,893.1,11,--,-191,--
7270,ＳＵＢＡＲＵ,東証,信用返済売,６ヵ月,特定,2025/04/24,2025/04/28,100,"2,643.5",16,--,-566,--
7270,ＳＵＢＡＲＵ,東証,信用返済売,６ヵ月,特定,2025/04/24,2025/04/28,200,"2,643.5",33,--,"-1,133",--
7283,愛三工業,東証,信用返済売,６ヵ月,特定,2025/04/24,2025/04/28,100,"1,937",12,--,"-11,622",--
7283,愛三工業,東証,信用返済売,６ヵ月,特定,2025/04/24,2025/04/28,100,"1,937",12,--,"-11,692",--
7283,愛三工業,東証,信用返済売,６ヵ月,特定,2025/04/24,2025/04/28,200,"1,937",25,--,"-23,265",--
7283,愛三工業,東証,信用返済売,６ヵ月,特定,2025/04/24,2025/04/28,600,"1,937",78,--,"-101,478",--
7327,第四北越フィナンシャルグループ,PTS(X),信用返済売,６ヵ月,特定,2025/04/24,2025/04/28,200,"3,080.5",37,--,"11,063",--
7327,第四北越フィナンシャルグループ,PTS(X),信用返済売,６ヵ月,特定,2025/04/24,2025/04/28,100,"3,081",18,--,"5,582",--
8035,東京エレクトロン,PTS(X),信用返済売,６ヵ月,特定,2025/04/24,2025/04/28,100,"20,278.5",126,--,"-5,226",--
9551,メタウォーター,東証,信用返済売,６ヵ月,特定,2025/04/24,2025/04/28,100,"1,936",12,--,558,--
9551,メタウォーター,東証,信用返済売,６ヵ月,特定,2025/04/24,2025/04/28,100,"1,936",12,--,518,--
9551,メタウォーター,東証,信用返済売,６ヵ月,特定,2025/04/24,2025/04/28,100,"1,936",12,--,498,--
9551,メタウォーター,東証,信用返済売,６ヵ月,特定,2025/04/24,2025/04/28,100,"1,936",12,--,508,--
9551,メタウォーター,PTS(X),信用返済売,６ヵ月,特定,2025/04/24,2025/04/28,100,"1,936.2",12,--,578,--
9551,メタウォーター,PTS(X),信用返済売,６ヵ月,特定,2025/04/24,2025/04/28,100,"1,936.3",12,--,598,--
9551,メタウォーター,PTS(X),信用返済売,６ヵ月,特定,2025/04/24,2025/04/28,100,"1,936.1",12,--,498,--
9551,メタウォーター,PTS(J),信用返済売,６ヵ月,特定,2025/04/24,2025/04/28,100,"1,936.1",12,--,588,--
9551,メタウォーター,PTS(X),信用返済売,６ヵ月,特定,2025/04/24,2025/04/28,100,"1,936.2",12,--,588,--
9551,メタウォーター,PTS(X),信用返済売,６ヵ月,特定,2025/04/24,2025/04/28,100,"1,936.2",12,--,588,--
2737,トーメンデバイス,東証,信用新規買,６ヵ月,特定,2025/04/24,2025/04/28,100,"5,380",--,--,--,--
2737,トーメンデバイス,東証,信用新規買,６ヵ月,特定,2025/04/24,2025/04/28,100,"5,330",--,--,--,--
2737,トーメンデバイス,PTS(X),信用新規買,６ヵ月,特定,2025/04/24,2025/04/28,100,"5,319",--,--,--,--
5204,石塚硝子,PTS(X),信用新規買,６ヵ月,特定,2025/04/24,2025/04/28,100,"2,555",--,--,--,--
5204,石塚硝子,東証,信用新規買,６ヵ月,特定,2025/04/24,2025/04/28,100,"2,555",--,--,--,--
5992,中央発條,東証,信用新規買,６ヵ月,特定,2025/04/24,2025/04/28,500,"1,646",--,--,--,--
6254,野村マイクロ・サイエンス,PTS(O),信用新規買,６ヵ月,特定,2025/04/24,2025/04/28,200,"2,409.9",--,--,--,--
6254,野村マイクロ・サイエンス,PTS(O),信用新規買,６ヵ月,特定,2025/04/24,2025/04/28,200,"2,406.9",--,--,--,--
6254,野村マイクロ・サイエンス,PTS(X),信用新規買,６ヵ月,特定,2025/04/24,2025/04/28,100,"2,406.4",--,--,--,--
6254,野村マイクロ・サイエンス,PTS(X),信用新規買,６ヵ月,特定,2025/04/24,2025/04/28,100,"2,407",--,--,--,--
6254,野村マイクロ・サイエンス,東証,信用新規買,６ヵ月,特定,2025/04/24,2025/04/28,100,"2,407",--,--,--,--
6254,野村マイクロ・サイエンス,東証,信用新規買,６ヵ月,特定,2025/04/24,2025/04/28,300,"2,410",--,--,--,--
6254,野村マイクロ・サイエンス,PTS(O),信用新規買,６ヵ月,特定,2025/04/24,2025/04/28,100,"2,407",--,--,--,--
6254,野村マイクロ・サイエンス,PTS(X),信用新規買,６ヵ月,特定,2025/04/24,2025/04/28,200,"2,409.9",--,--,--,--
6506,安川電機,東証,信用新規買,６ヵ月,特定,2025/04/24,2025/04/28,900,"2,920",--,--,--,--
6506,安川電機,東証,信用新規買,６ヵ月,特定,2025/04/24,2025/04/28,100,"2,930",--,--,--,--
6506,安川電機,PTS(X),信用新規買,６ヵ月,特定,2025/04/24,2025/04/28,200,"2,929.9",--,--,--,--
6506,安川電機,PTS(X),信用新規買,６ヵ月,特定,2025/04/24,2025/04/28,100,"2,919.9",--,--,--,--
6857,アドバンテスト,PTS(O),信用新規買,６ヵ月,特定,2025/04/24,2025/04/28,100,"5,725.5",--,--,--,--
6857,アドバンテスト,東証,信用新規買,６ヵ月,特定,2025/04/24,2025/04/28,500,"5,740",--,--,--,--
6857,アドバンテスト,PTS(O),信用新規買,６ヵ月,特定,2025/04/24,2025/04/28,100,"5,740",--,--,--,--
6857,アドバンテスト,PTS(X),信用新規買,６ヵ月,特定,2025/04/24,2025/04/28,300,"5,740",--,--,--,--
6857,アドバンテスト,PTS(X),信用新規買,６ヵ月,特定,2025/04/24,2025/04/28,400,"5,765.9",--,--,--,--
6857,アドバンテスト,PTS(O),信用新規買,６ヵ月,特定,2025/04/24,2025/04/28,100,"5,725.4",--,--,--,--
6954,ファナック,PTS(O),信用新規買,６ヵ月,特定,2025/04/24,2025/04/28,200,"3,562.7",--,--,--,--
6954,ファナック,PTS(O),信用新規買,６ヵ月,特定,2025/04/24,2025/04/28,100,"3,561.9",--,--,--,--
6954,ファナック,PTS(J),信用新規買,６ヵ月,特定,2025/04/24,2025/04/28,200,"3,562.8",--,--,--,--
6954,ファナック,PTS(X),信用新規買,６ヵ月,特定,2025/04/24,2025/04/28,300,"3,562.9",--,--,--,--
6954,ファナック,東証,信用新規買,６ヵ月,特定,2025/04/24,2025/04/28,100,"3,594",--,--,--,--
6954,ファナック,PTS(X),信用新規買,６ヵ月,特定,2025/04/24,2025/04/28,100,"3,562",--,--,--,--
6954,ファナック,PTS(J),信用新規買,６ヵ月,特定,2025/04/24,2025/04/28,200,"3,562.7",--,--,--,--
6954,ファナック,PTS(X),信用新規買,６ヵ月,特定,2025/04/24,2025/04/28,200,"3,660.8",--,--,--,--
6954,ファナック,PTS(X),信用新規買,６ヵ月,特定,2025/04/24,2025/04/28,200,"3,562.1",--,--,--,--
6954,ファナック,PTS(X),信用新規買,６ヵ月,特定,2025/04/24,2025/04/28,100,"3,593.9",--,--,--,--
6954,ファナック,PTS(O),信用新規買,６ヵ月,特定,2025/04/24,2025/04/28,100,"3,593.9",--,--,--,--
6954,ファナック,PTS(O),信用新規買,６ヵ月,特定,2025/04/24,2025/04/28,100,"3,562.6",--,--,--,--
6995,東海理化電機製作所,東証,信用新規買,６ヵ月,特定,2025/04/24,2025/04/28,200,"2,140",--,--,--,--
6995,東海理化電機製作所,PTS(X),信用新規買,６ヵ月,特定,2025/04/24,2025/04/28,100,"2,137.9",--,--,--,--
6995,東海理化電機製作所,PTS(X),信用新規買,６ヵ月,特定,2025/04/24,2025/04/28,200,"2,138",--,--,--,--
6995,東海理化電機製作所,PTS(O),信用新規買,６ヵ月,特定,2025/04/24,2025/04/28,100,"2,137.9",--,--,--,--
7261,マツダ,PTS(X),信用新規買,６ヵ月,特定,2025/04/24,2025/04/28,200,894,--,--,--,--
7261,マツダ,PTS(O),信用新規買,６ヵ月,特定,2025/04/24,2025/04/28,100,885.9,--,--,--,--
7261,マツダ,PTS(O),信用新規買,６ヵ月,特定,2025/04/24,2025/04/28,300,886,--,--,--,--
7261,マツダ,東証,信用新規買,６ヵ月,特定,2025/04/24,2025/04/28,200,894.1,--,--,--,--
7261,マツダ,東証,信用新規買,６ヵ月,特定,2025/04/24,2025/04/28,800,886,--,--,--,--
7261,マツダ,東証,信用新規買,６ヵ月,特定,2025/04/24,2025/04/28,400,894,--,--,--,--
7261,マツダ,PTS(X),信用新規買,６ヵ月,特定,2025/04/24,2025/04/28,100,885.9,--,--,--,--
7261,マツダ,PTS(X),信用新規買,６ヵ月,特定,2025/04/24,2025/04/28,200,886,--,--,--,--
7261,マツダ,PTS(O),信用新規買,６ヵ月,特定,2025/04/24,2025/04/28,200,894,--,--,--,--
7270,ＳＵＢＡＲＵ,PTS(X),信用新規買,６ヵ月,特定,2025/04/24,2025/04/28,200,"2,649",--,--,--,--
7270,ＳＵＢＡＲＵ,PTS(O),信用新規買,６ヵ月,特定,2025/04/24,2025/04/28,100,"2,649",--,--,--,--
7283,愛三工業,PTS(O),信用新規買,６ヵ月,特定,2025/04/24,2025/04/28,100,"2,053.1",--,--,--,--
7283,愛三工業,PTS(O),信用新規買,６ヵ月,特定,2025/04/24,2025/04/28,200,"2,053.2",--,--,--,--
7283,愛三工業,PTS(X),信用新規買,６ヵ月,特定,2025/04/24,2025/04/28,100,"2,053.8",--,--,--,--
7283,愛三工業,東証,信用新規買,６ヵ月,特定,2025/04/24,2025/04/28,600,"2,106",--,--,--,--
7327,第四北越フィナンシャルグループ,東証,信用新規買,６ヵ月,特定,2025/04/24,2025/04/28,300,"3,025",--,--,--,--
8035,東京エレクトロン,PTS(X),信用新規買,６ヵ月,特定,2025/04/24,2025/04/28,100,"20,329.5",--,--,--,--
9551,メタウォーター,PTS(X),信用新規買,６ヵ月,特定,2025/04/24,2025/04/28,100,"1,930.9",--,--,--,--
9551,メタウォーター,東証,信用新規買,６ヵ月,特定,2025/04/24,2025/04/28,100,"1,931",--,--,--,--
9551,メタウォーター,PTS(X),信用新規買,６ヵ月,特定,2025/04/24,2025/04/28,200,"1,930.3",--,--,--,--
9551,メタウォーター,PTS(O),信用新規買,６ヵ月,特定,2025/04/24,2025/04/28,200,"1,930.2",--,--,--,--
9551,メタウォーター,PTS(J),信用新規買,６ヵ月,特定,2025/04/24,2025/04/28,100,"1,930.7",--,--,--,--
9551,メタウォーター,PTS(X),信用新規買,６ヵ月,特定,2025/04/24,2025/04/28,100,"1,930.8",--,--,--,--
9551,メタウォーター,PTS(O),信用新規買,６ヵ月,特定,2025/04/24,2025/04/28,100,"1,930.1",--,--,--,--
9551,メタウォーター,PTS(X),信用新規買,６ヵ月,特定,2025/04/24,2025/04/28,100,"1,930.2",--,--,--,--
6954,ファナック,東証,信用返済買,６ヵ月,特定,2025/04/24,2025/04/28,100,"3,563",10,--,"-1,170",--
6954,ファナック,東証,信用返済買,６ヵ月,特定,2025/04/24,2025/04/28,100,"3,563",10,--,"-1,650",--
6954,ファナック,東証,信用返済買,６ヵ月,特定,2025/04/24,2025/04/28,100,"3,563",10,--,"-1,690",--
6954,ファナック,東証,信用返済買,６ヵ月,特定,2025/04/24,2025/04/28,100,"3,563",10,--,"-1,680",--
6954,ファナック,PTS(X),信用返済買,６ヵ月,特定,2025/04/24,2025/04/28,100,"3,562.9",10,--,"-1,190",--
6954,ファナック,PTS(X),信用返済買,６ヵ月,特定,2025/04/24,2025/04/28,100,"3,562.8",10,--,"-1,160",--
6954,ファナック,PTS(X),信用返済買,６ヵ月,特定,2025/04/24,2025/04/28,100,"3,562.9",10,--,"-1,180",--
6954,ファナック,PTS(O),信用返済買,６ヵ月,特定,2025/04/24,2025/04/28,100,"3,563",10,--,"-1,190",--
6954,ファナック,東証,信用返済買,６ヵ月,特定,2025/04/24,2025/04/28,200,"3,563",21,--,"-3,321",--
4901,富士フイルムホールディングス,PTS(X),信用返済売,６ヵ月,特定,2025/04/23,2025/04/25,100,"2,981.3",18,--,"-3,138",--
4901,富士フイルムホールディングス,PTS(O),信用返済売,６ヵ月,特定,2025/04/23,2025/04/25,100,"2,981",18,--,"-3,108",--
4901,富士フイルムホールディングス,PTS(X),信用返済売,６ヵ月,特定,2025/04/23,2025/04/25,100,"2,981.4",18,--,"-3,068",--
4901,富士フイルムホールディングス,PTS(X),信用返済売,６ヵ月,特定,2025/04/23,2025/04/25,100,"2,981.2",18,--,"-3,148",--
4901,富士フイルムホールディングス,東証,信用返済売,６ヵ月,特定,2025/04/23,2025/04/25,100,"2,981",18,--,"-3,168",--
6146,ディスコ,東証,信用返済売,６ヵ月,特定,2025/04/23,2025/04/25,100,"26,965",167,--,"7,773",--
6857,アドバンテスト,PTS(X),信用返済売,６ヵ月,特定,2025/04/23,2025/04/25,100,"5,519.5",34,--,"1,136",--
6857,アドバンテスト,PTS(X),信用返済売,６ヵ月,特定,2025/04/23,2025/04/25,100,"5,519.5",34,--,"-2,394",--
6857,アドバンテスト,PTS(X),信用返済売,６ヵ月,特定,2025/04/23,2025/04/25,100,"5,519.4",34,--,"-5,344",--
6857,アドバンテスト,PTS(X),信用返済売,６ヵ月,特定,2025/04/23,2025/04/25,100,"5,519.3",34,--,"-5,374",--
6857,アドバンテスト,PTS(X),信用返済売,６ヵ月,特定,2025/04/23,2025/04/25,100,"5,544.2",34,--,86,--
6857,アドバンテスト,PTS(X),信用返済売,６ヵ月,特定,2025/04/23,2025/04/25,100,"5,519.5",34,--,"-5,334",--
6857,アドバンテスト,PTS(O),信用返済売,６ヵ月,特定,2025/04/23,2025/04/25,100,"5,519.4",34,--,"-5,344",--
6857,アドバンテスト,PTS(X),信用返済売,６ヵ月,特定,2025/04/23,2025/04/25,100,"5,544.3",34,--,96,--
6857,アドバンテスト,東証,信用返済売,６ヵ月,特定,2025/04/23,2025/04/25,200,"5,558",69,--,"2,151",--
6857,アドバンテスト,東証,信用返済売,６ヵ月,特定,2025/04/23,2025/04/25,100,"5,544",34,--,66,--
6857,アドバンテスト,東証,信用返済売,６ヵ月,特定,2025/04/23,2025/04/25,200,"5,558",69,--,171,--
6920,レーザーテック,PTS(X),信用返済売,６ヵ月,特定,2025/04/23,2025/04/25,100,"12,375.3",77,--,-407,--
4901,富士フイルムホールディングス,PTS(X),信用新規買,６ヵ月,特定,2025/04/23,2025/04/25,300,"3,012.5",--,--,--,--
4901,富士フイルムホールディングス,PTS(X),信用新規買,６ヵ月,特定,2025/04/23,2025/04/25,200,"3,011.9",--,--,--,--
6146,ディスコ,PTS(X),信用新規買,６ヵ月,特定,2025/04/23,2025/04/25,100,"26,885.6",--,--,--,--
6857,アドバンテスト,PTS(X),信用新規買,６ヵ月,特定,2025/04/23,2025/04/25,300,"5,543",--,--,--,--
6857,アドバンテスト,PTS(X),信用新規買,６ヵ月,特定,2025/04/23,2025/04/25,200,"5,546.9",--,--,--,--
6857,アドバンテスト,PTS(X),信用新規買,６ヵ月,特定,2025/04/23,2025/04/25,100,"5,507.8",--,--,--,--
6857,アドバンテスト,PTS(J),信用新規買,６ヵ月,特定,2025/04/23,2025/04/25,100,"5,572.7",--,--,--,--
6857,アドバンテスト,PTS(X),信用新規買,６ヵ月,特定,2025/04/23,2025/04/25,300,"5,572.5",--,--,--,--
6857,アドバンテスト,PTS(X),信用新規買,６ヵ月,特定,2025/04/23,2025/04/25,200,"5,556.8",--,--,--,--
6857,アドバンテスト,PTS(X),信用新規買,６ヵ月,特定,2025/04/23,2025/04/25,100,"5,543.1",--,--,--,--
6920,レーザーテック,PTS(X),信用新規買,６ヵ月,特定,2025/04/23,2025/04/25,100,"12,378.6",--,--,--,--
6146,ディスコ,PTS(X),信用返済売,６ヵ月,特定,2025/04/21,2025/04/23,100,"26,787.2",167,--,"1,133",--
6146,ディスコ,PTS(X),信用新規買,６ヵ月,特定,2025/04/21,2025/04/23,100,"26,774.2",--,--,--,--
6146,ディスコ,東証,信用返済売,６ヵ月,特定,2025/04/18,2025/04/22,100,"26,760",161,--,"93,589",--
6146,ディスコ,PTS(X),信用返済売,６ヵ月,特定,2025/04/18,2025/04/22,100,"26,610.4",159,--,"101,431",--
6146,ディスコ,PTS(X),信用新規買,６ヵ月,特定,2025/04/18,2025/04/22,100,"25,822.5",--,--,--,--
6146,ディスコ,PTS(J),信用新規買,６ヵ月,特定,2025/04/18,2025/04/22,100,"25,594.5",--,--,--,--
6368,オルガノ,東証(外),現物売,--,特定,2025/04/16,2025/04/18,100,"5,989",--,--,"598,900",--
6857,アドバンテスト,PTS(X),信用新規売,６ヵ月,特定,2025/04/16,2025/04/18,200,"5,397.7",--,--,--,--
6857,アドバンテスト,PTS(O),信用新規売,６ヵ月,特定,2025/04/16,2025/04/18,100,"5,399",--,--,--,--
6857,アドバンテスト,PTS(X),信用新規売,６ヵ月,特定,2025/04/16,2025/04/18,100,"5,400.4",--,--,--,--
6857,アドバンテスト,PTS(X),信用新規売,６ヵ月,特定,2025/04/16,2025/04/18,100,"5,400.3",--,--,--,--
6857,アドバンテスト,PTS(X),信用新規売,６ヵ月,特定,2025/04/16,2025/04/18,200,"5,397.9",--,--,--,--
6857,アドバンテスト,PTS(J),信用新規売,６ヵ月,特定,2025/04/16,2025/04/18,100,"5,400.1",--,--,--,--
6857,アドバンテスト,PTS(X),信用新規売,６ヵ月,特定,2025/04/16,2025/04/18,100,"5,398.2",--,--,--,--
6857,アドバンテスト,東証,信用新規売,６ヵ月,特定,2025/04/16,2025/04/18,100,"5,399",--,--,--,--
6857,アドバンテスト,東証,信用新規売,６ヵ月,特定,2025/04/16,2025/04/18,100,"5,400",--,--,--,--
6857,アドバンテスト,東証,信用新規売,６ヵ月,特定,2025/04/16,2025/04/18,100,"5,399",--,--,--,--
6920,レーザーテック,PTS(O),信用新規売,６ヵ月,特定,2025/04/16,2025/04/18,100,"11,800.6",--,--,--,--
6920,レーザーテック,PTS(X),信用新規売,６ヵ月,特定,2025/04/16,2025/04/18,100,"11,755.7",--,--,--,--
6920,レーザーテック,PTS(X),信用新規売,６ヵ月,特定,2025/04/16,2025/04/18,100,"11,776.5",--,--,--,--
6920,レーザーテック,PTS(X),信用新規売,６ヵ月,特定,2025/04/16,2025/04/18,100,"11,762",--,--,--,--
6920,レーザーテック,PTS(X),信用新規売,６ヵ月,特定,2025/04/16,2025/04/18,100,"11,765.8",--,--,--,--
6920,レーザーテック,PTS(X),信用新規売,６ヵ月,特定,2025/04/16,2025/04/18,100,"11,805.8",--,--,--,--
6920,レーザーテック,PTS(X),信用新規売,６ヵ月,特定,2025/04/16,2025/04/18,100,"11,765.6",--,--,--,--
8035,東京エレクトロン,PTS(X),信用新規売,６ヵ月,特定,2025/04/16,2025/04/18,100,"19,640.9",--,--,--,--
8035,東京エレクトロン,PTS(X),信用新規売,６ヵ月,特定,2025/04/16,2025/04/18,100,"19,650.5",--,--,--,--
8035,東京エレクトロン,PTS(X),信用新規売,６ヵ月,特定,2025/04/16,2025/04/18,100,"19,650",--,--,--,--
4109,ステラ　ケミファ,PTS(O),信用返済売,６ヵ月,特定,2025/04/16,2025/04/18,100,"3,500",67,--,"-8,817",--
4109,ステラ　ケミファ,PTS(X),信用返済売,６ヵ月,特定,2025/04/16,2025/04/18,100,"3,500.5",108,--,"3,942",--
4109,ステラ　ケミファ,PTS(X),信用返済売,６ヵ月,特定,2025/04/16,2025/04/18,100,"3,500",44,--,"-8,044",--
4523,エーザイ,PTS(X),信用返済売,６ヵ月,特定,2025/04/16,2025/04/18,100,"3,825.8",24,--,"-2,584",--
4523,エーザイ,PTS(O),信用返済売,６ヵ月,特定,2025/04/16,2025/04/18,100,"3,825.7",24,--,"-2,594",--
4523,エーザイ,PTS(X),信用返済売,６ヵ月,特定,2025/04/16,2025/04/18,100,"3,825.7",24,--,"-2,644",--
4523,エーザイ,PTS(X),信用返済売,６ヵ月,特定,2025/04/16,2025/04/18,100,"3,825.7",24,--,"-2,634",--
4523,エーザイ,PTS(X),信用返済売,６ヵ月,特定,2025/04/16,2025/04/18,100,"3,825.5",24,--,"-2,644",--
4676,フジ・メディア・ホールディングス,東証,信用返済売,６ヵ月,特定,2025/04/16,2025/04/18,100,"3,110",39,--,"-6,369",--
4676,フジ・メディア・ホールディングス,東証,信用返済売,６ヵ月,特定,2025/04/16,2025/04/18,100,"3,109",39,--,"-6,469",--
4676,フジ・メディア・ホールディングス,PTS(O),信用返済売,６ヵ月,特定,2025/04/16,2025/04/18,100,"3,110.1",39,--,"-6,349",--
4676,フジ・メディア・ホールディングス,PTS(O),信用返済売,６ヵ月,特定,2025/04/16,2025/04/18,100,"3,110.1",19,--,"-5,749",--
4676,フジ・メディア・ホールディングス,PTS(X),信用返済売,６ヵ月,特定,2025/04/16,2025/04/18,200,"3,110.3",39,--,"-11,439",--
6857,アドバンテスト,PTS(X),信用返済売,６ヵ月,特定,2025/04/16,2025/04/18,100,"5,502.2",34,--,226,--
6857,アドバンテスト,東証,信用返済売,６ヵ月,特定,2025/04/16,2025/04/18,100,"5,502",34,--,"-8,434",--
6857,アドバンテスト,東証,信用返済売,６ヵ月,特定,2025/04/16,2025/04/18,100,"5,502",34,--,"-8,434",--
6857,アドバンテスト,東証,信用返済売,６ヵ月,特定,2025/04/16,2025/04/18,100,"5,502",34,--,"-8,424",--
6857,アドバンテスト,PTS(X),信用返済売,６ヵ月,特定,2025/04/16,2025/04/18,200,"5,502",68,--,"-3,868",--
6857,アドバンテスト,PTS(J),信用返済売,６ヵ月,特定,2025/04/16,2025/04/18,100,"5,502.1",34,--,"-1,924",--
6857,アドバンテスト,PTS(X),信用返済売,６ヵ月,特定,2025/04/16,2025/04/18,100,"5,502.1",34,--,"-1,924",--
6857,アドバンテスト,東証,信用返済売,６ヵ月,特定,2025/04/16,2025/04/18,300,"5,502",103,--,"-9,703",--
6857,アドバンテスト,PTS(X),信用返済売,６ヵ月,特定,2025/04/16,2025/04/18,100,"5,502.2",34,--,246,--
6857,アドバンテスト,PTS(X),信用返済売,６ヵ月,特定,2025/04/16,2025/04/18,100,"5,502.2",34,--,246,--
6920,レーザーテック,東証,信用返済売,６ヵ月,特定,2025/04/16,2025/04/18,100,"11,800",74,--,"-7,574",--
6920,レーザーテック,東証,信用返済売,６ヵ月,特定,2025/04/16,2025/04/18,200,"11,800",148,--,"-16,148",--
6920,レーザーテック,東証,信用返済売,６ヵ月,特定,2025/04/16,2025/04/18,100,"11,795",74,--,"-8,574",--
6920,レーザーテック,東証,信用返済売,６ヵ月,特定,2025/04/16,2025/04/18,100,"11,795",74,--,"-8,574",--
6920,レーザーテック,PTS(X),信用返済売,６ヵ月,特定,2025/04/16,2025/04/18,100,"11,785",76,--,"-40,426",--
6920,レーザーテック,PTS(O),信用返済売,６ヵ月,特定,2025/04/16,2025/04/18,100,"11,800",74,--,"-7,574",--
8035,東京エレクトロン,PTS(X),信用返済売,６ヵ月,特定,2025/04/16,2025/04/18,100,"19,560.2",124,--,"-38,104",--
8035,東京エレクトロン,PTS(X),信用返済売,６ヵ月,特定,2025/04/16,2025/04/18,200,"19,560.5",249,--,"-76,149",--
4523,エーザイ,PTS(X),信用新規買,６ヵ月,特定,2025/04/16,2025/04/18,100,"3,851.4",--,--,--,--
4523,エーザイ,PTS(O),信用新規買,６ヵ月,特定,2025/04/16,2025/04/18,100,"3,851.7",--,--,--,--
4523,エーザイ,PTS(X),信用新規買,６ヵ月,特定,2025/04/16,2025/04/18,100,"3,851.9",--,--,--,--
4523,エーザイ,PTS(X),信用新規買,６ヵ月,特定,2025/04/16,2025/04/18,100,"3,851.8",--,--,--,--
4523,エーザイ,PTS(O),信用新規買,６ヵ月,特定,2025/04/16,2025/04/18,100,"3,851.4",--,--,--,--
4676,フジ・メディア・ホールディングス,PTS(X),信用新規買,６ヵ月,特定,2025/04/16,2025/04/18,100,"3,167.4",--,--,--,--
4676,フジ・メディア・ホールディングス,PTS(X),信用新規買,６ヵ月,特定,2025/04/16,2025/04/18,200,"3,167.3",--,--,--,--
6857,アドバンテスト,東証,信用新規買,６ヵ月,特定,2025/04/16,2025/04/18,100,"5,586",--,--,--,--
6857,アドバンテスト,PTS(J),信用新規買,６ヵ月,特定,2025/04/16,2025/04/18,100,"5,585.9",--,--,--,--
6857,アドバンテスト,PTS(X),信用新規買,６ヵ月,特定,2025/04/16,2025/04/18,100,"5,499.4",--,--,--,--
6857,アドバンテスト,PTS(X),信用新規買,６ヵ月,特定,2025/04/16,2025/04/18,100,"5,586",--,--,--,--
6857,アドバンテスト,PTS(X),信用新規買,６ヵ月,特定,2025/04/16,2025/04/18,300,"5,534",--,--,--,--
6857,アドバンテスト,PTS(O),信用新規買,６ヵ月,特定,2025/04/16,2025/04/18,100,"5,499.4",--,--,--,--
6857,アドバンテスト,PTS(X),信用新規買,６ヵ月,特定,2025/04/16,2025/04/18,100,"5,499.6",--,--,--,--
6857,アドバンテスト,東証,信用新規買,６ヵ月,特定,2025/04/16,2025/04/18,400,"5,521",--,--,--,--
6920,レーザーテック,東証,信用新規買,６ヵ月,特定,2025/04/16,2025/04/18,300,"11,880",--,--,--,--
6920,レーザーテック,PTS(X),信用新規買,６ヵ月,特定,2025/04/16,2025/04/18,100,"12,188.5",--,--,--,--
6920,レーザーテック,PTS(X),信用新規買,６ヵ月,特定,2025/04/16,2025/04/18,200,"11,875",--,--,--,--
6920,レーザーテック,PTS(O),信用新規買,６ヵ月,特定,2025/04/16,2025/04/18,100,"11,880",--,--,--,--
8035,東京エレクトロン,東証,信用新規買,６ヵ月,特定,2025/04/16,2025/04/18,300,"19,940",--,--,--,--
6857,アドバンテスト,東証,信用返済買,６ヵ月,特定,2025/04/16,2025/04/18,100,"5,393",16,--,714,--
6857,アドバンテスト,東証,信用返済買,６ヵ月,特定,2025/04/16,2025/04/18,100,"5,394",16,--,404,--
6857,アドバンテスト,東証,信用返済買,６ヵ月,特定,2025/04/16,2025/04/18,100,"5,394",16,--,624,--
6857,アドバンテスト,東証,信用返済買,６ヵ月,特定,2025/04/16,2025/04/18,200,"5,394",32,--,708,--
6857,アドバンテスト,東証,信用返済買,６ヵ月,特定,2025/04/16,2025/04/18,200,"5,394",32,--,748,--
6857,アドバンテスト,PTS(O),信用返済買,６ヵ月,特定,2025/04/16,2025/04/18,100,"5,393",16,--,684,--
6857,アドバンテスト,東証,信用返済買,６ヵ月,特定,2025/04/16,2025/04/18,100,"5,393",16,--,694,--
6857,アドバンテスト,東証,信用返済買,６ヵ月,特定,2025/04/16,2025/04/18,100,"5,394",16,--,484,--
6857,アドバンテスト,東証,信用返済買,６ヵ月,特定,2025/04/16,2025/04/18,100,"5,394",16,--,484,--
6857,アドバンテスト,東証,信用返済買,６ヵ月,特定,2025/04/16,2025/04/18,100,"5,394",16,--,484,--
6920,レーザーテック,PTS(X),信用返済買,６ヵ月,特定,2025/04/16,2025/04/18,100,"11,834.8",35,--,"-7,315",--
6920,レーザーテック,PTS(X),信用返済買,６ヵ月,特定,2025/04/16,2025/04/18,100,"11,834.9",35,--,"-7,955",--
6920,レーザーテック,PTS(O),信用返済買,６ヵ月,特定,2025/04/16,2025/04/18,100,"11,834.5",35,--,"-5,835",--
6920,レーザーテック,PTS(X),信用返済買,６ヵ月,特定,2025/04/16,2025/04/18,100,"11,829.7",35,--,"-6,425",--
6920,レーザーテック,PTS(X),信用返済買,６ヵ月,特定,2025/04/16,2025/04/18,100,"11,829.7",35,--,"-6,445",--
6920,レーザーテック,PTS(X),信用返済買,６ヵ月,特定,2025/04/16,2025/04/18,100,"11,808.2",35,--,-275,--
6920,レーザーテック,PTS(J),信用返済買,６ヵ月,特定,2025/04/16,2025/04/18,100,"11,808",35,--,-775,--
8035,東京エレクトロン,PTS(X),信用返済買,６ヵ月,特定,2025/04/16,2025/04/18,100,"19,662.3",59,--,"-1,289",--
8035,東京エレクトロン,PTS(O),信用返済買,６ヵ月,特定,2025/04/16,2025/04/18,100,"19,662.4",59,--,"-1,249",--
8035,東京エレクトロン,PTS(X),信用返済買,６ヵ月,特定,2025/04/16,2025/04/18,100,"19,662.4",59,--,"-2,209",--
6857,アドバンテスト,PTS(J),信用新規売,６ヵ月,特定,2025/04/15,2025/04/17,100,"5,825.3",--,--,--,--
6857,アドバンテスト,PTS(X),信用新規売,６ヵ月,特定,2025/04/15,2025/04/17,200,"5,825.2",--,--,--,--
6857,アドバンテスト,PTS(O),信用新規売,６ヵ月,特定,2025/04/15,2025/04/17,100,"5,825.6",--,--,--,--
3678,メディアドゥ,PTS(O),信用返済売,６ヵ月,特定,2025/04/15,2025/04/17,100,"1,621.1",21,--,"-8,801",--
3678,メディアドゥ,PTS(O),信用返済売,６ヵ月,特定,2025/04/15,2025/04/17,100,"1,621.1",21,--,"-8,801",--
3678,メディアドゥ,PTS(J),信用返済売,６ヵ月,特定,2025/04/15,2025/04/17,100,"1,621.1",21,--,"-8,801",--
5108,ブリヂストン,PTS(O),信用返済売,６ヵ月,特定,2025/04/15,2025/04/17,100,"5,740.1",35,--,"-1,375",--
5108,ブリヂストン,PTS(O),信用返済売,６ヵ月,特定,2025/04/15,2025/04/17,100,"5,740.1",35,--,"-1,375",--
5108,ブリヂストン,PTS(X),信用返済売,６ヵ月,特定,2025/04/15,2025/04/17,100,"5,740.2",35,--,"-1,315",--
5108,ブリヂストン,PTS(O),信用返済売,６ヵ月,特定,2025/04/15,2025/04/17,100,"5,740.1",35,--,"-1,365",--
5108,ブリヂストン,PTS(X),信用返済売,６ヵ月,特定,2025/04/15,2025/04/17,100,"5,740.1",35,--,"-1,385",--
6254,野村マイクロ・サイエンス,PTS(X),信用返済売,６ヵ月,特定,2025/04/15,2025/04/17,100,"2,256.4",18,--,"-1,878",--
6254,野村マイクロ・サイエンス,PTS(O),信用返済売,６ヵ月,特定,2025/04/15,2025/04/17,100,"2,256.4",18,--,"-1,878",--
6254,野村マイクロ・サイエンス,PTS(O),信用返済売,６ヵ月,特定,2025/04/15,2025/04/17,100,"2,256.4",18,--,"-1,868",--
6857,アドバンテスト,東証,信用返済売,６ヵ月,特定,2025/04/15,2025/04/17,100,"5,838",36,--,"-1,626",--
6857,アドバンテスト,東証,信用返済売,６ヵ月,特定,2025/04/15,2025/04/17,100,"5,838",36,--,"-3,526",--
6857,アドバンテスト,東証,信用返済売,６ヵ月,特定,2025/04/15,2025/04/17,100,"5,839",36,--,"-1,506",--
6857,アドバンテスト,東証,信用返済売,６ヵ月,特定,2025/04/15,2025/04/17,300,"5,820",109,--,"-3,379",--
6857,アドバンテスト,東証,信用返済売,６ヵ月,特定,2025/04/15,2025/04/17,100,"5,820",36,--,"-1,056",--
6857,アドバンテスト,東証,信用返済売,６ヵ月,特定,2025/04/15,2025/04/17,300,"5,820",109,--,"-3,169",--
6857,アドバンテスト,東証,信用返済売,６ヵ月,特定,2025/04/15,2025/04/17,100,"5,838",36,--,"-3,546",--
6857,アドバンテスト,東証,信用返済売,６ヵ月,特定,2025/04/15,2025/04/17,300,"5,838",110,--,"-22,910",--
6857,アドバンテスト,東証,信用返済売,６ヵ月,特定,2025/04/15,2025/04/17,300,"5,839",109,--,"-4,549",--
6857,アドバンテスト,東証,信用返済売,６ヵ月,特定,2025/04/15,2025/04/17,100,"5,820",36,--,"-1,116",--
6857,アドバンテスト,東証,信用返済売,６ヵ月,特定,2025/04/15,2025/04/17,100,"5,820",36,--,"-1,096",--
6857,アドバンテスト,東証,信用返済売,６ヵ月,特定,2025/04/15,2025/04/17,100,"5,820",36,--,"-1,136",--
6902,デンソー,東証,信用返済売,６ヵ月,特定,2025/04/15,2025/04/17,100,"1,745.5",10,--,-800,--
6902,デンソー,東証,信用返済売,６ヵ月,特定,2025/04/15,2025/04/17,100,"1,745.5",10,--,-790,--
6902,デンソー,東証,信用返済売,６ヵ月,特定,2025/04/15,2025/04/17,100,"1,745.5",10,--,-790,--
6902,デンソー,PTS(J),信用返済売,６ヵ月,特定,2025/04/15,2025/04/17,100,"1,761.1",10,--,250,--
6902,デンソー,PTS(X),信用返済売,６ヵ月,特定,2025/04/15,2025/04/17,100,"1,745.6",10,--,-760,--
6902,デンソー,PTS(X),信用返済売,６ヵ月,特定,2025/04/15,2025/04/17,100,"1,761.3",10,--,290,--
6902,デンソー,PTS(X),信用返済売,６ヵ月,特定,2025/04/15,2025/04/17,200,"1,761.3",21,--,579,--
6902,デンソー,PTS(J),信用返済売,６ヵ月,特定,2025/04/15,2025/04/17,100,"1,761",10,--,250,--
6902,デンソー,PTS(X),信用返済売,６ヵ月,特定,2025/04/15,2025/04/17,300,"1,761.1",32,--,778,--
6902,デンソー,PTS(J),信用返済売,６ヵ月,特定,2025/04/15,2025/04/17,100,"1,761.1",10,--,260,--
6902,デンソー,PTS(X),信用返済売,６ヵ月,特定,2025/04/15,2025/04/17,100,"1,745.5",10,--,-800,--
6902,デンソー,PTS(X),信用返済売,６ヵ月,特定,2025/04/15,2025/04/17,100,"1,745.6",10,--,-770,--
6902,デンソー,PTS(X),信用返済売,６ヵ月,特定,2025/04/15,2025/04/17,100,"1,745.5",10,--,-810,--
6902,デンソー,PTS(X),信用返済売,６ヵ月,特定,2025/04/15,2025/04/17,100,"1,761.2",10,--,270,--
7011,三菱重工業,東証,信用返済売,６ヵ月,特定,2025/04/15,2025/04/17,100,"2,566.5",16,--,-306,--
7011,三菱重工業,東証,信用返済売,６ヵ月,特定,2025/04/15,2025/04/17,200,"2,566.5",32,--,-612,--
7011,三菱重工業,PTS(J),信用返済売,６ヵ月,特定,2025/04/15,2025/04/17,100,"2,566.5",16,--,-306,--
7011,三菱重工業,PTS(J),信用返済売,６ヵ月,特定,2025/04/15,2025/04/17,100,"2,566.5",16,--,-316,--
7011,三菱重工業,PTS(X),信用返済売,６ヵ月,特定,2025/04/15,2025/04/17,100,"2,566.7",16,--,-276,--
7011,三菱重工業,PTS(J),信用返済売,６ヵ月,特定,2025/04/15,2025/04/17,100,"2,566.6",16,--,-286,--
7011,三菱重工業,PTS(J),信用返済売,６ヵ月,特定,2025/04/15,2025/04/17,100,"2,566.5",16,--,-346,--
4109,ステラ　ケミファ,東証,信用新規買,６ヵ月,特定,2025/04/15,2025/04/17,100,"3,580",--,--,--,--
4676,フジ・メディア・ホールディングス,PTS(O),信用新規買,６ヵ月,特定,2025/04/15,2025/04/17,100,"3,173.3",--,--,--,--
4676,フジ・メディア・ホールディングス,PTS(X),信用新規買,６ヵ月,特定,2025/04/15,2025/04/17,100,"3,173.3",--,--,--,--
4676,フジ・メディア・ホールディングス,PTS(X),信用新規買,６ヵ月,特定,2025/04/15,2025/04/17,100,"3,173.2",--,--,--,--
5108,ブリヂストン,PTS(X),信用新規買,６ヵ月,特定,2025/04/15,2025/04/17,100,"5,753.5",--,--,--,--
5108,ブリヂストン,PTS(O),信用新規買,６ヵ月,特定,2025/04/15,2025/04/17,100,"5,753.4",--,--,--,--
5108,ブリヂストン,PTS(X),信用新規買,６ヵ月,特定,2025/04/15,2025/04/17,100,"5,753.6",--,--,--,--
5108,ブリヂストン,PTS(X),信用新規買,６ヵ月,特定,2025/04/15,2025/04/17,100,"5,753",--,--,--,--
5108,ブリヂストン,PTS(O),信用新規買,６ヵ月,特定,2025/04/15,2025/04/17,100,"5,753.5",--,--,--,--
6857,アドバンテスト,PTS(X),信用新規買,６ヵ月,特定,2025/04/15,2025/04/17,300,"5,830.2",--,--,--,--
6857,アドバンテスト,PTS(O),信用新規買,６ヵ月,特定,2025/04/15,2025/04/17,100,"5,853.7",--,--,--,--
6857,アドバンテスト,PTS(O),信用新規買,６ヵ月,特定,2025/04/15,2025/04/17,100,"5,872.9",--,--,--,--
6857,アドバンテスト,PTS(O),信用新規買,６ヵ月,特定,2025/04/15,2025/04/17,100,"5,873.1",--,--,--,--
6857,アドバンテスト,PTS(X),信用新規買,６ヵ月,特定,2025/04/15,2025/04/17,100,"5,830.8",--,--,--,--
6857,アドバンテスト,東証,信用新規買,６ヵ月,特定,2025/04/15,2025/04/17,300,"5,914",--,--,--,--
6857,アドバンテスト,PTS(X),信用新規買,６ヵ月,特定,2025/04/15,2025/04/17,100,"5,853.9",--,--,--,--
6857,アドバンテスト,PTS(O),信用新規買,６ヵ月,特定,2025/04/15,2025/04/17,100,"5,830.2",--,--,--,--
6857,アドバンテスト,PTS(J),信用新規買,６ヵ月,特定,2025/04/15,2025/04/17,100,"5,831",--,--,--,--
6857,アドバンテスト,PTS(J),信用新規買,６ヵ月,特定,2025/04/15,2025/04/17,100,"5,830.6",--,--,--,--
6857,アドバンテスト,PTS(X),信用新規買,６ヵ月,特定,2025/04/15,2025/04/17,300,"5,830.9",--,--,--,--
6857,アドバンテスト,PTS(X),信用新規買,６ヵ月,特定,2025/04/15,2025/04/17,300,"5,853.8",--,--,--,--
6902,デンソー,PTS(O),信用新規買,６ヵ月,特定,2025/04/15,2025/04/17,100,"1,758.4",--,--,--,--
6902,デンソー,PTS(O),信用新規買,６ヵ月,特定,2025/04/15,2025/04/17,200,"1,758.3",--,--,--,--
6902,デンソー,PTS(X),信用新規買,６ヵ月,特定,2025/04/15,2025/04/17,100,"1,753.1",--,--,--,--
6902,デンソー,PTS(X),信用新規買,６ヵ月,特定,2025/04/15,2025/04/17,500,"1,758.4",--,--,--,--
6902,デンソー,PTS(X),信用新規買,６ヵ月,特定,2025/04/15,2025/04/17,100,"1,758.5",--,--,--,--
6902,デンソー,PTS(X),信用新規買,６ヵ月,特定,2025/04/15,2025/04/17,100,"1,753.5",--,--,--,--
6902,デンソー,PTS(O),信用新規買,６ヵ月,特定,2025/04/15,2025/04/17,100,"1,753.3",--,--,--,--
6902,デンソー,PTS(X),信用新規買,６ヵ月,特定,2025/04/15,2025/04/17,100,"1,753.3",--,--,--,--
6902,デンソー,PTS(O),信用新規買,６ヵ月,特定,2025/04/15,2025/04/17,200,"1,753.4",--,--,--,--
6902,デンソー,PTS(X),信用新規買,６ヵ月,特定,2025/04/15,2025/04/17,100,"1,753.2",--,--,--,--
6902,デンソー,PTS(X),信用新規買,６ヵ月,特定,2025/04/15,2025/04/17,100,"1,758.3",--,--,--,--
7011,三菱重工業,PTS(X),信用新規買,６ヵ月,特定,2025/04/15,2025/04/17,100,"2,569.4",--,--,--,--
7011,三菱重工業,PTS(X),信用新規買,６ヵ月,特定,2025/04/15,2025/04/17,100,"2,569.3",--,--,--,--
7011,三菱重工業,PTS(X),信用新規買,６ヵ月,特定,2025/04/15,2025/04/17,100,"2,569.8",--,--,--,--
7011,三菱重工業,PTS(O),信用新規買,６ヵ月,特定,2025/04/15,2025/04/17,300,"2,569.4",--,--,--,--
7011,三菱重工業,PTS(X),信用新規買,６ヵ月,特定,2025/04/15,2025/04/17,100,"2,569.5",--,--,--,--
7011,三菱重工業,PTS(O),信用新規買,６ヵ月,特定,2025/04/15,2025/04/17,100,"2,569.3",--,--,--,--
6857,アドバンテスト,東証,信用返済買,６ヵ月,特定,2025/04/15,2025/04/17,100,"5,829",17,--,-387,--
6857,アドバンテスト,PTS(X),信用返済買,６ヵ月,特定,2025/04/15,2025/04/17,100,"5,829",17,--,-357,--
6857,アドバンテスト,PTS(X),信用返済買,６ヵ月,特定,2025/04/15,2025/04/17,200,"5,829",35,--,-795,--
6368,オルガノ,--,現引,６ヵ月,特定,2025/04/15,2025/04/17,100,"5,979",74,--,"-597,974",--
4270,ＢｅｅＸ,PTS(J),現物売,--,特定,2025/04/14,2025/04/16,100,"2,470",--,--,"247,000",--
4270,ＢｅｅＸ,PTS(J),現物売,--,特定,2025/04/14,2025/04/16,200,"2,400",--,--,"480,000",--
6224,ＪＲＣ,PTS(J),現物売,--,特定,2025/04/14,2025/04/16,100,885,--,--,"88,500",--
6224,ＪＲＣ,PTS(J),現物売,--,特定,2025/04/14,2025/04/16,100,881,--,--,"88,100",--
6224,ＪＲＣ,PTS(J),現物売,--,特定,2025/04/14,2025/04/16,100,890,--,--,"89,000",--
6224,ＪＲＣ,PTS(J),現物売,--,特定,2025/04/14,2025/04/16,100,895,--,--,"89,500",--
6224,ＪＲＣ,PTS(J),現物売,--,特定,2025/04/14,2025/04/16,100,885,--,--,"88,500",--
6857,アドバンテスト,PTS(X),信用新規売,６ヵ月,特定,2025/04/14,2025/04/16,300,"5,785",--,--,--,--
8035,東京エレクトロン,PTS(X),信用新規売,６ヵ月,特定,2025/04/14,2025/04/16,100,"19,793.3",--,--,--,--
5445,東京鐵鋼,PTS(X),信用返済売,６ヵ月,特定,2025/04/14,2025/04/16,100,"5,557",68,--,"3,732",--
6254,野村マイクロ・サイエンス,東証,信用返済売,６ヵ月,特定,2025/04/14,2025/04/16,200,"2,267",28,--,"-1,548",--
6254,野村マイクロ・サイエンス,PTS(X),信用返済売,６ヵ月,特定,2025/04/14,2025/04/16,100,"2,268.2",14,--,6,--
6254,野村マイクロ・サイエンス,PTS(X),信用返済売,６ヵ月,特定,2025/04/14,2025/04/16,100,"2,268.5",14,--,56,--
6254,野村マイクロ・サイエンス,PTS(O),信用返済売,６ヵ月,特定,2025/04/14,2025/04/16,100,"2,267",14,--,-774,--
6254,野村マイクロ・サイエンス,PTS(X),信用返済売,６ヵ月,特定,2025/04/14,2025/04/16,100,"2,268.4",14,--,36,--
6323,ローツェ,東証,信用返済売,６ヵ月,特定,2025/04/14,2025/04/16,100,"1,339.5",15,--,"11,985",--
6368,オルガノ,PTS(X),信用返済売,６ヵ月,特定,2025/04/14,2025/04/16,100,"6,053",36,--,"14,064",--
6432,竹内製作所,PTS(X),信用返済売,６ヵ月,特定,2025/04/14,2025/04/16,100,"4,341.5",86,--,"-29,686",--
6432,竹内製作所,PTS(X),信用返済売,６ヵ月,特定,2025/04/14,2025/04/16,100,"4,362.5",56,--,"-15,806",--
6857,アドバンテスト,PTS(X),信用返済売,６ヵ月,特定,2025/04/14,2025/04/16,100,"5,923.2",36,--,"7,664",--
6857,アドバンテスト,PTS(X),信用返済売,６ヵ月,特定,2025/04/14,2025/04/16,100,"5,927.2",36,--,"8,064",--
6857,アドバンテスト,PTS(X),信用返済売,６ヵ月,特定,2025/04/14,2025/04/16,100,"5,927.1",36,--,"7,274",--
6857,アドバンテスト,PTS(O),信用返済売,６ヵ月,特定,2025/04/14,2025/04/16,100,"5,927.1",36,--,"7,174",--
6857,アドバンテスト,東証,信用返済売,６ヵ月,特定,2025/04/14,2025/04/16,100,"5,927",36,--,554,--
6857,アドバンテスト,東証,信用返済売,６ヵ月,特定,2025/04/14,2025/04/16,100,"5,906",37,--,"-2,377",--
6857,アドバンテスト,東証,信用返済売,６ヵ月,特定,2025/04/14,2025/04/16,100,"5,906",37,--,"-2,427",--
6857,アドバンテスト,東証,信用返済売,６ヵ月,特定,2025/04/14,2025/04/16,200,"5,906",74,--,"-4,854",--
6857,アドバンテスト,東証,信用返済売,６ヵ月,特定,2025/04/14,2025/04/16,100,"5,927",36,--,564,--
6857,アドバンテスト,東証,信用返済売,６ヵ月,特定,2025/04/14,2025/04/16,100,"5,804",37,--,"-16,077",--
6857,アドバンテスト,東証,信用返済売,６ヵ月,特定,2025/04/14,2025/04/16,300,"5,906",111,--,"-7,311",--
6857,アドバンテスト,PTS(X),信用返済売,６ヵ月,特定,2025/04/14,2025/04/16,100,"5,927.2",36,--,"7,994",--
6857,アドバンテスト,PTS(O),信用返済売,６ヵ月,特定,2025/04/14,2025/04/16,100,"5,927",36,--,574,--
6857,アドバンテスト,PTS(X),信用返済売,６ヵ月,特定,2025/04/14,2025/04/16,100,"5,804",37,--,"-16,077",--
6857,アドバンテスト,PTS(X),信用返済売,６ヵ月,特定,2025/04/14,2025/04/16,100,"5,927.2",36,--,"8,004",--
8035,東京エレクトロン,PTS(X),信用返済売,６ヵ月,特定,2025/04/14,2025/04/16,100,"19,806.8",127,--,"-53,387",--
8035,東京エレクトロン,PTS(X),信用返済売,６ヵ月,特定,2025/04/14,2025/04/16,100,"19,936.7",124,--,"-5,864",--
8035,東京エレクトロン,PTS(X),信用返済売,６ヵ月,特定,2025/04/14,2025/04/16,100,"20,008.1",124,--,"1,276",--
3678,メディアドゥ,PTS(X),信用新規買,６ヵ月,特定,2025/04/14,2025/04/16,200,"1,708.9",--,--,--,--
3678,メディアドゥ,PTS(O),信用新規買,６ヵ月,特定,2025/04/14,2025/04/16,100,"1,708.9",--,--,--,--
4109,ステラ　ケミファ,PTS(X),信用新規買,６ヵ月,特定,2025/04/14,2025/04/16,100,"3,587.5",--,--,--,--
4270,ＢｅｅＸ,東証,信用新規買,６ヵ月,特定,2025/04/14,2025/04/16,300,"2,462",--,--,--,--
6224,ＪＲＣ,PTS(X),信用新規買,６ヵ月,特定,2025/04/14,2025/04/16,100,960.6,--,--,--,--
6224,ＪＲＣ,PTS(O),信用新規買,６ヵ月,特定,2025/04/14,2025/04/16,100,960.6,--,--,--,--
6224,ＪＲＣ,PTS(X),信用新規買,６ヵ月,特定,2025/04/14,2025/04/16,100,961.9,--,--,--,--
6224,ＪＲＣ,PTS(O),信用新規買,６ヵ月,特定,2025/04/14,2025/04/16,100,960.9,--,--,--,--
6224,ＪＲＣ,PTS(X),信用新規買,６ヵ月,特定,2025/04/14,2025/04/16,100,960.9,--,--,--,--
6254,野村マイクロ・サイエンス,東証,信用新規買,６ヵ月,特定,2025/04/14,2025/04/16,200,"2,275",--,--,--,--
6254,野村マイクロ・サイエンス,PTS(X),信用新規買,６ヵ月,特定,2025/04/14,2025/04/16,100,"2,267.9",--,--,--,--
6254,野村マイクロ・サイエンス,PTS(X),信用新規買,６ヵ月,特定,2025/04/14,2025/04/16,100,"2,274.9",--,--,--,--
6254,野村マイクロ・サイエンス,PTS(X),信用新規買,６ヵ月,特定,2025/04/14,2025/04/16,300,"2,274.6",--,--,--,--
6254,野村マイクロ・サイエンス,PTS(O),信用新規買,６ヵ月,特定,2025/04/14,2025/04/16,100,"2,268",--,--,--,--
6254,野村マイクロ・サイエンス,PTS(X),信用新規買,６ヵ月,特定,2025/04/14,2025/04/16,100,"2,267.8",--,--,--,--
6368,オルガノ,PTS(X),信用新規買,６ヵ月,特定,2025/04/14,2025/04/16,100,"5,979",--,--,--,--
6368,オルガノ,PTS(O),信用新規買,６ヵ月,特定,2025/04/14,2025/04/16,100,"5,912",--,--,--,--
6857,アドバンテスト,PTS(X),信用新規買,６ヵ月,特定,2025/04/14,2025/04/16,200,"5,964.4",--,--,--,--
6857,アドバンテスト,PTS(X),信用新規買,６ヵ月,特定,2025/04/14,2025/04/16,100,"5,846.9",--,--,--,--
6857,アドバンテスト,PTS(J),信用新規買,６ヵ月,特定,2025/04/14,2025/04/16,100,"5,846.8",--,--,--,--
6857,アドバンテスト,PTS(X),信用新規買,６ヵ月,特定,2025/04/14,2025/04/16,100,"5,846.2",--,--,--,--
6857,アドバンテスト,PTS(X),信用新規買,６ヵ月,特定,2025/04/14,2025/04/16,300,"5,930",--,--,--,--
6857,アドバンテスト,PTS(O),信用新規買,６ヵ月,特定,2025/04/14,2025/04/16,100,"5,929.9",--,--,--,--
6857,アドバンテスト,PTS(X),信用新規買,６ヵ月,特定,2025/04/14,2025/04/16,100,"5,929.4",--,--,--,--
6857,アドバンテスト,PTS(O),信用新規買,６ヵ月,特定,2025/04/14,2025/04/16,100,"5,921.1",--,--,--,--
6857,アドバンテスト,東証,信用新規買,６ヵ月,特定,2025/04/14,2025/04/16,100,"5,854",--,--,--,--
6857,アドバンテスト,PTS(X),信用新規買,６ヵ月,特定,2025/04/14,2025/04/16,100,"5,921",--,--,--,--
6857,アドバンテスト,PTS(X),信用新規買,６ヵ月,特定,2025/04/14,2025/04/16,200,"5,929.9",--,--,--,--
6857,アドバンテスト,PTS(O),信用新規買,６ヵ月,特定,2025/04/14,2025/04/16,100,"5,920.9",--,--,--,--
6857,アドバンテスト,東証,信用新規買,６ヵ月,特定,2025/04/14,2025/04/16,100,"5,855",--,--,--,--
6857,アドバンテスト,PTS(O),信用新規買,６ヵ月,特定,2025/04/14,2025/04/16,100,"5,846.2",--,--,--,--
8035,東京エレクトロン,PTS(X),信用新規買,６ヵ月,特定,2025/04/14,2025/04/16,100,"20,339.4",--,--,--,--
8035,東京エレクトロン,PTS(O),信用新規買,６ヵ月,特定,2025/04/14,2025/04/16,100,"19,994.1",--,--,--,--
8035,東京エレクトロン,PTS(X),信用新規買,６ヵ月,特定,2025/04/14,2025/04/16,100,"19,994.1",--,--,--,--
6857,アドバンテスト,PTS(O),信用返済買,６ヵ月,特定,2025/04/14,2025/04/16,100,"5,844.6",17,--,"-5,977",--
6857,アドバンテスト,PTS(X),信用返済買,６ヵ月,特定,2025/04/14,2025/04/16,200,"5,844.6",34,--,"-11,954",--
8035,東京エレクトロン,PTS(O),信用返済買,６ヵ月,特定,2025/04/14,2025/04/16,100,"19,968.5",59,--,"-17,579",--
4270,ＢｅｅＸ,--,現引,６ヵ月,特定,2025/04/14,2025/04/16,100,"2,462",15,--,"-246,215",--
4270,ＢｅｅＸ,--,現引,６ヵ月,特定,2025/04/14,2025/04/16,100,"2,462",15,--,"-246,215",--
4270,ＢｅｅＸ,--,現引,６ヵ月,特定,2025/04/14,2025/04/16,100,"2,462",15,--,"-246,215",--
6224,ＪＲＣ,--,現引,６ヵ月,特定,2025/04/14,2025/04/16,100,960.9,6,--,"-96,096",--
6224,ＪＲＣ,--,現引,６ヵ月,特定,2025/04/14,2025/04/16,100,961.9,6,--,"-96,196",--
6224,ＪＲＣ,--,現引,６ヵ月,特定,2025/04/14,2025/04/16,100,960.6,6,--,"-96,066",--
6224,ＪＲＣ,--,現引,６ヵ月,特定,2025/04/14,2025/04/16,100,960.9,6,--,"-96,096",--
6224,ＪＲＣ,--,現引,６ヵ月,特定,2025/04/14,2025/04/16,100,960.6,6,--,"-96,066",--
5445,東京鐵鋼,東証(外),現物売,--,特定,2025/04/11,2025/04/15,100,"5,515",--,--,"551,500",--
6323,ローツェ,PTS(J),現物売,--,特定,2025/04/11,2025/04/15,100,"1,166",--,--,"116,600",--
6323,ローツェ,PTS(J),現物売,--,特定,2025/04/11,2025/04/15,100,"1,167",--,--,"116,700",--
6323,ローツェ,PTS(J),現物売,--,特定,2025/04/11,2025/04/15,100,"1,171",--,--,"117,100",--
6323,ローツェ,PTS(J),現物売,--,特定,2025/04/11,2025/04/15,100,"1,168.5",--,--,"116,850",--
6432,竹内製作所,PTS(J),現物売,--,特定,2025/04/11,2025/04/15,100,"4,383",--,--,"438,300",--
6323,ローツェ,東証,現物買,--,特定,2025/04/11,2025/04/15,400,"1,219.5",--,--,"487,800",--
6857,アドバンテスト,東証,信用返済売,６ヵ月,特定,2025/04/11,2025/04/15,300,"5,632",102,--,"47,718",--
9070,トナミホールディングス,東証,信用返済売,６ヵ月,特定,2025/04/11,2025/04/15,200,"10,080",254,--,"-22,254",--
5445,東京鐵鋼,PTS(X),信用新規買,６ヵ月,特定,2025/04/11,2025/04/15,100,"5,519",--,--,--,--
6323,ローツェ,東証,信用新規買,６ヵ月,特定,2025/04/11,2025/04/15,100,"1,219.5",--,--,--,--
6432,竹内製作所,東証,信用新規買,６ヵ月,特定,2025/04/11,2025/04/15,100,"4,520",--,--,--,--
6857,アドバンテスト,PTS(X),信用新規買,６ヵ月,特定,2025/04/11,2025/04/15,300,"5,472.6",--,--,--,--
5445,東京鐵鋼,PTS(O),現物買,--,特定,2025/04/10,2025/04/14,100,"5,616",--,--,"561,600",--
6432,竹内製作所,PTS(X),現物買,--,特定,2025/04/10,2025/04/14,100,"4,657",--,--,"465,700",--
6857,アドバンテスト,東証,信用返済売,６ヵ月,特定,2025/04/10,2025/04/14,100,"5,903",36,--,"2,714",--
6857,アドバンテスト,東証,信用返済売,６ヵ月,特定,2025/04/10,2025/04/14,100,"5,903",36,--,"2,704",--
6857,アドバンテスト,東証,信用返済売,６ヵ月,特定,2025/04/10,2025/04/14,100,"5,903",36,--,"2,674",--
4109,ステラ　ケミファ,PTS(O),信用新規買,６ヵ月,特定,2025/04/10,2025/04/14,100,"3,460",--,--,--,--
6432,竹内製作所,PTS(X),信用新規買,６ヵ月,特定,2025/04/10,2025/04/14,100,"4,637.5",--,--,--,--
6857,アドバンテスト,PTS(O),信用新規買,６ヵ月,特定,2025/04/10,2025/04/14,100,"5,875.6",--,--,--,--
6857,アドバンテスト,PTS(O),信用新規買,６ヵ月,特定,2025/04/10,2025/04/14,100,"5,875.9",--,--,--,--
6857,アドバンテスト,PTS(O),信用新規買,６ヵ月,特定,2025/04/10,2025/04/14,100,"5,875.5",--,--,--,--
9070,トナミホールディングス,東証,信用新規買,６ヵ月,特定,2025/04/10,2025/04/14,200,"10,190",--,--,--,--
9531,東京瓦斯,PTS(O),信用新規売,６ヵ月,特定,2025/04/07,2025/04/09,100,"4,499.1",--,--,--,--
9531,東京瓦斯,PTS(O),信用新規売,６ヵ月,特定,2025/04/07,2025/04/09,100,"4,500.1",--,--,--,--
9531,東京瓦斯,PTS(O),信用新規売,６ヵ月,特定,2025/04/07,2025/04/09,100,"4,498.1",--,--,--,--
9531,東京瓦斯,PTS(O),信用返済買,６ヵ月,特定,2025/04/07,2025/04/09,100,"4,497.8",13,--,217,--
9531,東京瓦斯,PTS(O),信用返済買,６ヵ月,特定,2025/04/07,2025/04/09,100,"4,498",13,--,-3,--
9531,東京瓦斯,PTS(O),信用返済買,６ヵ月,特定,2025/04/07,2025/04/09,100,"4,497.9",13,--,107,--
4519,中外製薬,PTS(X),信用新規売,６ヵ月,特定,2025/04/04,2025/04/08,100,"6,787.3",--,--,--,--
4519,中外製薬,PTS(O),信用新規売,６ヵ月,特定,2025/04/04,2025/04/08,100,"6,787.3",--,--,--,--
4519,中外製薬,PTS(X),信用新規売,６ヵ月,特定,2025/04/04,2025/04/08,300,"6,700.1",--,--,--,--
4543,テルモ,PTS(O),信用新規売,６ヵ月,特定,2025/04/04,2025/04/08,200,"2,767",--,--,--,--
4543,テルモ,PTS(O),信用新規売,６ヵ月,特定,2025/04/04,2025/04/08,100,"2,767.1",--,--,--,--
4543,テルモ,PTS(X),信用新規売,６ヵ月,特定,2025/04/04,2025/04/08,100,"2,767.1",--,--,--,--
4543,テルモ,PTS(X),信用新規売,６ヵ月,特定,2025/04/04,2025/04/08,100,"2,767",--,--,--,--
4568,第一三共,PTS(X),信用新規売,６ヵ月,特定,2025/04/04,2025/04/08,100,"3,723.3",--,--,--,--
4568,第一三共,PTS(X),信用新規売,６ヵ月,特定,2025/04/04,2025/04/08,200,"3,723.2",--,--,--,--
4568,第一三共,PTS(O),信用新規売,６ヵ月,特定,2025/04/04,2025/04/08,100,"3,723.3",--,--,--,--
4519,中外製薬,PTS(O),信用返済買,６ヵ月,特定,2025/04/04,2025/04/08,100,"6,696.9",20,--,"9,020",--
4519,中外製薬,PTS(X),信用返済買,６ヵ月,特定,2025/04/04,2025/04/08,100,"6,697.1",20,--,"9,000",--
4519,中外製薬,PTS(X),信用返済買,６ヵ月,特定,2025/04/04,2025/04/08,100,"6,697.8",20,--,210,--
4519,中外製薬,PTS(X),信用返済買,６ヵ月,特定,2025/04/04,2025/04/08,100,"6,697.5",20,--,240,--
4519,中外製薬,PTS(X),信用返済買,６ヵ月,特定,2025/04/04,2025/04/08,100,"6,697.2",20,--,270,--
4543,テルモ,東証,信用返済買,６ヵ月,特定,2025/04/04,2025/04/08,100,"2,760.5",8,--,652,--
4543,テルモ,東証,信用返済買,６ヵ月,特定,2025/04/04,2025/04/08,100,"2,760",8,--,702,--
4543,テルモ,東証,信用返済買,６ヵ月,特定,2025/04/04,2025/04/08,200,"2,760.5",16,--,"1,284",--
4543,テルモ,東証,信用返済買,６ヵ月,特定,2025/04/04,2025/04/08,100,"2,760.5",8,--,642,--
4568,第一三共,PTS(X),信用返済買,６ヵ月,特定,2025/04/04,2025/04/08,100,"3,655.5",11,--,"6,769",--
4568,第一三共,PTS(O),信用返済買,６ヵ月,特定,2025/04/04,2025/04/08,100,"3,655.4",11,--,"6,779",--
4568,第一三共,PTS(X),信用返済買,６ヵ月,特定,2025/04/04,2025/04/08,200,"3,655.6",22,--,"13,498",--
2768,双日,PTS(X),現物売,--,特定,2025/04/03,2025/04/07,100,"3,154.2",--,--,"315,420",--
6745,ホーチキ,東証(外),現物売,--,特定,2025/04/03,2025/04/07,100,"2,366.7",--,--,"236,670",--
6745,ホーチキ,東証(外),現物売,--,特定,2025/04/03,2025/04/07,100,"2,366.1",--,--,"236,610",--
7229,ユタカ技研,東証(外),現物売,--,特定,2025/04/03,2025/04/07,100,"2,075.4",--,--,"207,540",--
7267,本田技研工業,PTS(O),現物売,--,特定,2025/04/03,2025/04/07,200,"1,327.6",--,--,"265,520",--
7267,本田技研工業,PTS(X),現物売,--,特定,2025/04/03,2025/04/07,100,"1,327.6",--,--,"132,760",--
7481,尾家産業,PTS(X),現物売,--,特定,2025/04/03,2025/04/07,100,"1,950.1",--,--,"195,010",--
7521,ムサシ,東証,現物売,--,特定,2025/04/03,2025/04/07,200,"1,651",--,--,"330,200",--
7868,広済堂ホールディングス,PTS(X),現物売,--,特定,2025/04/03,2025/04/07,100,486.6,--,--,"48,660",--
7868,広済堂ホールディングス,PTS(O),現物売,--,特定,2025/04/03,2025/04/07,100,486.6,--,--,"48,660",--
7868,広済堂ホールディングス,東証(外),現物売,--,特定,2025/04/03,2025/04/07,100,486.7,--,--,"48,670",--
8306,三菱ＵＦＪフィナンシャル・グループ,PTS(X),現物売,--,特定,2025/04/03,2025/04/07,200,"1,799.5",--,--,"359,900",--
9304,澁澤倉庫,PTS(X),現物売,--,特定,2025/04/03,2025/04/07,100,"3,120.5",--,--,"312,050",--
7203,トヨタ自動車,PTS(X),信用新規売,６ヵ月,特定,2025/04/03,2025/04/07,100,"2,473",--,--,--,--
7203,トヨタ自動車,PTS(X),信用新規売,６ヵ月,特定,2025/04/03,2025/04/07,100,"2,477.7",--,--,--,--
7203,トヨタ自動車,PTS(X),信用新規売,６ヵ月,特定,2025/04/03,2025/04/07,300,"2,473.4",--,--,--,--
7203,トヨタ自動車,PTS(O),信用新規売,６ヵ月,特定,2025/04/03,2025/04/07,100,"2,473.6",--,--,--,--
7203,トヨタ自動車,PTS(O),信用新規売,６ヵ月,特定,2025/04/03,2025/04/07,100,"2,473.1",--,--,--,--
7203,トヨタ自動車,PTS(O),信用新規売,６ヵ月,特定,2025/04/03,2025/04/07,100,"2,473.4",--,--,--,--
7203,トヨタ自動車,PTS(X),信用新規売,６ヵ月,特定,2025/04/03,2025/04/07,400,"2,477.3",--,--,--,--
7203,トヨタ自動車,PTS(X),信用新規売,６ヵ月,特定,2025/04/03,2025/04/07,100,"2,477.4",--,--,--,--
7203,トヨタ自動車,PTS(X),信用新規売,６ヵ月,特定,2025/04/03,2025/04/07,300,"2,473.1",--,--,--,--
7203,トヨタ自動車,PTS(X),信用新規売,６ヵ月,特定,2025/04/03,2025/04/07,"1,100","2,477.6",--,--,--,--
7203,トヨタ自動車,PTS(X),信用新規売,６ヵ月,特定,2025/04/03,2025/04/07,100,"2,474.1",--,--,--,--
7203,トヨタ自動車,PTS(O),信用新規売,６ヵ月,特定,2025/04/03,2025/04/07,100,"2,473",--,--,--,--
7203,トヨタ自動車,PTS(X),信用新規売,６ヵ月,特定,2025/04/03,2025/04/07,100,"2,473.2",--,--,--,--
7203,トヨタ自動車,東証,信用新規売,６ヵ月,特定,2025/04/03,2025/04/07,800,"2,477.5",--,--,--,--
7203,トヨタ自動車,東証,信用新規売,６ヵ月,特定,2025/04/03,2025/04/07,"1,300","2,473",--,--,--,--
341A,トヨコー,東証,信用返済売,６ヵ月,特定,2025/04/03,2025/04/07,300,925,69,--,-879,--
341A,トヨコー,東証,信用返済売,６ヵ月,特定,2025/04/03,2025/04/07,100,925,23,--,-303,--
341A,トヨコー,東証,信用返済売,６ヵ月,特定,2025/04/03,2025/04/07,400,925,92,--,"-1,292",--
341A,トヨコー,東証,信用返済売,６ヵ月,特定,2025/04/03,2025/04/07,100,925,23,--,-323,--
341A,トヨコー,東証,信用返済売,６ヵ月,特定,2025/04/03,2025/04/07,100,925,23,--,-313,--
6857,アドバンテスト,PTS(X),信用返済売,６ヵ月,特定,2025/04/03,2025/04/07,200,"6,134.4",77,--,"-17,197",--
6857,アドバンテスト,PTS(O),信用返済売,６ヵ月,特定,2025/04/03,2025/04/07,100,"6,134.7",38,--,"-8,568",--
6857,アドバンテスト,PTS(X),信用返済売,６ヵ月,特定,2025/04/03,2025/04/07,200,"6,134.6",77,--,"-17,157",--
6857,アドバンテスト,PTS(X),信用返済売,６ヵ月,特定,2025/04/03,2025/04/07,200,"6,134.5",77,--,"-17,177",--
6857,アドバンテスト,PTS(X),信用返済売,６ヵ月,特定,2025/04/03,2025/04/07,300,"6,134.7",116,--,"-25,706",--
6857,アドバンテスト,PTS(X),信用返済売,６ヵ月,特定,2025/04/03,2025/04/07,100,"6,134.7",38,--,"-8,058",--
7203,トヨタ自動車,東証,信用返済売,６ヵ月,特定,2025/04/03,2025/04/07,200,"2,528",31,--,29,--
7203,トヨタ自動車,東証,信用返済売,６ヵ月,特定,2025/04/03,2025/04/07,100,"2,518.5",15,--,"2,215",--
7203,トヨタ自動車,東証,信用返済売,６ヵ月,特定,2025/04/03,2025/04/07,200,"2,528",31,--,69,--
7203,トヨタ自動車,東証,信用返済売,６ヵ月,特定,2025/04/03,2025/04/07,100,"2,528",15,--,5,--
7203,トヨタ自動車,東証,信用返済売,６ヵ月,特定,2025/04/03,2025/04/07,"1,200","2,518.5",187,--,"28,013",--
7203,トヨタ自動車,東証,信用返済売,６ヵ月,特定,2025/04/03,2025/04/07,100,"2,518.5",15,--,"2,225",--
7203,トヨタ自動車,東証,信用返済売,６ヵ月,特定,2025/04/03,2025/04/07,100,"2,518.5",15,--,"2,225",--
7203,トヨタ自動車,東証,信用返済売,６ヵ月,特定,2025/04/03,2025/04/07,100,"2,518.5",15,--,"2,335",--
7203,トヨタ自動車,東証,信用返済売,６ヵ月,特定,2025/04/03,2025/04/07,200,"2,528",31,--,-31,--
7203,トヨタ自動車,東証,信用返済売,６ヵ月,特定,2025/04/03,2025/04/07,200,"2,518.5",31,--,"4,709",--
7203,トヨタ自動車,東証,信用返済売,６ヵ月,特定,2025/04/03,2025/04/07,100,"2,518.5",15,--,"2,355",--
7203,トヨタ自動車,東証,信用返済売,６ヵ月,特定,2025/04/03,2025/04/07,200,"2,518.5",31,--,"4,689",--
7203,トヨタ自動車,東証,信用返済売,６ヵ月,特定,2025/04/03,2025/04/07,100,"2,518.5",15,--,"2,345",--
7203,トヨタ自動車,東証,信用返済売,６ヵ月,特定,2025/04/03,2025/04/07,100,"2,518.5",15,--,"2,345",--
7203,トヨタ自動車,東証,信用返済売,６ヵ月,特定,2025/04/03,2025/04/07,"1,400","2,528",221,--,-221,--
7203,トヨタ自動車,東証,信用返済売,６ヵ月,特定,2025/04/03,2025/04/07,300,"2,518.5",46,--,"6,704",--
7203,トヨタ自動車,PTS(X),信用返済売,６ヵ月,特定,2025/04/03,2025/04/07,100,"2,528",15,--,85,--
7203,トヨタ自動車,PTS(X),信用返済売,６ヵ月,特定,2025/04/03,2025/04/07,200,"2,528.1",31,--,89,--
7203,トヨタ自動車,PTS(X),信用返済売,６ヵ月,特定,2025/04/03,2025/04/07,100,"2,528",15,--,35,--
8058,三菱商事,東証,信用返済売,６ヵ月,特定,2025/04/03,2025/04/07,700,"2,633",117,--,"-34,767",--
8058,三菱商事,東証,信用返済売,６ヵ月,特定,2025/04/03,2025/04/07,200,"2,633.5",33,--,"-7,333",--
8058,三菱商事,PTS(O),信用返済売,６ヵ月,特定,2025/04/03,2025/04/07,100,"2,633.6",16,--,"-3,656",--
8058,三菱商事,PTS(J),信用返済売,６ヵ月,特定,2025/04/03,2025/04/07,100,"2,633.5",16,--,"-3,666",--
8058,三菱商事,PTS(X),信用返済売,６ヵ月,特定,2025/04/03,2025/04/07,100,"2,633.7",16,--,"-3,596",--
8058,三菱商事,東証,信用返済売,６ヵ月,特定,2025/04/03,2025/04/07,300,"2,633.5",50,--,"-14,600",--
8058,三菱商事,東証,信用返済売,６ヵ月,特定,2025/04/03,2025/04/07,300,"2,633",50,--,"-14,750",--
8058,三菱商事,東証,信用返済売,６ヵ月,特定,2025/04/03,2025/04/07,100,"2,657",16,--,234,--
8058,三菱商事,東証,信用返済売,６ヵ月,特定,2025/04/03,2025/04/07,"1,200","2,657",199,--,"2,201",--
8058,三菱商事,東証,信用返済売,６ヵ月,特定,2025/04/03,2025/04/07,600,"2,633.5",100,--,"-29,140",--
8058,三菱商事,東証,信用返済売,６ヵ月,特定,2025/04/03,2025/04/07,100,"2,633.5",16,--,"-4,846",--
8058,三菱商事,東証,信用返済売,６ヵ月,特定,2025/04/03,2025/04/07,"1,000","2,657.5",165,--,"2,835",--
8725,ＭＳ＆ＡＤインシュアランスグループホールディングス,PTS(X),信用返済売,６ヵ月,特定,2025/04/03,2025/04/07,100,"2,975.2",120,--,"-25,410",--
9070,トナミホールディングス,東証,信用返済売,６ヵ月,特定,2025/04/03,2025/04/07,100,"10,210",319,--,"-1,319",--
9070,トナミホールディングス,PTS(O),信用返済売,６ヵ月,特定,2025/04/03,2025/04/07,100,"10,210",319,--,"-1,319",--
9070,トナミホールディングス,PTS(X),信用返済売,６ヵ月,特定,2025/04/03,2025/04/07,100,"10,210",319,--,"-1,319",--
9070,トナミホールディングス,PTS(X),信用返済売,６ヵ月,特定,2025/04/03,2025/04/07,100,"10,212",319,--,"-1,119",--
9070,トナミホールディングス,PTS(O),信用返済売,６ヵ月,特定,2025/04/03,2025/04/07,100,"10,211",319,--,"-1,219",--
9070,トナミホールディングス,PTS(X),信用返済売,６ヵ月,特定,2025/04/03,2025/04/07,100,"10,211",319,--,"-1,219",--
6857,アドバンテスト,東証,信用新規買,６ヵ月,特定,2025/04/03,2025/04/07,"1,000","6,220",--,--,--,--
6857,アドバンテスト,PTS(J),信用新規買,６ヵ月,特定,2025/04/03,2025/04/07,100,"6,214.9",--,--,--,--
7203,トヨタ自動車,東証,信用新規買,６ヵ月,特定,2025/04/03,2025/04/07,"1,400","2,528",--,--,--,--
7203,トヨタ自動車,東証,信用新規買,６ヵ月,特定,2025/04/03,2025/04/07,300,"2,527.5",--,--,--,--
7203,トヨタ自動車,東証,信用新規買,６ヵ月,特定,2025/04/03,2025/04/07,"1,200","2,495",--,--,--,--
7203,トヨタ自動車,PTS(X),信用新規買,６ヵ月,特定,2025/04/03,2025/04/07,200,"2,527.7",--,--,--,--
7203,トヨタ自動車,PTS(J),信用新規買,６ヵ月,特定,2025/04/03,2025/04/07,100,"2,494.9",--,--,--,--
7203,トヨタ自動車,PTS(X),信用新規買,６ヵ月,特定,2025/04/03,2025/04/07,200,"2,494.8",--,--,--,--
7203,トヨタ自動車,PTS(O),信用新規買,６ヵ月,特定,2025/04/03,2025/04/07,200,"2,494.9",--,--,--,--
7203,トヨタ自動車,PTS(X),信用新規買,６ヵ月,特定,2025/04/03,2025/04/07,200,"2,527.5",--,--,--,--
7203,トヨタ自動車,PTS(X),信用新規買,６ヵ月,特定,2025/04/03,2025/04/07,100,"2,494.9",--,--,--,--
7203,トヨタ自動車,東証,信用新規買,６ヵ月,特定,2025/04/03,2025/04/07,100,"2,527",--,--,--,--
7203,トヨタ自動車,東証,信用新規買,６ヵ月,特定,2025/04/03,2025/04/07,300,"2,496",--,--,--,--
7203,トヨタ自動車,PTS(X),信用新規買,６ヵ月,特定,2025/04/03,2025/04/07,100,"2,496.2",--,--,--,--
7203,トヨタ自動車,PTS(X),信用新規買,６ヵ月,特定,2025/04/03,2025/04/07,100,"2,496.1",--,--,--,--
7203,トヨタ自動車,PTS(X),信用新規買,６ヵ月,特定,2025/04/03,2025/04/07,100,"2,495",--,--,--,--
7203,トヨタ自動車,PTS(O),信用新規買,６ヵ月,特定,2025/04/03,2025/04/07,100,"2,494.8",--,--,--,--
7203,トヨタ自動車,PTS(X),信用新規買,６ヵ月,特定,2025/04/03,2025/04/07,200,"2,528",--,--,--,--
7203,トヨタ自動車,PTS(O),信用新規買,６ヵ月,特定,2025/04/03,2025/04/07,100,"2,496.1",--,--,--,--
7203,トヨタ自動車,PTS(X),信用新規買,６ヵ月,特定,2025/04/03,2025/04/07,100,"2,527.8",--,--,--,--
8058,三菱商事,東証,信用新規買,６ヵ月,特定,2025/04/03,2025/04/07,600,"2,682",--,--,--,--
8058,三菱商事,PTS(X),信用新規買,６ヵ月,特定,2025/04/03,2025/04/07,100,"2,681.8",--,--,--,--
8058,三菱商事,東証,信用新規買,６ヵ月,特定,2025/04/03,2025/04/07,100,"2,669.5",--,--,--,--
8058,三菱商事,東証,信用新規買,６ヵ月,特定,2025/04/03,2025/04/07,400,"2,670",--,--,--,--
8058,三菱商事,東証,信用新規買,６ヵ月,特定,2025/04/03,2025/04/07,700,"2,682.5",--,--,--,--
8058,三菱商事,東証,信用新規買,６ヵ月,特定,2025/04/03,2025/04/07,"1,100","2,654.5",--,--,--,--
8058,三菱商事,東証,信用新規買,６ヵ月,特定,2025/04/03,2025/04/07,"1,200","2,655",--,--,--,--
8058,三菱商事,PTS(X),信用新規買,６ヵ月,特定,2025/04/03,2025/04/07,600,"2,681.9",--,--,--,--
7203,トヨタ自動車,東証,信用返済買,６ヵ月,特定,2025/04/03,2025/04/07,400,"2,480.5",29,--,"-1,309",--
7203,トヨタ自動車,東証,信用返済買,６ヵ月,特定,2025/04/03,2025/04/07,"1,100","2,480.5",82,--,"-3,272",--
7203,トヨタ自動車,東証,信用返済買,６ヵ月,特定,2025/04/03,2025/04/07,100,"2,485.5",7,--,"-1,217",--
7203,トヨタ自動車,東証,信用返済買,６ヵ月,特定,2025/04/03,2025/04/07,300,"2,485.5",22,--,"-3,652",--
7203,トヨタ自動車,東証,信用返済買,６ヵ月,特定,2025/04/03,2025/04/07,700,"2,485",52,--,"-8,452",--
7203,トヨタ自動車,東証,信用返済買,６ヵ月,特定,2025/04/03,2025/04/07,500,"2,485.5",37,--,"-6,287",--
7203,トヨタ自動車,東証,信用返済買,６ヵ月,特定,2025/04/03,2025/04/07,100,"2,485.5",7,--,"-1,237",--
7203,トヨタ自動車,東証,信用返済買,６ヵ月,特定,2025/04/03,2025/04/07,100,"2,485.5",7,--,"-1,257",--
7203,トヨタ自動車,東証,信用返済買,６ヵ月,特定,2025/04/03,2025/04/07,100,"2,485.5",7,--,"-1,257",--
7203,トヨタ自動車,東証,信用返済買,６ヵ月,特定,2025/04/03,2025/04/07,100,"2,485.5",7,--,"-1,197",--
7203,トヨタ自動車,東証,信用返済買,６ヵ月,特定,2025/04/03,2025/04/07,100,"2,485.5",7,--,"-1,247",--
7203,トヨタ自動車,東証,信用返済買,６ヵ月,特定,2025/04/03,2025/04/07,300,"2,485.5",22,--,"-3,742",--
7203,トヨタ自動車,東証,信用返済買,６ヵ月,特定,2025/04/03,2025/04/07,100,"2,480.5",7,--,-317,--
7203,トヨタ自動車,東証,信用返済買,６ヵ月,特定,2025/04/03,2025/04/07,200,"2,480",14,--,-514,--
7203,トヨタ自動車,東証,信用返済買,６ヵ月,特定,2025/04/03,2025/04/07,100,"2,480.5",7,--,-287,--
7203,トヨタ自動車,PTS(X),信用返済買,６ヵ月,特定,2025/04/03,2025/04/07,100,"2,479.8",7,--,-237,--
7203,トヨタ自動車,PTS(X),信用返済買,６ヵ月,特定,2025/04/03,2025/04/07,100,"2,485",7,--,"-1,207",--
7203,トヨタ自動車,PTS(X),信用返済買,６ヵ月,特定,2025/04/03,2025/04/07,100,"2,484.9",7,--,"-1,087",--
7203,トヨタ自動車,PTS(X),信用返済買,６ヵ月,特定,2025/04/03,2025/04/07,500,"2,479.9",37,--,"-1,237",--
8963,インヴィンシブル投資法人,PTS(X),現物売,--,特定,2025/04/03,2025/04/07,1,"61,340",--,--,"61,340",--
6857,アドバンテスト,PTS(X),信用新規売,６ヵ月,特定,2025/04/02,2025/04/04,100,"6,340.1",--,--,--,--
6857,アドバンテスト,PTS(X),信用新規売,６ヵ月,特定,2025/04/02,2025/04/04,200,"6,323.3",--,--,--,--
6857,アドバンテスト,PTS(X),信用新規売,６ヵ月,特定,2025/04/02,2025/04/04,100,"6,314.4",--,--,--,--
6857,アドバンテスト,PTS(X),信用新規売,６ヵ月,特定,2025/04/02,2025/04/04,100,"6,317.1",--,--,--,--
6857,アドバンテスト,PTS(O),信用新規売,６ヵ月,特定,2025/04/02,2025/04/04,200,"6,323",--,--,--,--
6857,アドバンテスト,PTS(X),信用新規売,６ヵ月,特定,2025/04/02,2025/04/04,100,"6,339.2",--,--,--,--
6857,アドバンテスト,東証,信用新規売,６ヵ月,特定,2025/04/02,2025/04/04,100,"6,317",--,--,--,--
6857,アドバンテスト,PTS(O),信用新規売,６ヵ月,特定,2025/04/02,2025/04/04,100,"6,323.3",--,--,--,--
6920,レーザーテック,PTS(X),信用返済売,６ヵ月,特定,2025/04/02,2025/04/04,100,"12,710.2",79,--,"-9,059",--
6920,レーザーテック,PTS(X),信用返済売,６ヵ月,特定,2025/04/02,2025/04/04,200,"12,710.3",159,--,"-18,099",--
9070,トナミホールディングス,東証,信用返済売,６ヵ月,特定,2025/04/02,2025/04/04,100,"10,220",127,--,-127,--
341A,トヨコー,PTS(O),信用新規買,６ヵ月,特定,2025/04/02,2025/04/04,100,928,--,--,--,--
341A,トヨコー,PTS(X),信用新規買,６ヵ月,特定,2025/04/02,2025/04/04,100,927.8,--,--,--,--
341A,トヨコー,PTS(O),信用新規買,６ヵ月,特定,2025/04/02,2025/04/04,100,927.9,--,--,--,--
341A,トヨコー,東証,信用新規買,６ヵ月,特定,2025/04/02,2025/04/04,400,928,--,--,--,--
341A,トヨコー,PTS(X),信用新規買,６ヵ月,特定,2025/04/02,2025/04/04,300,927.7,--,--,--,--
6920,レーザーテック,東証,信用新規買,６ヵ月,特定,2025/04/02,2025/04/04,300,"12,800",--,--,--,--
6857,アドバンテスト,PTS(X),信用返済買,６ヵ月,特定,2025/04/02,2025/04/04,100,"6,454.8",19,--,"-13,169",--
6857,アドバンテスト,PTS(O),信用返済買,６ヵ月,特定,2025/04/02,2025/04/04,100,"6,454.7",19,--,"-13,159",--
6857,アドバンテスト,PTS(X),信用返済買,６ヵ月,特定,2025/04/02,2025/04/04,100,"6,454.7",19,--,"-11,479",--
6857,アドバンテスト,PTS(O),信用返済買,６ヵ月,特定,2025/04/02,2025/04/04,100,"6,454.9",19,--,"-13,179",--
6857,アドバンテスト,PTS(X),信用返済買,６ヵ月,特定,2025/04/02,2025/04/04,100,"6,454.7",19,--,"-11,569",--
6857,アドバンテスト,PTS(X),信用返済買,６ヵ月,特定,2025/04/02,2025/04/04,200,"6,347.9",38,--,"-5,018",--
6857,アドバンテスト,東証,信用返済買,６ヵ月,特定,2025/04/02,2025/04/04,100,"6,455",19,--,"-13,819",--
6857,アドバンテスト,東証,信用返済買,６ヵ月,特定,2025/04/02,2025/04/04,100,"6,455",19,--,"-13,809",--
6857,アドバンテスト,PTS(O),信用返済買,６ヵ月,特定,2025/04/02,2025/04/04,100,"6,455",19,--,"-14,079",--
4307,野村総合研究所,東証,信用新規売,６ヵ月,特定,2025/04/01,2025/04/03,200,"5,243",--,--,--,--
4307,野村総合研究所,PTS(X),信用新規売,６ヵ月,特定,2025/04/01,2025/04/03,100,"5,243.1",--,--,--,--
6857,アドバンテスト,PTS(X),信用新規売,６ヵ月,特定,2025/04/01,2025/04/03,200,"6,433.5",--,--,--,--
6857,アドバンテスト,PTS(X),信用新規売,６ヵ月,特定,2025/04/01,2025/04/03,100,"6,430.5",--,--,--,--
6857,アドバンテスト,PTS(X),信用新規売,６ヵ月,特定,2025/04/01,2025/04/03,100,"6,433.4",--,--,--,--
6857,アドバンテスト,PTS(X),信用新規売,６ヵ月,特定,2025/04/01,2025/04/03,100,"6,430.4",--,--,--,--
6857,アドバンテスト,PTS(X),信用新規売,６ヵ月,特定,2025/04/01,2025/04/03,100,"6,430.3",--,--,--,--
2354,ＹＥ　ＤＩＧＩＴＡＬ,東証,信用返済売,６ヵ月,特定,2025/04/01,2025/04/03,500,619,40,--,"-12,540",--
4307,野村総合研究所,東証,信用返済売,６ヵ月,特定,2025/04/01,2025/04/03,100,"5,389",33,--,"4,767",--
4307,野村総合研究所,PTS(O),信用返済売,６ヵ月,特定,2025/04/01,2025/04/03,100,"5,389.1",33,--,"4,797",--
4307,野村総合研究所,PTS(X),信用返済売,６ヵ月,特定,2025/04/01,2025/04/03,100,"5,389.1",33,--,"4,787",--
4307,野村総合研究所,PTS(X),信用返済売,６ヵ月,特定,2025/04/01,2025/04/03,100,"5,389.2",33,--,"4,817",--
4307,野村総合研究所,PTS(X),信用返済売,６ヵ月,特定,2025/04/01,2025/04/03,100,"5,375.7",33,--,"3,437",--
4307,野村総合研究所,PTS(X),信用返済売,６ヵ月,特定,2025/04/01,2025/04/03,100,"5,375.6",33,--,"3,427",--
4676,フジ・メディア・ホールディングス,東証,信用返済売,６ヵ月,特定,2025/04/01,2025/04/03,100,"2,702",16,--,754,--
4676,フジ・メディア・ホールディングス,東証,信用返済売,６ヵ月,特定,2025/04/01,2025/04/03,100,"2,702",16,--,744,--
4676,フジ・メディア・ホールディングス,PTS(X),信用返済売,６ヵ月,特定,2025/04/01,2025/04/03,100,"2,702.6",16,--,814,--
4676,フジ・メディア・ホールディングス,東証,信用返済売,６ヵ月,特定,2025/04/01,2025/04/03,400,"2,687.5",67,--,"-3,067",--
4676,フジ・メディア・ホールディングス,東証,信用返済売,６ヵ月,特定,2025/04/01,2025/04/03,100,"2,702",16,--,694,--
6135,牧野フライス製作所,PTS(X),信用返済売,６ヵ月,特定,2025/04/01,2025/04/03,200,"11,639",291,--,"-6,491",--
6135,牧野フライス製作所,PTS(O),信用返済売,６ヵ月,特定,2025/04/01,2025/04/03,100,"11,639",145,--,"-3,245",--
9070,トナミホールディングス,東証,信用返済売,６ヵ月,特定,2025/04/01,2025/04/03,100,"10,220",63,--,-63,--
4307,野村総合研究所,PTS(X),信用新規買,６ヵ月,特定,2025/04/01,2025/04/03,100,"5,340.8",--,--,--,--
4307,野村総合研究所,東証,信用新規買,６ヵ月,特定,2025/04/01,2025/04/03,300,"5,341",--,--,--,--
4307,野村総合研究所,PTS(X),信用新規買,６ヵ月,特定,2025/04/01,2025/04/03,100,"5,340.7",--,--,--,--
4307,野村総合研究所,PTS(X),信用新規買,６ヵ月,特定,2025/04/01,2025/04/03,100,"5,340.9",--,--,--,--
4676,フジ・メディア・ホールディングス,PTS(O),信用新規買,６ヵ月,特定,2025/04/01,2025/04/03,100,"2,694.9",--,--,--,--
4676,フジ・メディア・ホールディングス,PTS(X),信用新規買,６ヵ月,特定,2025/04/01,2025/04/03,200,"2,694.3",--,--,--,--
4676,フジ・メディア・ホールディングス,東証,信用新規買,６ヵ月,特定,2025/04/01,2025/04/03,400,"2,695",--,--,--,--
4676,フジ・メディア・ホールディングス,PTS(O),信用新規買,６ヵ月,特定,2025/04/01,2025/04/03,100,"2,694.4",--,--,--,--
9070,トナミホールディングス,東証,信用新規買,６ヵ月,特定,2025/04/01,2025/04/03,600,"10,220",--,--,--,--
9070,トナミホールディングス,東証,信用新規買,６ヵ月,特定,2025/04/01,2025/04/03,200,"10,220",--,--,--,--
4307,野村総合研究所,PTS(X),信用返済買,６ヵ月,特定,2025/04/01,2025/04/03,100,"5,339.8",15,--,"-9,695",--
4307,野村総合研究所,PTS(X),信用返済買,６ヵ月,特定,2025/04/01,2025/04/03,100,"5,340",15,--,"-9,705",--
4307,野村総合研究所,PTS(O),信用返済買,６ヵ月,特定,2025/04/01,2025/04/03,100,"5,339.8",15,--,"-9,695",--
6857,アドバンテスト,東証,信用返済買,６ヵ月,特定,2025/04/01,2025/04/03,100,"6,283",19,--,"14,721",--
6857,アドバンテスト,東証,信用返済買,６ヵ月,特定,2025/04/01,2025/04/03,100,"6,283",19,--,"14,731",--
6857,アドバンテスト,東証,信用返済買,６ヵ月,特定,2025/04/01,2025/04/03,100,"6,283",19,--,"14,711",--
6857,アドバンテスト,東証,信用返済買,６ヵ月,特定,2025/04/01,2025/04/03,200,"6,283",38,--,"30,062",--
6857,アドバンテスト,東証,信用返済買,６ヵ月,特定,2025/04/01,2025/04/03,100,"6,282",19,--,"15,121",--
6857,アドバンテスト,PTS(O),信用新規売,６ヵ月,特定,2025/03/31,2025/04/02,100,"6,660",--,--,--,--
6857,アドバンテスト,PTS(O),信用新規売,６ヵ月,特定,2025/03/31,2025/04/02,100,"6,660.6",--,--,--,--
6857,アドバンテスト,PTS(J),信用新規売,６ヵ月,特定,2025/03/31,2025/04/02,100,"6,660.1",--,--,--,--
6857,アドバンテスト,PTS(O),信用新規売,６ヵ月,特定,2025/03/31,2025/04/02,100,"6,660.1",--,--,--,--
2354,ＹＥ　ＤＩＧＩＴＡＬ,東証,信用新規買,６ヵ月,特定,2025/03/31,2025/04/02,500,644,--,--,--,--
6135,牧野フライス製作所,東証,信用新規買,６ヵ月,特定,2025/03/31,2025/04/02,300,"11,670",--,--,--,--
8725,ＭＳ＆ＡＤインシュアランスグループホールディングス,PTS(X),信用新規買,６ヵ月,特定,2025/03/31,2025/04/02,100,"3,228.1",--,--,--,--
6857,アドバンテスト,PTS(O),信用返済買,６ヵ月,特定,2025/03/31,2025/04/02,100,"6,483.1",20,--,"17,730",--
6857,アドバンテスト,PTS(X),信用返済買,６ヵ月,特定,2025/03/31,2025/04/02,100,"6,483.1",20,--,"17,670",--
6857,アドバンテスト,PTS(X),信用返済買,６ヵ月,特定,2025/03/31,2025/04/02,100,"6,483.4",20,--,"17,650",--
6857,アドバンテスト,PTS(O),信用返済買,６ヵ月,特定,2025/03/31,2025/04/02,100,"6,483.4",20,--,"17,650",--
4751,サイバーエージェント,東証,信用新規売,６ヵ月,特定,2025/03/28,2025/04/01,200,"1,190",--,--,--,--
4751,サイバーエージェント,PTS(O),信用新規売,６ヵ月,特定,2025/03/28,2025/04/01,100,"1,192.5",--,--,--,--
4751,サイバーエージェント,東証,信用新規売,６ヵ月,特定,2025/03/28,2025/04/01,"1,000","1,215",--,--,--,--
4751,サイバーエージェント,東証,信用新規売,６ヵ月,特定,2025/03/28,2025/04/01,200,"1,191.5",--,--,--,--
4751,サイバーエージェント,東証,信用新規売,６ヵ月,特定,2025/03/28,2025/04/01,100,"1,192.5",--,--,--,--
4751,サイバーエージェント,東証,信用新規売,６ヵ月,特定,2025/03/28,2025/04/01,400,"1,191",--,--,--,--
4751,サイバーエージェント,東証,信用新規売,６ヵ月,特定,2025/03/28,2025/04/01,700,"1,192",--,--,--,--
4751,サイバーエージェント,東証,信用新規売,６ヵ月,特定,2025/03/28,2025/04/01,300,"1,190.5",--,--,--,--
6857,アドバンテスト,東証,信用新規売,６ヵ月,特定,2025/03/28,2025/04/01,100,"7,085",--,--,--,--
6857,アドバンテスト,東証,信用新規売,６ヵ月,特定,2025/03/28,2025/04/01,400,"7,084",--,--,--,--
6857,アドバンテスト,PTS(O),信用新規売,６ヵ月,特定,2025/03/28,2025/04/01,200,"7,087.1",--,--,--,--
6857,アドバンテスト,PTS(X),信用新規売,６ヵ月,特定,2025/03/28,2025/04/01,100,"7,086",--,--,--,--
5243,ｎｏｔｅ,PTS(O),信用返済売,６ヵ月,特定,2025/03/28,2025/04/01,100,"2,112.3",13,--,"-4,473",--
6315,ＴＯＷＡ,PTS(O),信用返済売,６ヵ月,特定,2025/03/28,2025/04/01,100,"1,627.7",78,--,"-5,108",--
6315,ＴＯＷＡ,PTS(O),信用返済売,６ヵ月,特定,2025/03/28,2025/04/01,100,"1,627.9",78,--,"-5,088",--
6315,ＴＯＷＡ,PTS(X),信用返済売,６ヵ月,特定,2025/03/28,2025/04/01,100,"1,627.9",78,--,"-5,008",--
6315,ＴＯＷＡ,東証,信用返済売,６ヵ月,特定,2025/03/28,2025/04/01,100,"1,627",78,--,"-5,138",--
6315,ＴＯＷＡ,東証,信用返済売,６ヵ月,特定,2025/03/28,2025/04/01,100,"1,625",78,--,"-5,478",--
6315,ＴＯＷＡ,東証,信用返済売,６ヵ月,特定,2025/03/28,2025/04/01,100,"1,627",78,--,"-5,108",--
6315,ＴＯＷＡ,東証,信用返済売,６ヵ月,特定,2025/03/28,2025/04/01,100,"1,626",78,--,"-5,248",--
6315,ＴＯＷＡ,東証,信用返済売,６ヵ月,特定,2025/03/28,2025/04/01,600,"1,627",470,--,"-31,070",--
6315,ＴＯＷＡ,東証,信用返済売,６ヵ月,特定,2025/03/28,2025/04/01,900,"1,626",705,--,"-48,405",--
6315,ＴＯＷＡ,東証,信用返済売,６ヵ月,特定,2025/03/28,2025/04/01,100,"1,627",78,--,"-5,158",--
6315,ＴＯＷＡ,東証,信用返済売,６ヵ月,特定,2025/03/28,2025/04/01,100,"1,626",78,--,"-5,208",--
6315,ＴＯＷＡ,PTS(X),信用返済売,６ヵ月,特定,2025/03/28,2025/04/01,100,"1,627.7",78,--,"-5,108",--
6857,アドバンテスト,東証,信用返済売,６ヵ月,特定,2025/03/28,2025/04/01,300,"7,008",131,--,-731,--
6857,アドバンテスト,東証,信用返済売,６ヵ月,特定,2025/03/28,2025/04/01,500,"7,008",218,--,"-1,718",--
7732,トプコン,PTS(X),信用返済売,６ヵ月,特定,2025/03/28,2025/04/01,100,"3,109.4",70,--,-830,--
7732,トプコン,PTS(X),信用返済売,６ヵ月,特定,2025/03/28,2025/04/01,100,"3,109.3",70,--,"-1,240",--
7732,トプコン,PTS(O),信用返済売,６ヵ月,特定,2025/03/28,2025/04/01,100,"3,109.5",70,--,-810,--
7732,トプコン,東証,信用返済売,６ヵ月,特定,2025/03/28,2025/04/01,200,"3,109",141,--,"-3,341",--
7732,トプコン,PTS(X),信用返済売,６ヵ月,特定,2025/03/28,2025/04/01,100,"3,109.1",70,--,"-1,760",--
7732,トプコン,PTS(X),信用返済売,６ヵ月,特定,2025/03/28,2025/04/01,100,"3,109.2",70,--,"-1,250",--
5243,ｎｏｔｅ,PTS(X),信用新規買,６ヵ月,特定,2025/03/28,2025/04/01,100,"2,156.9",--,--,--,--
6857,アドバンテスト,東証,信用新規買,６ヵ月,特定,2025/03/28,2025/04/01,300,"7,010",--,--,--,--
6857,アドバンテスト,東証,信用新規買,６ヵ月,特定,2025/03/28,2025/04/01,500,"7,011",--,--,--,--
4751,サイバーエージェント,東証,信用返済買,６ヵ月,特定,2025/03/28,2025/04/01,200,"1,212",7,--,"-4,107",--
4751,サイバーエージェント,東証,信用返済買,６ヵ月,特定,2025/03/28,2025/04/01,100,"1,212",3,--,"-1,953",--
4751,サイバーエージェント,PTS(X),信用返済買,６ヵ月,特定,2025/03/28,2025/04/01,100,"1,211.5",3,--,347,--
4751,サイバーエージェント,PTS(O),信用返済買,６ヵ月,特定,2025/03/28,2025/04/01,100,"1,211.4",3,--,357,--
4751,サイバーエージェント,東証,信用返済買,６ヵ月,特定,2025/03/28,2025/04/01,100,"1,212",3,--,"-1,953",--
4751,サイバーエージェント,東証,信用返済買,６ヵ月,特定,2025/03/28,2025/04/01,700,"1,212",25,--,"-14,025",--
4751,サイバーエージェント,東証,信用返済買,６ヵ月,特定,2025/03/28,2025/04/01,400,"1,212",14,--,"-8,414",--
4751,サイバーエージェント,東証,信用返済買,６ヵ月,特定,2025/03/28,2025/04/01,200,"1,212",7,--,"-4,407",--
4751,サイバーエージェント,東証,信用返済買,６ヵ月,特定,2025/03/28,2025/04/01,300,"1,212",10,--,"-6,460",--
4751,サイバーエージェント,東証,信用返済買,６ヵ月,特定,2025/03/28,2025/04/01,500,"1,212",18,--,"1,482",--
4751,サイバーエージェント,東証,信用返済買,６ヵ月,特定,2025/03/28,2025/04/01,300,"1,211.5",10,--,"1,040",--
6857,アドバンテスト,東証,信用返済買,６ヵ月,特定,2025/03/28,2025/04/01,100,"7,009",21,--,"7,789",--
6857,アドバンテスト,東証,信用返済買,６ヵ月,特定,2025/03/28,2025/04/01,100,"7,009",21,--,"7,679",--
6857,アドバンテスト,東証,信用返済買,６ヵ月,特定,2025/03/28,2025/04/01,100,"7,009",21,--,"7,579",--
6857,アドバンテスト,東証,信用返済買,６ヵ月,特定,2025/03/28,2025/04/01,400,"7,010",85,--,"29,515",--
6857,アドバンテスト,PTS(O),信用返済買,６ヵ月,特定,2025/03/28,2025/04/01,100,"7,008.9",21,--,"7,799",--
6857,アドバンテスト,東証,信用返済売,６ヵ月,特定,2025/03/27,2025/03/31,100,"7,415",56,--,344,--
6857,アドバンテスト,PTS(X),信用返済売,６ヵ月,特定,2025/03/27,2025/03/31,100,"7,415.3",56,--,384,--
6857,アドバンテスト,PTS(X),信用返済売,６ヵ月,特定,2025/03/27,2025/03/31,100,"7,415.5",56,--,404,--
8337,千葉興業銀行,東証,信用返済売,６ヵ月,特定,2025/03/27,2025/03/31,300,"1,540",36,--,"-12,936",--
8337,千葉興業銀行,東証,信用返済売,６ヵ月,特定,2025/03/27,2025/03/31,800,"1,490",97,--,"-73,697",--
8337,千葉興業銀行,東証,信用返済売,６ヵ月,特定,2025/03/27,2025/03/31,200,"1,541",24,--,"-8,324",--
8337,千葉興業銀行,東証,信用返済売,６ヵ月,特定,2025/03/27,2025/03/31,200,"1,575",23,--,"7,377",--
8337,千葉興業銀行,東証,信用返済売,６ヵ月,特定,2025/03/27,2025/03/31,100,"1,493",11,--,"-6,011",--
8337,千葉興業銀行,東証,信用返済売,６ヵ月,特定,2025/03/27,2025/03/31,100,"1,494",11,--,"-5,911",--
8337,千葉興業銀行,東証,信用返済売,６ヵ月,特定,2025/03/27,2025/03/31,100,"1,491",12,--,"-9,012",--
8337,千葉興業銀行,東証,信用返済売,６ヵ月,特定,2025/03/27,2025/03/31,500,"1,574",58,--,"17,942",--
8337,千葉興業銀行,PTS(X),信用返済売,６ヵ月,特定,2025/03/27,2025/03/31,100,"1,575.2",11,--,"3,909",--
8337,千葉興業銀行,PTS(X),信用返済売,６ヵ月,特定,2025/03/27,2025/03/31,100,"1,575.6",11,--,"4,109",--
8337,千葉興業銀行,PTS(O),信用返済売,６ヵ月,特定,2025/03/27,2025/03/31,200,"1,566.3",23,--,"6,337",--
8337,千葉興業銀行,PTS(O),信用返済売,６ヵ月,特定,2025/03/27,2025/03/31,100,"1,494.8",11,--,"-5,731",--
8337,千葉興業銀行,PTS(X),信用返済売,６ヵ月,特定,2025/03/27,2025/03/31,100,"1,541.4",12,--,"-4,092",--
8337,千葉興業銀行,PTS(O),信用返済売,６ヵ月,特定,2025/03/27,2025/03/31,100,"1,494.9",11,--,"-5,721",--
8337,千葉興業銀行,PTS(X),信用返済売,６ヵ月,特定,2025/03/27,2025/03/31,100,"1,575.4",11,--,"3,929",--
8337,千葉興業銀行,PTS(O),信用返済売,６ヵ月,特定,2025/03/27,2025/03/31,200,"1,566.4",23,--,"6,557",--
8337,千葉興業銀行,PTS(X),信用返済売,６ヵ月,特定,2025/03/27,2025/03/31,100,"1,494",11,--,"-5,811",--
8337,千葉興業銀行,PTS(X),信用返済売,６ヵ月,特定,2025/03/27,2025/03/31,100,"1,575.3",11,--,"3,919",--
8337,千葉興業銀行,PTS(O),信用返済売,６ヵ月,特定,2025/03/27,2025/03/31,100,"1,494.8",11,--,"-5,731",--
8337,千葉興業銀行,PTS(X),信用返済売,６ヵ月,特定,2025/03/27,2025/03/31,100,"1,541.5",12,--,"-4,062",--
8337,千葉興業銀行,PTS(O),信用返済売,６ヵ月,特定,2025/03/27,2025/03/31,100,"1,575",11,--,"3,999",--
8337,千葉興業銀行,PTS(O),信用返済売,６ヵ月,特定,2025/03/27,2025/03/31,100,"1,541.6",12,--,"-4,072",--
8337,千葉興業銀行,PTS(X),信用返済売,６ヵ月,特定,2025/03/27,2025/03/31,100,"1,541.4",12,--,"-4,102",--
8337,千葉興業銀行,PTS(X),信用返済売,６ヵ月,特定,2025/03/27,2025/03/31,100,"1,575.5",11,--,"4,039",--
8337,千葉興業銀行,東証,信用返済売,６ヵ月,特定,2025/03/27,2025/03/31,100,"1,491",12,--,"-9,012",--
8337,千葉興業銀行,東証,信用返済売,６ヵ月,特定,2025/03/27,2025/03/31,100,"1,540",12,--,"-4,412",--
8337,千葉興業銀行,東証,信用返済売,６ヵ月,特定,2025/03/27,2025/03/31,400,"1,540",48,--,"-17,648",--
8337,千葉興業銀行,東証,信用返済売,６ヵ月,特定,2025/03/27,2025/03/31,200,"1,492",23,--,"-12,423",--
8337,千葉興業銀行,東証,信用返済売,６ヵ月,特定,2025/03/27,2025/03/31,100,"1,493",11,--,"-6,111",--
8337,千葉興業銀行,東証,信用返済売,６ヵ月,特定,2025/03/27,2025/03/31,100,"1,494",11,--,"-5,811",--
8337,千葉興業銀行,東証,信用返済売,６ヵ月,特定,2025/03/27,2025/03/31,300,"1,575",35,--,"11,365",--
8337,千葉興業銀行,東証,信用返済売,６ヵ月,特定,2025/03/27,2025/03/31,200,"1,541",24,--,"-8,304",--
8359,八十二銀行,東証,信用返済売,６ヵ月,特定,2025/03/27,2025/03/31,100,"1,100",8,--,"-5,898",--
8359,八十二銀行,東証,信用返済売,６ヵ月,特定,2025/03/27,2025/03/31,500,"1,100",44,--,"-29,544",--
8359,八十二銀行,東証,信用返済売,６ヵ月,特定,2025/03/27,2025/03/31,400,"1,100",35,--,"-24,035",--
8359,八十二銀行,東証,信用返済売,６ヵ月,特定,2025/03/27,2025/03/31,800,"1,100",71,--,"-47,671",--
8359,八十二銀行,東証,信用返済売,６ヵ月,特定,2025/03/27,2025/03/31,100,"1,100",8,--,"-5,888",--
8359,八十二銀行,東証,信用返済売,６ヵ月,特定,2025/03/27,2025/03/31,100,"1,100",8,--,"-5,888",--
8360,山梨中央銀行,東証,信用返済売,６ヵ月,特定,2025/03/27,2025/03/31,100,"2,433",19,--,"-7,619",--
8360,山梨中央銀行,東証,信用返済売,６ヵ月,特定,2025/03/27,2025/03/31,100,"2,433",19,--,"-7,599",--
8360,山梨中央銀行,東証,信用返済売,６ヵ月,特定,2025/03/27,2025/03/31,100,"2,433",19,--,"-13,219",--
8360,山梨中央銀行,東証,信用返済売,６ヵ月,特定,2025/03/27,2025/03/31,100,"2,433",19,--,"-7,619",--
8360,山梨中央銀行,東証,信用返済売,６ヵ月,特定,2025/03/27,2025/03/31,100,"2,433",19,--,"-7,569",--
8360,山梨中央銀行,東証,信用返済売,６ヵ月,特定,2025/03/27,2025/03/31,200,"2,433",38,--,"-15,698",--
8360,山梨中央銀行,東証,信用返済売,６ヵ月,特定,2025/03/27,2025/03/31,100,"2,433",19,--,"-12,949",--
8360,山梨中央銀行,東証,信用返済売,６ヵ月,特定,2025/03/27,2025/03/31,100,"2,433",19,--,"-13,319",--
8360,山梨中央銀行,東証,信用返済売,６ヵ月,特定,2025/03/27,2025/03/31,100,"2,433",19,--,"-7,579",--
8377,ほくほくフィナンシャルグループ,東証,信用返済売,６ヵ月,特定,2025/03/27,2025/03/31,100,"2,662.5",20,--,"-1,460",--
8377,ほくほくフィナンシャルグループ,東証,信用返済売,６ヵ月,特定,2025/03/27,2025/03/31,100,"2,662",20,--,"-1,520",--
8377,ほくほくフィナンシャルグループ,東証,信用返済売,６ヵ月,特定,2025/03/27,2025/03/31,100,"2,661",20,--,"-1,870",--
8377,ほくほくフィナンシャルグループ,東証,信用返済売,６ヵ月,特定,2025/03/27,2025/03/31,200,"2,661.5",41,--,"-3,641",--
8377,ほくほくフィナンシャルグループ,東証,信用返済売,６ヵ月,特定,2025/03/27,2025/03/31,200,"2,661.5",41,--,"-3,441",--
8377,ほくほくフィナンシャルグループ,東証,信用返済売,６ヵ月,特定,2025/03/27,2025/03/31,100,"2,663",20,--,"-1,400",--
8377,ほくほくフィナンシャルグループ,東証,信用返済売,６ヵ月,特定,2025/03/27,2025/03/31,200,"2,661.5",41,--,"-3,541",--
9509,北海道電力,東証,信用返済売,６ヵ月,特定,2025/03/27,2025/03/31,100,821,51,--,"-2,661",--
9509,北海道電力,東証,信用返済売,６ヵ月,特定,2025/03/27,2025/03/31,100,821,51,--,"-2,651",--
9509,北海道電力,東証,信用返済売,６ヵ月,特定,2025/03/27,2025/03/31,100,821,51,--,"-2,681",--
9509,北海道電力,東証,信用返済売,６ヵ月,特定,2025/03/27,2025/03/31,100,821,51,--,"-2,651",--
9509,北海道電力,東証,信用返済売,６ヵ月,特定,2025/03/27,2025/03/31,200,820.6,104,--,"-5,524",--
9509,北海道電力,東証,信用返済売,６ヵ月,特定,2025/03/27,2025/03/31,100,820.7,52,--,"-2,732",--
9509,北海道電力,東証,信用返済売,６ヵ月,特定,2025/03/27,2025/03/31,900,820.9,468,--,"-24,498",--
9509,北海道電力,東証,信用返済売,６ヵ月,特定,2025/03/27,2025/03/31,200,821,103,--,"-5,343",--
9509,北海道電力,東証,信用返済売,６ヵ月,特定,2025/03/27,2025/03/31,800,820.7,416,--,"-22,016",--
9509,北海道電力,東証,信用返済売,６ヵ月,特定,2025/03/27,2025/03/31,100,821,51,--,"-2,681",--
9509,北海道電力,東証,信用返済売,６ヵ月,特定,2025/03/27,2025/03/31,200,829.4,104,--,"-3,704",--
9509,北海道電力,PTS(J),信用返済売,６ヵ月,特定,2025/03/27,2025/03/31,100,821.1,6,--,-966,--
9509,北海道電力,東証,信用返済売,６ヵ月,特定,2025/03/27,2025/03/31,100,821,52,--,"-2,712",--
9509,北海道電力,東証,信用返済売,６ヵ月,特定,2025/03/27,2025/03/31,"1,000",820.8,520,--,"-27,220",--
9509,北海道電力,東証,信用返済売,６ヵ月,特定,2025/03/27,2025/03/31,100,821,51,--,"-2,671",--
9509,北海道電力,東証,信用返済売,６ヵ月,特定,2025/03/27,2025/03/31,200,821.1,12,--,"-1,972",--
9509,北海道電力,東証,信用返済売,６ヵ月,特定,2025/03/27,2025/03/31,100,821.1,6,--,-976,--
9509,北海道電力,PTS(O),信用返済売,６ヵ月,特定,2025/03/27,2025/03/31,200,829.7,103,--,"-3,623",--
9509,北海道電力,PTS(X),信用返済売,６ヵ月,特定,2025/03/27,2025/03/31,100,829.6,52,--,"-1,832",--
9509,北海道電力,PTS(O),信用返済売,６ヵ月,特定,2025/03/27,2025/03/31,100,829.5,52,--,"-1,842",--
9509,北海道電力,PTS(O),信用返済売,６ヵ月,特定,2025/03/27,2025/03/31,100,829.6,52,--,"-1,832",--
9509,北海道電力,PTS(X),信用返済売,６ヵ月,特定,2025/03/27,2025/03/31,200,829.7,104,--,"-3,624",--
9509,北海道電力,PTS(O),信用返済売,６ヵ月,特定,2025/03/27,2025/03/31,100,829.4,52,--,"-1,852",--
9509,北海道電力,PTS(O),信用返済売,６ヵ月,特定,2025/03/27,2025/03/31,100,821.2,6,--,-916,--
9509,北海道電力,PTS(X),信用返済売,６ヵ月,特定,2025/03/27,2025/03/31,100,821.2,6,--,-956,--
9509,北海道電力,PTS(X),信用返済売,６ヵ月,特定,2025/03/27,2025/03/31,100,821.3,6,--,-946,--
9509,北海道電力,PTS(X),信用返済売,６ヵ月,特定,2025/03/27,2025/03/31,100,821.1,6,--,-976,--
9509,北海道電力,東証,信用返済売,６ヵ月,特定,2025/03/27,2025/03/31,100,821,51,--,"-2,661",--
6315,ＴＯＷＡ,東証,信用新規買,６ヵ月,特定,2025/03/27,2025/03/31,"1,000","1,679",--,--,--,--
6315,ＴＯＷＡ,東証,信用新規買,６ヵ月,特定,2025/03/27,2025/03/31,900,"1,678",--,--,--,--
6315,ＴＯＷＡ,PTS(X),信用新規買,６ヵ月,特定,2025/03/27,2025/03/31,100,"1,677.3",--,--,--,--
6315,ＴＯＷＡ,PTS(X),信用新規買,６ヵ月,特定,2025/03/27,2025/03/31,100,"1,677.6",--,--,--,--
6315,ＴＯＷＡ,PTS(X),信用新規買,６ヵ月,特定,2025/03/27,2025/03/31,100,"1,677.7",--,--,--,--
6315,ＴＯＷＡ,PTS(X),信用新規買,６ヵ月,特定,2025/03/27,2025/03/31,100,"1,677.8",--,--,--,--
6315,ＴＯＷＡ,PTS(X),信用新規買,６ヵ月,特定,2025/03/27,2025/03/31,100,"1,677.2",--,--,--,--
6315,ＴＯＷＡ,PTS(O),信用新規買,６ヵ月,特定,2025/03/27,2025/03/31,100,"1,677.3",--,--,--,--
6857,アドバンテスト,PTS(O),信用新規買,６ヵ月,特定,2025/03/27,2025/03/31,100,"7,411",--,--,--,--
6857,アドバンテスト,PTS(O),信用新規買,６ヵ月,特定,2025/03/27,2025/03/31,200,"7,410.9",--,--,--,--
7732,トプコン,東証,信用新規買,６ヵ月,特定,2025/03/27,2025/03/31,100,"3,121",--,--,--,--
7732,トプコン,東証,信用新規買,６ヵ月,特定,2025/03/27,2025/03/31,200,"3,125",--,--,--,--
7732,トプコン,東証,信用新規買,６ヵ月,特定,2025/03/27,2025/03/31,100,"3,126",--,--,--,--
7732,トプコン,PTS(X),信用新規買,６ヵ月,特定,2025/03/27,2025/03/31,100,"3,117",--,--,--,--
7732,トプコン,PTS(O),信用新規買,６ヵ月,特定,2025/03/27,2025/03/31,100,"3,116.9",--,--,--,--
7732,トプコン,PTS(O),信用新規買,６ヵ月,特定,2025/03/27,2025/03/31,100,"3,121",--,--,--,--
8337,千葉興業銀行,東証,信用新規買,６ヵ月,特定,2025/03/27,2025/03/31,300,"1,583",--,--,--,--
8337,千葉興業銀行,東証,信用新規買,６ヵ月,特定,2025/03/27,2025/03/31,700,"1,538",--,--,--,--
8337,千葉興業銀行,東証,信用新規買,６ヵ月,特定,2025/03/27,2025/03/31,300,"1,536",--,--,--,--
8337,千葉興業銀行,東証,信用新規買,６ヵ月,特定,2025/03/27,2025/03/31,200,"1,553",--,--,--,--
8337,千葉興業銀行,PTS(X),信用新規買,６ヵ月,特定,2025/03/27,2025/03/31,100,"1,581",--,--,--,--
8337,千葉興業銀行,PTS(X),信用新規買,６ヵ月,特定,2025/03/27,2025/03/31,100,"1,534.9",--,--,--,--
8337,千葉興業銀行,PTS(O),信用新規買,６ヵ月,特定,2025/03/27,2025/03/31,200,"1,582.5",--,--,--,--
8337,千葉興業銀行,PTS(X),信用新規買,６ヵ月,特定,2025/03/27,2025/03/31,100,"1,582.3",--,--,--,--
8337,千葉興業銀行,PTS(O),信用新規買,６ヵ月,特定,2025/03/27,2025/03/31,100,"1,552",--,--,--,--
8337,千葉興業銀行,PTS(O),信用新規買,６ヵ月,特定,2025/03/27,2025/03/31,100,"1,534.4",--,--,--,--
8337,千葉興業銀行,PTS(O),信用新規買,６ヵ月,特定,2025/03/27,2025/03/31,200,"1,533.5",--,--,--,--
8337,千葉興業銀行,PTS(X),信用新規買,６ヵ月,特定,2025/03/27,2025/03/31,100,"1,582.2",--,--,--,--
8337,千葉興業銀行,PTS(X),信用新規買,６ヵ月,特定,2025/03/27,2025/03/31,200,"1,534.5",--,--,--,--
8337,千葉興業銀行,東証,信用新規買,６ヵ月,特定,2025/03/27,2025/03/31,100,"1,535",--,--,--,--
8337,千葉興業銀行,東証,信用新規買,６ヵ月,特定,2025/03/27,2025/03/31,300,"1,537",--,--,--,--
8337,千葉興業銀行,東証,信用新規買,６ヵ月,特定,2025/03/27,2025/03/31,400,"1,584",--,--,--,--
8337,千葉興業銀行,東証,信用新規買,６ヵ月,特定,2025/03/27,2025/03/31,800,"1,582",--,--,--,--
8337,千葉興業銀行,東証,信用新規買,６ヵ月,特定,2025/03/27,2025/03/31,300,"1,554",--,--,--,--
8337,千葉興業銀行,東証,信用新規買,６ヵ月,特定,2025/03/27,2025/03/31,100,"1,584",--,--,--,--
8337,千葉興業銀行,東証,信用新規買,６ヵ月,特定,2025/03/27,2025/03/31,300,"1,552",--,--,--,--
8337,千葉興業銀行,東証,信用新規買,６ヵ月,特定,2025/03/27,2025/03/31,100,"1,581",--,--,--,--
8337,千葉興業銀行,PTS(X),信用新規買,６ヵ月,特定,2025/03/27,2025/03/31,100,"1,552",--,--,--,--
8337,千葉興業銀行,PTS(X),信用新規買,６ヵ月,特定,2025/03/27,2025/03/31,200,"1,582.4",--,--,--,--
8337,千葉興業銀行,PTS(O),信用新規買,６ヵ月,特定,2025/03/27,2025/03/31,100,"1,582.2",--,--,--,--
8337,千葉興業銀行,PTS(O),信用新規買,６ヵ月,特定,2025/03/27,2025/03/31,100,"1,582",--,--,--,--
8359,八十二銀行,PTS(X),信用新規買,６ヵ月,特定,2025/03/27,2025/03/31,100,"1,158.9",--,--,--,--
8359,八十二銀行,PTS(O),信用新規買,６ヵ月,特定,2025/03/27,2025/03/31,100,"1,158.8",--,--,--,--
8359,八十二銀行,PTS(X),信用新規買,６ヵ月,特定,2025/03/27,2025/03/31,100,"1,158.8",--,--,--,--
8359,八十二銀行,東証,信用新規買,６ヵ月,特定,2025/03/27,2025/03/31,400,"1,160",--,--,--,--
8359,八十二銀行,東証,信用新規買,６ヵ月,特定,2025/03/27,2025/03/31,800,"1,159.5",--,--,--,--
8359,八十二銀行,東証,信用新規買,６ヵ月,特定,2025/03/27,2025/03/31,500,"1,159",--,--,--,--
8360,山梨中央銀行,PTS(X),信用新規買,６ヵ月,特定,2025/03/27,2025/03/31,100,"2,508.8",--,--,--,--
8360,山梨中央銀行,PTS(X),信用新規買,６ヵ月,特定,2025/03/27,2025/03/31,100,"2,509",--,--,--,--
8360,山梨中央銀行,PTS(J),信用新規買,６ヵ月,特定,2025/03/27,2025/03/31,100,"2,562.3",--,--,--,--
8360,山梨中央銀行,東証,信用新規買,６ヵ月,特定,2025/03/27,2025/03/31,100,"2,509",--,--,--,--
8360,山梨中央銀行,東証,信用新規買,６ヵ月,特定,2025/03/27,2025/03/31,100,"2,566",--,--,--,--
8360,山梨中央銀行,東証,信用新規買,６ヵ月,特定,2025/03/27,2025/03/31,100,"2,565",--,--,--,--
8360,山梨中央銀行,PTS(X),信用新規買,６ヵ月,特定,2025/03/27,2025/03/31,100,"2,508.6",--,--,--,--
8360,山梨中央銀行,PTS(O),信用新規買,６ヵ月,特定,2025/03/27,2025/03/31,100,"2,508.5",--,--,--,--
8360,山梨中央銀行,PTS(O),信用新規買,６ヵ月,特定,2025/03/27,2025/03/31,200,"2,511.3",--,--,--,--
8377,ほくほくフィナンシャルグループ,東証,信用新規買,６ヵ月,特定,2025/03/27,2025/03/31,200,"2,678.5",--,--,--,--
8377,ほくほくフィナンシャルグループ,東証,信用新規買,６ヵ月,特定,2025/03/27,2025/03/31,300,"2,679.5",--,--,--,--
8377,ほくほくフィナンシャルグループ,東証,信用新規買,６ヵ月,特定,2025/03/27,2025/03/31,200,"2,679",--,--,--,--
8377,ほくほくフィナンシャルグループ,東証,信用新規買,６ヵ月,特定,2025/03/27,2025/03/31,100,"2,677",--,--,--,--
8377,ほくほくフィナンシャルグループ,PTS(X),信用新規買,６ヵ月,特定,2025/03/27,2025/03/31,100,"2,676.8",--,--,--,--
8377,ほくほくフィナンシャルグループ,PTS(X),信用新規買,６ヵ月,特定,2025/03/27,2025/03/31,100,"2,676.9",--,--,--,--
9509,北海道電力,PTS(X),信用新規買,６ヵ月,特定,2025/03/27,2025/03/31,200,830.8,--,--,--,--
9509,北海道電力,PTS(X),信用新規買,６ヵ月,特定,2025/03/27,2025/03/31,200,830.9,--,--,--,--
9509,北海道電力,PTS(X),信用新規買,６ヵ月,特定,2025/03/27,2025/03/31,100,830.7,--,--,--,--
9509,北海道電力,PTS(O),信用新規買,６ヵ月,特定,2025/03/27,2025/03/31,200,830.7,--,--,--,--
9509,北海道電力,PTS(X),信用新規買,６ヵ月,特定,2025/03/27,2025/03/31,100,830.3,--,--,--,--
5803,フジクラ,東証,信用新規売,６ヵ月,特定,2025/03/26,2025/03/28,300,"6,368",--,--,--,--
5803,フジクラ,東証,信用新規売,６ヵ月,特定,2025/03/26,2025/03/28,200,"6,367",--,--,--,--
6857,アドバンテスト,PTS(X),信用新規売,６ヵ月,特定,2025/03/26,2025/03/28,100,"7,737.2",--,--,--,--
6857,アドバンテスト,PTS(X),信用新規売,６ヵ月,特定,2025/03/26,2025/03/28,100,"7,737.1",--,--,--,--
6857,アドバンテスト,PTS(O),信用新規売,６ヵ月,特定,2025/03/26,2025/03/28,100,"7,738",--,--,--,--
6857,アドバンテスト,PTS(O),信用新規売,６ヵ月,特定,2025/03/26,2025/03/28,100,"7,737.2",--,--,--,--
6857,アドバンテスト,東証,信用新規売,６ヵ月,特定,2025/03/26,2025/03/28,200,"7,738",--,--,--,--
6857,アドバンテスト,東証,信用返済売,６ヵ月,特定,2025/03/26,2025/03/28,100,"7,781",59,--,"-1,659",--
6857,アドバンテスト,PTS(O),信用返済売,６ヵ月,特定,2025/03/26,2025/03/28,100,"7,790.1",59,--,851,--
6857,アドバンテスト,東証,信用返済売,６ヵ月,特定,2025/03/26,2025/03/28,300,"7,781",179,--,"-1,679",--
6857,アドバンテスト,東証,信用返済売,６ヵ月,特定,2025/03/26,2025/03/28,600,"7,781",358,--,-358,--
6857,アドバンテスト,東証,信用返済売,６ヵ月,特定,2025/03/26,2025/03/28,300,"7,781",179,--,-479,--
6857,アドバンテスト,東証,信用新規買,６ヵ月,特定,2025/03/26,2025/03/28,700,"7,781",--,--,--,--
6857,アドバンテスト,東証,信用新規買,６ヵ月,特定,2025/03/26,2025/03/28,300,"7,786",--,--,--,--
6857,アドバンテスト,東証,信用新規買,６ヵ月,特定,2025/03/26,2025/03/28,300,"7,782",--,--,--,--
6857,アドバンテスト,東証,信用新規買,６ヵ月,特定,2025/03/26,2025/03/28,100,"7,797",--,--,--,--
5803,フジクラ,PTS(X),信用返済買,６ヵ月,特定,2025/03/26,2025/03/28,100,"6,280.7",19,--,"8,711",--
5803,フジクラ,PTS(O),信用返済買,６ヵ月,特定,2025/03/26,2025/03/28,200,"6,280.9",38,--,"17,182",--
5803,フジクラ,PTS(X),信用返済買,６ヵ月,特定,2025/03/26,2025/03/28,100,"6,280.8",19,--,"8,701",--
5803,フジクラ,PTS(O),信用返済買,６ヵ月,特定,2025/03/26,2025/03/28,100,"6,280.7",19,--,"8,711",--
6857,アドバンテスト,東証,信用返済買,６ヵ月,特定,2025/03/26,2025/03/28,100,"7,780",23,--,"-4,223",--
6857,アドバンテスト,東証,信用返済買,６ヵ月,特定,2025/03/26,2025/03/28,100,"7,780",23,--,"-4,303",--
6857,アドバンテスト,東証,信用返済買,６ヵ月,特定,2025/03/26,2025/03/28,200,"7,780",46,--,"-8,446",--
6857,アドバンテスト,東証,信用返済買,６ヵ月,特定,2025/03/26,2025/03/28,100,"7,780",23,--,"-4,313",--
6857,アドバンテスト,東証,信用返済買,６ヵ月,特定,2025/03/26,2025/03/28,100,"7,780",23,--,"-4,303",--
5803,フジクラ,東証,信用新規売,６ヵ月,特定,2025/03/25,2025/03/27,300,"6,331",--,--,--,--
5803,フジクラ,東証,信用新規売,６ヵ月,特定,2025/03/25,2025/03/27,100,"6,329",--,--,--,--
5803,フジクラ,PTS(O),信用新規売,６ヵ月,特定,2025/03/25,2025/03/27,100,"6,330.2",--,--,--,--
5803,フジクラ,東証,信用新規売,６ヵ月,特定,2025/03/25,2025/03/27,100,"6,329",--,--,--,--
6857,アドバンテスト,東証,信用新規売,６ヵ月,特定,2025/03/25,2025/03/27,100,"8,001",--,--,--,--
6857,アドバンテスト,東証,信用新規売,６ヵ月,特定,2025/03/25,2025/03/27,900,"8,002",--,--,--,--
6857,アドバンテスト,東証,信用新規売,６ヵ月,特定,2025/03/25,2025/03/27,100,"7,949",--,--,--,--
6857,アドバンテスト,東証,信用新規売,６ヵ月,特定,2025/03/25,2025/03/27,100,"7,949",--,--,--,--
6857,アドバンテスト,東証,信用新規売,６ヵ月,特定,2025/03/25,2025/03/27,100,"7,948",--,--,--,--
6857,アドバンテスト,PTS(O),信用新規売,６ヵ月,特定,2025/03/25,2025/03/27,100,"7,948.4",--,--,--,--
6857,アドバンテスト,PTS(O),信用新規売,６ヵ月,特定,2025/03/25,2025/03/27,100,"7,948.1",--,--,--,--
8035,東京エレクトロン,PTS(O),信用新規売,６ヵ月,特定,2025/03/25,2025/03/27,200,"22,665.8",--,--,--,--
8035,東京エレクトロン,PTS(X),信用新規売,６ヵ月,特定,2025/03/25,2025/03/27,100,"22,665.7",--,--,--,--
3659,ネクソン,東証,信用返済売,６ヵ月,特定,2025/03/25,2025/03/27,100,"2,236",17,--,"-2,357",--
3659,ネクソン,東証,信用返済売,６ヵ月,特定,2025/03/25,2025/03/27,100,"2,236",17,--,"-2,387",--
3659,ネクソン,東証,信用返済売,６ヵ月,特定,2025/03/25,2025/03/27,100,"2,236",17,--,"-2,357",--
3659,ネクソン,東証,信用返済売,６ヵ月,特定,2025/03/25,2025/03/27,400,"2,236",69,--,"-9,669",--
3659,ネクソン,東証,信用返済売,６ヵ月,特定,2025/03/25,2025/03/27,100,"2,236",17,--,"-2,377",--
3659,ネクソン,東証,信用返済売,６ヵ月,特定,2025/03/25,2025/03/27,100,"2,236",17,--,"-2,417",--
3659,ネクソン,東証,信用返済売,６ヵ月,特定,2025/03/25,2025/03/27,100,"2,236",17,--,"-2,387",--
4676,フジ・メディア・ホールディングス,PTS(O),信用返済売,６ヵ月,特定,2025/03/25,2025/03/27,200,"2,342.4",36,--,"-1,956",--
4676,フジ・メディア・ホールディングス,PTS(X),信用返済売,６ヵ月,特定,2025/03/25,2025/03/27,100,"2,342.4",18,--,-978,--
4676,フジ・メディア・ホールディングス,PTS(X),信用返済売,６ヵ月,特定,2025/03/25,2025/03/27,100,"2,342.3",18,--,-988,--
4676,フジ・メディア・ホールディングス,PTS(O),信用返済売,６ヵ月,特定,2025/03/25,2025/03/27,100,"2,342.3",18,--,-988,--
4676,フジ・メディア・ホールディングス,PTS(X),信用返済売,６ヵ月,特定,2025/03/25,2025/03/27,100,"2,341.6",18,--,"-1,058",--
4676,フジ・メディア・ホールディングス,PTS(X),信用返済売,６ヵ月,特定,2025/03/25,2025/03/27,100,"2,341.7",18,--,"-1,048",--
4676,フジ・メディア・ホールディングス,東証,信用返済売,６ヵ月,特定,2025/03/25,2025/03/27,800,"2,341.5",144,--,"-8,544",--
6254,野村マイクロ・サイエンス,東証,信用返済売,６ヵ月,特定,2025/03/25,2025/03/27,100,"2,816",21,--,"-1,921",--
6254,野村マイクロ・サイエンス,PTS(X),信用返済売,６ヵ月,特定,2025/03/25,2025/03/27,100,"2,816",21,--,"-1,821",--
6254,野村マイクロ・サイエンス,PTS(O),信用返済売,６ヵ月,特定,2025/03/25,2025/03/27,300,"2,816.1",65,--,"-5,735",--
6254,野村マイクロ・サイエンス,東証,信用返済売,６ヵ月,特定,2025/03/25,2025/03/27,200,"2,816",43,--,"-3,843",--
6857,アドバンテスト,PTS(X),信用返済売,６ヵ月,特定,2025/03/25,2025/03/27,200,"8,080.2",124,--,"-8,884",--
6857,アドバンテスト,PTS(O),信用返済売,６ヵ月,特定,2025/03/25,2025/03/27,100,"8,080.3",62,--,"-4,332",--
6857,アドバンテスト,PTS(X),信用返済売,６ヵ月,特定,2025/03/25,2025/03/27,100,"8,080.3",62,--,"-4,332",--
7261,マツダ,PTS(O),信用返済売,６ヵ月,特定,2025/03/25,2025/03/27,"1,300","1,101",110,--,"-7,910",--
7261,マツダ,PTS(X),信用返済売,６ヵ月,特定,2025/03/25,2025/03/27,100,"1,101.2",8,--,-588,--
7261,マツダ,PTS(X),信用返済売,６ヵ月,特定,2025/03/25,2025/03/27,200,"1,101.1",16,--,"-1,196",--
7261,マツダ,PTS(O),信用返済売,６ヵ月,特定,2025/03/25,2025/03/27,100,"1,101.2",8,--,-588,--
7261,マツダ,東証,信用返済売,６ヵ月,特定,2025/03/25,2025/03/27,200,"1,101",16,--,"-1,216",--
7261,マツダ,東証,信用返済売,６ヵ月,特定,2025/03/25,2025/03/27,300,"1,101",25,--,"-1,825",--
7261,マツダ,PTS(O),信用返済売,６ヵ月,特定,2025/03/25,2025/03/27,600,"1,101.1",50,--,"-3,590",--
8035,東京エレクトロン,PTS(O),信用返済売,６ヵ月,特定,2025/03/25,2025/03/27,100,"22,794.2",175,--,"-9,195",--
8035,東京エレクトロン,PTS(O),信用返済売,６ヵ月,特定,2025/03/25,2025/03/27,100,"22,794.1",175,--,"-13,015",--
8035,東京エレクトロン,PTS(O),信用返済売,６ヵ月,特定,2025/03/25,2025/03/27,200,"22,794.2",351,--,"-18,371",--
3659,ネクソン,PTS(X),信用新規買,６ヵ月,特定,2025/03/25,2025/03/27,100,"2,259.4",--,--,--,--
3659,ネクソン,PTS(O),信用新規買,６ヵ月,特定,2025/03/25,2025/03/27,100,"2,259.4",--,--,--,--
3659,ネクソン,PTS(O),信用新規買,６ヵ月,特定,2025/03/25,2025/03/27,100,"2,260",--,--,--,--
3659,ネクソン,PTS(O),信用新規買,６ヵ月,特定,2025/03/25,2025/03/27,100,"2,259.7",--,--,--,--
3659,ネクソン,PTS(X),信用新規買,６ヵ月,特定,2025/03/25,2025/03/27,100,"2,259.7",--,--,--,--
3659,ネクソン,東証,信用新規買,６ヵ月,特定,2025/03/25,2025/03/27,400,"2,260",--,--,--,--
3659,ネクソン,PTS(X),信用新規買,６ヵ月,特定,2025/03/25,2025/03/27,100,"2,259.6",--,--,--,--
4676,フジ・メディア・ホールディングス,東証,信用新規買,６ヵ月,特定,2025/03/25,2025/03/27,"1,500","2,352",--,--,--,--
6254,野村マイクロ・サイエンス,東証,信用新規買,６ヵ月,特定,2025/03/25,2025/03/27,400,"2,835",--,--,--,--
6254,野村マイクロ・サイエンス,PTS(O),信用新規買,６ヵ月,特定,2025/03/25,2025/03/27,200,"2,835",--,--,--,--
6254,野村マイクロ・サイエンス,東証,信用新規買,６ヵ月,特定,2025/03/25,2025/03/27,100,"2,834",--,--,--,--
6857,アドバンテスト,東証,信用新規買,６ヵ月,特定,2025/03/25,2025/03/27,200,"8,124",--,--,--,--
6857,アドバンテスト,東証,信用新規買,６ヵ月,特定,2025/03/25,2025/03/27,200,"8,123",--,--,--,--
7261,マツダ,東証,信用新規買,６ヵ月,特定,2025/03/25,2025/03/27,300,"1,107",--,--,--,--
7261,マツダ,東証,信用新規買,６ヵ月,特定,2025/03/25,2025/03/27,"2,500","1,107",--,--,--,--
8035,東京エレクトロン,PTS(O),信用新規買,６ヵ月,特定,2025/03/25,2025/03/27,200,"22,884.3",--,--,--,--
8035,東京エレクトロン,PTS(O),信用新規買,６ヵ月,特定,2025/03/25,2025/03/27,100,"22,922.5",--,--,--,--
8035,東京エレクトロン,PTS(X),信用新規買,６ヵ月,特定,2025/03/25,2025/03/27,100,"22,884.4",--,--,--,--
5803,フジクラ,PTS(O),信用返済買,６ヵ月,特定,2025/03/25,2025/03/27,100,"6,342.9",19,--,"-1,409",--
5803,フジクラ,PTS(O),信用返済買,６ヵ月,特定,2025/03/25,2025/03/27,200,"6,342.7",38,--,"-2,378",--
5803,フジクラ,PTS(X),信用返済買,６ヵ月,特定,2025/03/25,2025/03/27,100,"6,342.8",19,--,"-1,199",--
5803,フジクラ,東証,信用返済買,６ヵ月,特定,2025/03/25,2025/03/27,100,"6,343",19,--,"-1,419",--
5803,フジクラ,PTS(X),信用返済買,６ヵ月,特定,2025/03/25,2025/03/27,100,"6,342.9",19,--,"-1,289",--
6857,アドバンテスト,東証,信用返済買,６ヵ月,特定,2025/03/25,2025/03/27,100,"7,732",23,--,"21,587",--
6857,アドバンテスト,東証,信用返済買,６ヵ月,特定,2025/03/25,2025/03/27,500,"8,016",120,--,"-7,120",--
6857,アドバンテスト,東証,信用返済買,６ヵ月,特定,2025/03/25,2025/03/27,100,"8,016",24,--,"-1,524",--
6857,アドバンテスト,東証,信用返済買,６ヵ月,特定,2025/03/25,2025/03/27,100,"7,732",23,--,"21,577",--
6857,アドバンテスト,東証,信用返済買,６ヵ月,特定,2025/03/25,2025/03/27,100,"7,732",23,--,"21,617",--
6857,アドバンテスト,PTS(J),信用返済買,６ヵ月,特定,2025/03/25,2025/03/27,100,"8,015.9",24,--,"-1,414",--
6857,アドバンテスト,PTS(O),信用返済買,６ヵ月,特定,2025/03/25,2025/03/27,100,"8,015.9",24,--,"-1,414",--
6857,アドバンテスト,PTS(X),信用返済買,６ヵ月,特定,2025/03/25,2025/03/27,100,"7,731.2",23,--,"21,757",--
6857,アドバンテスト,PTS(X),信用返済買,６ヵ月,特定,2025/03/25,2025/03/27,100,"8,015.7",24,--,"-1,394",--
6857,アドバンテスト,PTS(O),信用返済買,６ヵ月,特定,2025/03/25,2025/03/27,100,"8,015.7",24,--,"-1,394",--
6857,アドバンテスト,PTS(X),信用返済買,６ヵ月,特定,2025/03/25,2025/03/27,100,"7,731.1",23,--,"21,767",--
8035,東京エレクトロン,東証,信用返済買,６ヵ月,特定,2025/03/25,2025/03/27,100,"22,310",68,--,"35,502",--
8035,東京エレクトロン,東証,信用返済買,６ヵ月,特定,2025/03/25,2025/03/27,100,"22,310",68,--,"35,512",--
8035,東京エレクトロン,PTS(O),信用返済買,６ヵ月,特定,2025/03/25,2025/03/27,100,"22,318",68,--,"34,712",--
6315,ＴＯＷＡ,東証,信用新規売,６ヵ月,特定,2025/03/24,2025/03/26,300,"1,688",--,--,--,--
6315,ＴＯＷＡ,東証,信用新規売,６ヵ月,特定,2025/03/24,2025/03/26,"1,100","1,687",--,--,--,--
6315,ＴＯＷＡ,PTS(X),信用新規売,６ヵ月,特定,2025/03/24,2025/03/26,400,"1,688",--,--,--,--
6315,ＴＯＷＡ,PTS(O),信用新規売,６ヵ月,特定,2025/03/24,2025/03/26,200,"1,688.1",--,--,--,--
6857,アドバンテスト,PTS(X),信用新規売,６ヵ月,特定,2025/03/24,2025/03/26,100,"8,169.1",--,--,--,--
6857,アドバンテスト,東証,信用新規売,６ヵ月,特定,2025/03/24,2025/03/26,100,"8,169",--,--,--,--
6857,アドバンテスト,東証,信用新規売,６ヵ月,特定,2025/03/24,2025/03/26,100,"8,168",--,--,--,--
8801,三井不動産,PTS(O),信用新規売,６ヵ月,特定,2025/03/24,2025/03/26,100,"1,384.6",--,--,--,--
8801,三井不動産,PTS(J),信用新規売,６ヵ月,特定,2025/03/24,2025/03/26,100,"1,384.5",--,--,--,--
8801,三井不動産,東証,信用新規売,６ヵ月,特定,2025/03/24,2025/03/26,100,"1,384.5",--,--,--,--
8801,三井不動産,東証,信用新規売,６ヵ月,特定,2025/03/24,2025/03/26,"1,200","1,384",--,--,--,--
8802,三菱地所,PTS(O),信用新規売,６ヵ月,特定,2025/03/24,2025/03/26,100,"2,438",--,--,--,--
8802,三菱地所,PTS(O),信用新規売,６ヵ月,特定,2025/03/24,2025/03/26,100,"2,437.7",--,--,--,--
8802,三菱地所,PTS(X),信用新規売,６ヵ月,特定,2025/03/24,2025/03/26,200,"2,437.9",--,--,--,--
8802,三菱地所,PTS(X),信用新規売,６ヵ月,特定,2025/03/24,2025/03/26,100,"2,438",--,--,--,--
8802,三菱地所,PTS(X),信用新規売,６ヵ月,特定,2025/03/24,2025/03/26,100,"2,438.1",--,--,--,--
8802,三菱地所,PTS(X),信用新規売,６ヵ月,特定,2025/03/24,2025/03/26,200,"2,437.8",--,--,--,--
8802,三菱地所,PTS(X),信用新規売,６ヵ月,特定,2025/03/24,2025/03/26,200,"2,437.7",--,--,--,--
8830,住友不動産,PTS(O),信用新規売,６ヵ月,特定,2025/03/24,2025/03/26,100,"6,027.1",--,--,--,--
8830,住友不動産,PTS(O),信用新規売,６ヵ月,特定,2025/03/24,2025/03/26,100,"6,013.1",--,--,--,--
8830,住友不動産,PTS(X),信用新規売,６ヵ月,特定,2025/03/24,2025/03/26,100,"6,027.1",--,--,--,--
8830,住友不動産,PTS(X),信用新規売,６ヵ月,特定,2025/03/24,2025/03/26,100,"6,026.2",--,--,--,--
8830,住友不動産,PTS(O),信用新規売,６ヵ月,特定,2025/03/24,2025/03/26,100,"6,013",--,--,--,--
8830,住友不動産,PTS(X),信用新規売,６ヵ月,特定,2025/03/24,2025/03/26,100,"6,013.1",--,--,--,--
4626,太陽ホールディングス,PTS(O),信用返済売,６ヵ月,特定,2025/03/24,2025/03/26,100,"4,717",34,--,"16,166",--
4626,太陽ホールディングス,PTS(X),信用返済売,６ヵ月,特定,2025/03/24,2025/03/26,100,"4,778.5",34,--,"22,316",--
4626,太陽ホールディングス,PTS(O),信用返済売,６ヵ月,特定,2025/03/24,2025/03/26,100,"4,780",34,--,"22,466",--
4626,太陽ホールディングス,PTS(O),信用返済売,６ヵ月,特定,2025/03/24,2025/03/26,100,"4,716.5",34,--,"16,116",--
4626,太陽ホールディングス,PTS(X),信用返済売,６ヵ月,特定,2025/03/24,2025/03/26,100,"4,675.5",36,--,"-4,386",--
4626,太陽ホールディングス,PTS(O),信用返済売,６ヵ月,特定,2025/03/24,2025/03/26,100,"4,779.5",34,--,"22,416",--
4626,太陽ホールディングス,PTS(O),信用返済売,６ヵ月,特定,2025/03/24,2025/03/26,100,"4,675.5",36,--,"-4,386",--
4626,太陽ホールディングス,PTS(X),信用返済売,６ヵ月,特定,2025/03/24,2025/03/26,100,"4,779.5",34,--,"22,416",--
4626,太陽ホールディングス,PTS(O),信用返済売,６ヵ月,特定,2025/03/24,2025/03/26,100,"4,778.5",34,--,"22,316",--
4631,ＤＩＣ,東証,信用返済売,６ヵ月,特定,2025/03/24,2025/03/26,200,"3,280",51,--,"-9,091",--
4631,ＤＩＣ,PTS(X),信用返済売,６ヵ月,特定,2025/03/24,2025/03/26,100,"3,280.8",25,--,"-4,505",--
4631,ＤＩＣ,PTS(O),信用返済売,６ヵ月,特定,2025/03/24,2025/03/26,100,"3,280.9",25,--,"-4,435",--
4631,ＤＩＣ,PTS(X),信用返済売,６ヵ月,特定,2025/03/24,2025/03/26,100,"3,280.5",25,--,"-4,515",--
4631,ＤＩＣ,PTS(X),信用返済売,６ヵ月,特定,2025/03/24,2025/03/26,100,"3,280.7",25,--,"-4,515",--
4631,ＤＩＣ,PTS(O),信用返済売,６ヵ月,特定,2025/03/24,2025/03/26,100,"3,280.9",25,--,"-4,445",--
4631,ＤＩＣ,PTS(O),信用返済売,６ヵ月,特定,2025/03/24,2025/03/26,100,"3,280.1",25,--,"-4,555",--
6135,牧野フライス製作所,PTS(O),信用返済売,６ヵ月,特定,2025/03/24,2025/03/26,100,"11,751",272,--,"-11,172",--
6135,牧野フライス製作所,PTS(O),信用返済売,６ヵ月,特定,2025/03/24,2025/03/26,100,"11,751",272,--,"-11,172",--
6135,牧野フライス製作所,PTS(O),信用返済売,６ヵ月,特定,2025/03/24,2025/03/26,100,"11,751",272,--,"-11,072",--
6254,野村マイクロ・サイエンス,東証,信用返済売,６ヵ月,特定,2025/03/24,2025/03/26,400,"2,680",84,--,"-30,484",--
6254,野村マイクロ・サイエンス,東証,信用返済売,６ヵ月,特定,2025/03/24,2025/03/26,200,"2,680",42,--,"-13,442",--
6254,野村マイクロ・サイエンス,東証,信用返済売,６ヵ月,特定,2025/03/24,2025/03/26,100,"2,680",21,--,"-6,621",--
6254,野村マイクロ・サイエンス,東証,信用返済売,６ヵ月,特定,2025/03/24,2025/03/26,300,"2,680",63,--,"-20,163",--
6315,ＴＯＷＡ,東証,信用返済売,６ヵ月,特定,2025/03/24,2025/03/26,300,"1,725",40,--,"-16,210",--
6315,ＴＯＷＡ,東証,信用返済売,６ヵ月,特定,2025/03/24,2025/03/26,200,"1,726",26,--,"-3,826",--
6315,ＴＯＷＡ,東証,信用返済売,６ヵ月,特定,2025/03/24,2025/03/26,200,"1,725",27,--,"-10,787",--
6315,ＴＯＷＡ,PTS(X),信用返済売,６ヵ月,特定,2025/03/24,2025/03/26,200,"1,710.2",26,--,"-2,386",--
6315,ＴＯＷＡ,東証,信用返済売,６ヵ月,特定,2025/03/24,2025/03/26,600,"1,710",79,--,"-7,279",--
6315,ＴＯＷＡ,東証,信用返済売,６ヵ月,特定,2025/03/24,2025/03/26,200,"1,725",27,--,"-10,747",--
6315,ＴＯＷＡ,東証,信用返済売,６ヵ月,特定,2025/03/24,2025/03/26,100,"1,725",13,--,"-3,503",--
6315,ＴＯＷＡ,東証,信用返済売,６ヵ月,特定,2025/03/24,2025/03/26,100,"1,726",13,--,"-1,893",--
6315,ＴＯＷＡ,PTS(J),信用返済売,６ヵ月,特定,2025/03/24,2025/03/26,100,"1,710.4",13,--,"-1,163",--
6315,ＴＯＷＡ,PTS(X),信用返済売,６ヵ月,特定,2025/03/24,2025/03/26,100,"1,710.4",13,--,"-1,173",--
6315,ＴＯＷＡ,PTS(X),信用返済売,６ヵ月,特定,2025/03/24,2025/03/26,100,"1,726",13,--,"-1,873",--
6315,ＴＯＷＡ,PTS(X),信用返済売,６ヵ月,特定,2025/03/24,2025/03/26,100,"1,726.3",13,--,"-1,833",--
6315,ＴＯＷＡ,PTS(O),信用返済売,６ヵ月,特定,2025/03/24,2025/03/26,100,"1,726.1",13,--,"-1,873",--
6315,ＴＯＷＡ,PTS(O),信用返済売,６ヵ月,特定,2025/03/24,2025/03/26,100,"1,710.9",13,--,"-1,103",--
6315,ＴＯＷＡ,PTS(X),信用返済売,６ヵ月,特定,2025/03/24,2025/03/26,400,"1,710.3",52,--,"-4,732",--
6315,ＴＯＷＡ,PTS(O),信用返済売,６ヵ月,特定,2025/03/24,2025/03/26,100,"1,710.9",13,--,"-1,073",--
6315,ＴＯＷＡ,PTS(O),信用返済売,６ヵ月,特定,2025/03/24,2025/03/26,100,"1,710.9",13,--,"-1,073",--
6315,ＴＯＷＡ,PTS(O),信用返済売,６ヵ月,特定,2025/03/24,2025/03/26,100,"1,726.4",13,--,"-1,823",--
6315,ＴＯＷＡ,PTS(X),信用返済売,６ヵ月,特定,2025/03/24,2025/03/26,100,"1,710.8",13,--,"-1,113",--
6315,ＴＯＷＡ,PTS(X),信用返済売,６ヵ月,特定,2025/03/24,2025/03/26,200,"1,710.7",26,--,"-2,266",--
6315,ＴＯＷＡ,東証,信用返済売,６ヵ月,特定,2025/03/24,2025/03/26,300,"1,726",40,--,"-10,150",--
6315,ＴＯＷＡ,東証,信用返済売,６ヵ月,特定,2025/03/24,2025/03/26,200,"1,726",26,--,"-3,806",--
6315,ＴＯＷＡ,東証,信用返済売,６ヵ月,特定,2025/03/24,2025/03/26,500,"1,725",67,--,"-17,567",--
6315,ＴＯＷＡ,東証,信用返済売,６ヵ月,特定,2025/03/24,2025/03/26,100,"1,726",13,--,"-3,393",--
6315,ＴＯＷＡ,東証,信用返済売,６ヵ月,特定,2025/03/24,2025/03/26,100,"1,725",13,--,"-5,383",--
6315,ＴＯＷＡ,東証,信用返済売,６ヵ月,特定,2025/03/24,2025/03/26,100,"1,725",13,--,"-5,383",--
6315,ＴＯＷＡ,東証,信用返済売,６ヵ月,特定,2025/03/24,2025/03/26,100,"1,725",13,--,"-5,343",--
6315,ＴＯＷＡ,東証,信用返済売,６ヵ月,特定,2025/03/24,2025/03/26,100,"1,726",13,--,"-1,883",--
7182,ゆうちょ銀行,東証,信用返済売,６ヵ月,特定,2025/03/24,2025/03/26,"2,000","1,601",249,--,"-47,249",--
8801,三井不動産,PTS(X),信用返済売,６ヵ月,特定,2025/03/24,2025/03/26,100,"1,386.5",10,--,-450,--
8801,三井不動産,PTS(X),信用返済売,６ヵ月,特定,2025/03/24,2025/03/26,100,"1,386.5",10,--,-450,--
8801,三井不動産,東証,信用返済売,６ヵ月,特定,2025/03/24,2025/03/26,500,"1,386.5",53,--,"-2,253",--
8801,三井不動産,PTS(X),信用返済売,６ヵ月,特定,2025/03/24,2025/03/26,100,"1,385.6",10,--,-530,--
8801,三井不動産,PTS(X),信用返済売,６ヵ月,特定,2025/03/24,2025/03/26,400,"1,386.6",42,--,"-1,762",--
8801,三井不動産,PTS(O),信用返済売,６ヵ月,特定,2025/03/24,2025/03/26,100,"1,385.7",10,--,-530,--
8801,三井不動産,PTS(O),信用返済売,６ヵ月,特定,2025/03/24,2025/03/26,100,"1,385.8",10,--,-520,--
8801,三井不動産,PTS(O),信用返済売,６ヵ月,特定,2025/03/24,2025/03/26,500,"1,386.6",53,--,"-2,203",--
8801,三井不動産,PTS(X),信用返済売,６ヵ月,特定,2025/03/24,2025/03/26,500,"1,385.7",53,--,"-2,653",--
8801,三井不動産,PTS(X),信用返済売,６ヵ月,特定,2025/03/24,2025/03/26,100,"1,386.8",10,--,-390,--
8801,三井不動産,PTS(X),信用返済売,６ヵ月,特定,2025/03/24,2025/03/26,100,"1,385.7",10,--,-520,--
8801,三井不動産,PTS(X),信用返済売,６ヵ月,特定,2025/03/24,2025/03/26,100,"1,385.8",10,--,-500,--
8801,三井不動産,PTS(O),信用返済売,６ヵ月,特定,2025/03/24,2025/03/26,100,"1,386.7",10,--,-400,--
8801,三井不動産,PTS(O),信用返済売,６ヵ月,特定,2025/03/24,2025/03/26,100,"1,386.7",10,--,-400,--
8801,三井不動産,東証,信用返済売,６ヵ月,特定,2025/03/24,2025/03/26,100,"1,386",10,--,-500,--
8802,三菱地所,PTS(O),信用返済売,６ヵ月,特定,2025/03/24,2025/03/26,100,"2,432.3",18,--,"-1,238",--
8802,三菱地所,PTS(X),信用返済売,６ヵ月,特定,2025/03/24,2025/03/26,100,"2,492.6",18,--,"2,322",--
8802,三菱地所,PTS(X),信用返済売,６ヵ月,特定,2025/03/24,2025/03/26,100,"2,492.6",18,--,"2,322",--
8802,三菱地所,PTS(O),信用返済売,６ヵ月,特定,2025/03/24,2025/03/26,100,"2,472.5",19,--,"-2,319",--
8802,三菱地所,PTS(O),信用返済売,６ヵ月,特定,2025/03/24,2025/03/26,100,"2,472.9",19,--,"-2,279",--
8802,三菱地所,PTS(X),信用返済売,６ヵ月,特定,2025/03/24,2025/03/26,100,"2,432.6",18,--,"-1,238",--
8802,三菱地所,PTS(X),信用返済売,６ヵ月,特定,2025/03/24,2025/03/26,100,"2,473",19,--,"-2,269",--
8802,三菱地所,PTS(O),信用返済売,６ヵ月,特定,2025/03/24,2025/03/26,100,"2,492.7",18,--,"2,362",--
8802,三菱地所,PTS(X),信用返済売,６ヵ月,特定,2025/03/24,2025/03/26,100,"2,492.6",18,--,"2,312",--
8802,三菱地所,PTS(X),信用返済売,６ヵ月,特定,2025/03/24,2025/03/26,100,"2,492.6",18,--,"2,312",--
8802,三菱地所,PTS(X),信用返済売,６ヵ月,特定,2025/03/24,2025/03/26,100,"2,492.8",18,--,"2,322",--
8802,三菱地所,PTS(O),信用返済売,６ヵ月,特定,2025/03/24,2025/03/26,100,"2,432",18,--,"-1,348",--
8802,三菱地所,PTS(X),信用返済売,６ヵ月,特定,2025/03/24,2025/03/26,200,"2,432.7",37,--,"-2,457",--
8802,三菱地所,PTS(J),信用返済売,６ヵ月,特定,2025/03/24,2025/03/26,200,"2,472.6",38,--,"-4,618",--
8802,三菱地所,PTS(O),信用返済売,６ヵ月,特定,2025/03/24,2025/03/26,200,"2,472.8",38,--,"-4,578",--
8802,三菱地所,PTS(O),信用返済売,６ヵ月,特定,2025/03/24,2025/03/26,100,"2,432.2",18,--,"-1,258",--
8802,三菱地所,PTS(X),信用返済売,６ヵ月,特定,2025/03/24,2025/03/26,100,"2,492.6",18,--,"2,342",--
8802,三菱地所,PTS(O),信用返済売,６ヵ月,特定,2025/03/24,2025/03/26,100,"2,432.1",18,--,"-1,288",--
8802,三菱地所,PTS(X),信用返済売,６ヵ月,特定,2025/03/24,2025/03/26,100,"2,472.9",19,--,"-2,279",--
8802,三菱地所,PTS(O),信用返済売,６ヵ月,特定,2025/03/24,2025/03/26,400,"2,472.6",76,--,"-9,236",--
8802,三菱地所,PTS(O),信用返済売,６ヵ月,特定,2025/03/24,2025/03/26,100,"2,472.7",19,--,"-2,299",--
8802,三菱地所,PTS(X),信用返済売,６ヵ月,特定,2025/03/24,2025/03/26,100,"2,472.7",19,--,"-2,299",--
8802,三菱地所,PTS(J),信用返済売,６ヵ月,特定,2025/03/24,2025/03/26,100,"2,472.8",19,--,"-2,289",--
8802,三菱地所,PTS(X),信用返済売,６ヵ月,特定,2025/03/24,2025/03/26,100,"2,432.9",18,--,"-1,178",--
8802,三菱地所,PTS(X),信用返済売,６ヵ月,特定,2025/03/24,2025/03/26,100,"2,473.1",19,--,"-2,259",--
8802,三菱地所,PTS(X),信用返済売,６ヵ月,特定,2025/03/24,2025/03/26,200,"2,492.7",37,--,"4,623",--
8802,三菱地所,PTS(X),信用返済売,６ヵ月,特定,2025/03/24,2025/03/26,100,"2,492.6",18,--,"2,332",--
8802,三菱地所,東証,信用返済売,６ヵ月,特定,2025/03/24,2025/03/26,300,"2,472.5",57,--,"-6,957",--
8802,三菱地所,東証,信用返済売,６ヵ月,特定,2025/03/24,2025/03/26,100,"2,432",18,--,"-1,308",--
8802,三菱地所,東証,信用返済売,６ヵ月,特定,2025/03/24,2025/03/26,100,"2,432",18,--,"-1,308",--
8802,三菱地所,PTS(X),信用返済売,６ヵ月,特定,2025/03/24,2025/03/26,100,"2,472.8",19,--,"-2,289",--
8830,住友不動産,東証,信用返済売,６ヵ月,特定,2025/03/24,2025/03/26,100,"6,302",46,--,"18,664",--
8830,住友不動産,東証,信用返済売,６ヵ月,特定,2025/03/24,2025/03/26,100,"6,303",46,--,"18,774",--
8830,住友不動産,PTS(X),信用返済売,６ヵ月,特定,2025/03/24,2025/03/26,100,"6,060.6",47,--,"-8,867",--
8830,住友不動産,PTS(X),信用返済売,６ヵ月,特定,2025/03/24,2025/03/26,100,"6,236.2",46,--,"12,074",--
8830,住友不動産,PTS(X),信用返済売,６ヵ月,特定,2025/03/24,2025/03/26,100,"6,060.4",47,--,"-8,877",--
8830,住友不動産,PTS(X),信用返済売,６ヵ月,特定,2025/03/24,2025/03/26,100,"6,303.1",46,--,"18,814",--
8830,住友不動産,PTS(O),信用返済売,６ヵ月,特定,2025/03/24,2025/03/26,100,"6,206.3",46,--,"8,164",--
8830,住友不動産,PTS(X),信用返済売,６ヵ月,特定,2025/03/24,2025/03/26,100,"6,060.5",47,--,"-8,867",--
8830,住友不動産,PTS(X),信用返済売,６ヵ月,特定,2025/03/24,2025/03/26,100,"6,303.2",46,--,"18,834",--
8830,住友不動産,PTS(X),信用返済売,６ヵ月,特定,2025/03/24,2025/03/26,100,"6,206.2",46,--,"8,154",--
4626,太陽ホールディングス,東証,信用新規買,６ヵ月,特定,2025/03/24,2025/03/26,700,"4,555",--,--,--,--
4626,太陽ホールディングス,PTS(X),信用新規買,６ヵ月,特定,2025/03/24,2025/03/26,200,"4,719",--,--,--,--
4631,ＤＩＣ,PTS(X),信用新規買,６ヵ月,特定,2025/03/24,2025/03/26,200,"3,325.2",--,--,--,--
4631,ＤＩＣ,PTS(O),信用新規買,６ヵ月,特定,2025/03/24,2025/03/26,100,"3,325",--,--,--,--
4631,ＤＩＣ,PTS(X),信用新規買,６ヵ月,特定,2025/03/24,2025/03/26,200,"3,325.6",--,--,--,--
4631,ＤＩＣ,PTS(O),信用新規買,６ヵ月,特定,2025/03/24,2025/03/26,200,"3,325.4",--,--,--,--
4631,ＤＩＣ,PTS(X),信用新規買,６ヵ月,特定,2025/03/24,2025/03/26,100,"3,325.1",--,--,--,--
6254,野村マイクロ・サイエンス,東証,信用新規買,６ヵ月,特定,2025/03/24,2025/03/26,400,"2,756",--,--,--,--
6254,野村マイクロ・サイエンス,東証,信用新規買,６ヵ月,特定,2025/03/24,2025/03/26,300,"2,747",--,--,--,--
6254,野村マイクロ・サイエンス,PTS(X),信用新規買,６ヵ月,特定,2025/03/24,2025/03/26,100,"2,746",--,--,--,--
6254,野村マイクロ・サイエンス,PTS(O),信用新規買,６ヵ月,特定,2025/03/24,2025/03/26,200,"2,747",--,--,--,--
6315,ＴＯＷＡ,PTS(J),信用新規買,６ヵ月,特定,2025/03/24,2025/03/26,100,"1,778.7",--,--,--,--
6315,ＴＯＷＡ,PTS(X),信用新規買,６ヵ月,特定,2025/03/24,2025/03/26,200,"1,744.9",--,--,--,--
6315,ＴＯＷＡ,PTS(O),信用新規買,６ヵ月,特定,2025/03/24,2025/03/26,300,"1,759.7",--,--,--,--
6315,ＴＯＷＡ,PTS(X),信用新規買,６ヵ月,特定,2025/03/24,2025/03/26,100,"1,778.7",--,--,--,--
6315,ＴＯＷＡ,PTS(X),信用新規買,６ヵ月,特定,2025/03/24,2025/03/26,100,"1,721.5",--,--,--,--
6315,ＴＯＷＡ,PTS(O),信用新規買,６ヵ月,特定,2025/03/24,2025/03/26,100,"1,721.5",--,--,--,--
6315,ＴＯＷＡ,PTS(X),信用新規買,６ヵ月,特定,2025/03/24,2025/03/26,200,"1,721.8",--,--,--,--
6315,ＴＯＷＡ,PTS(X),信用新規買,６ヵ月,特定,2025/03/24,2025/03/26,100,"1,744.6",--,--,--,--
6315,ＴＯＷＡ,PTS(O),信用新規買,６ヵ月,特定,2025/03/24,2025/03/26,100,"1,778.3",--,--,--,--
6315,ＴＯＷＡ,PTS(X),信用新規買,６ヵ月,特定,2025/03/24,2025/03/26,200,"1,778.8",--,--,--,--
6315,ＴＯＷＡ,PTS(X),信用新規買,６ヵ月,特定,2025/03/24,2025/03/26,100,"1,744.8",--,--,--,--
6315,ＴＯＷＡ,PTS(X),信用新規買,６ヵ月,特定,2025/03/24,2025/03/26,200,"1,744.7",--,--,--,--
6315,ＴＯＷＡ,PTS(X),信用新規買,６ヵ月,特定,2025/03/24,2025/03/26,300,"1,721.9",--,--,--,--
6315,ＴＯＷＡ,東証,信用新規買,６ヵ月,特定,2025/03/24,2025/03/26,500,"1,760",--,--,--,--
6315,ＴＯＷＡ,東証,信用新規買,６ヵ月,特定,2025/03/24,2025/03/26,200,"1,745",--,--,--,--
6315,ＴＯＷＡ,東証,信用新規買,６ヵ月,特定,2025/03/24,2025/03/26,"1,300","1,722",--,--,--,--
6315,ＴＯＷＡ,PTS(X),信用新規買,６ヵ月,特定,2025/03/24,2025/03/26,300,"1,778.9",--,--,--,--
6315,ＴＯＷＡ,PTS(X),信用新規買,６ヵ月,特定,2025/03/24,2025/03/26,200,"1,744.5",--,--,--,--
6315,ＴＯＷＡ,PTS(X),信用新規買,６ヵ月,特定,2025/03/24,2025/03/26,100,"1,759.8",--,--,--,--
6315,ＴＯＷＡ,PTS(X),信用新規買,６ヵ月,特定,2025/03/24,2025/03/26,200,"1,778.6",--,--,--,--
6315,ＴＯＷＡ,PTS(X),信用新規買,６ヵ月,特定,2025/03/24,2025/03/26,100,"1,759.9",--,--,--,--
7182,ゆうちょ銀行,東証,信用新規買,６ヵ月,特定,2025/03/24,2025/03/26,"2,000","1,624.5",--,--,--,--
8801,三井不動産,PTS(O),信用新規買,６ヵ月,特定,2025/03/24,2025/03/26,100,"1,390.7",--,--,--,--
8801,三井不動産,PTS(X),信用新規買,６ヵ月,特定,2025/03/24,2025/03/26,100,"1,390.8",--,--,--,--
8801,三井不動産,PTS(O),信用新規買,６ヵ月,特定,2025/03/24,2025/03/26,200,"1,390.6",--,--,--,--
8801,三井不動産,PTS(X),信用新規買,６ヵ月,特定,2025/03/24,2025/03/26,"1,700","1,390.9",--,--,--,--
8801,三井不動産,PTS(O),信用新規買,６ヵ月,特定,2025/03/24,2025/03/26,700,"1,390.9",--,--,--,--
8801,三井不動産,PTS(X),信用新規買,６ヵ月,特定,2025/03/24,2025/03/26,100,"1,390.6",--,--,--,--
8801,三井不動産,PTS(O),信用新規買,６ヵ月,特定,2025/03/24,2025/03/26,100,"1,390.8",--,--,--,--
8802,三菱地所,PTS(O),信用新規買,６ヵ月,特定,2025/03/24,2025/03/26,100,"2,469.3",--,--,--,--
8802,三菱地所,PTS(O),信用新規買,６ヵ月,特定,2025/03/24,2025/03/26,200,"2,444.5",--,--,--,--
8802,三菱地所,PTS(X),信用新規買,６ヵ月,特定,2025/03/24,2025/03/26,100,"2,444.6",--,--,--,--
8802,三菱地所,PTS(X),信用新規買,６ヵ月,特定,2025/03/24,2025/03/26,100,"2,468.9",--,--,--,--
8802,三菱地所,PTS(X),信用新規買,６ヵ月,特定,2025/03/24,2025/03/26,100,"2,469.3",--,--,--,--
8802,三菱地所,PTS(O),信用新規買,６ヵ月,特定,2025/03/24,2025/03/26,300,"2,469.4",--,--,--,--
8802,三菱地所,PTS(O),信用新規買,６ヵ月,特定,2025/03/24,2025/03/26,100,"2,444.9",--,--,--,--
8802,三菱地所,PTS(X),信用新規買,６ヵ月,特定,2025/03/24,2025/03/26,100,"2,469",--,--,--,--
8802,三菱地所,PTS(X),信用新規買,６ヵ月,特定,2025/03/24,2025/03/26,100,"2,469.2",--,--,--,--
8802,三菱地所,PTS(X),信用新規買,６ヵ月,特定,2025/03/24,2025/03/26,100,"2,444.9",--,--,--,--
8802,三菱地所,PTS(O),信用新規買,６ヵ月,特定,2025/03/24,2025/03/26,100,"2,445.3",--,--,--,--
8802,三菱地所,PTS(O),信用新規買,６ヵ月,特定,2025/03/24,2025/03/26,100,"2,469.2",--,--,--,--
8802,三菱地所,PTS(X),信用新規買,６ヵ月,特定,2025/03/24,2025/03/26,400,"2,444.8",--,--,--,--
8802,三菱地所,東証,信用新規買,６ヵ月,特定,2025/03/24,2025/03/26,"2,000","2,495.5",--,--,--,--
8802,三菱地所,PTS(X),信用新規買,６ヵ月,特定,2025/03/24,2025/03/26,100,"2,469.1",--,--,--,--
8830,住友不動産,PTS(X),信用新規買,６ヵ月,特定,2025/03/24,2025/03/26,100,"6,114.9",--,--,--,--
8830,住友不動産,PTS(X),信用新規買,６ヵ月,特定,2025/03/24,2025/03/26,100,"6,124.2",--,--,--,--
8830,住友不動産,PTS(O),信用新規買,６ヵ月,特定,2025/03/24,2025/03/26,100,"6,124.2",--,--,--,--
8830,住友不動産,PTS(O),信用新規買,６ヵ月,特定,2025/03/24,2025/03/26,100,"6,148.8",--,--,--,--
8830,住友不動産,PTS(O),信用新規買,６ヵ月,特定,2025/03/24,2025/03/26,200,"6,148.7",--,--,--,--
8830,住友不動産,PTS(X),信用新規買,６ヵ月,特定,2025/03/24,2025/03/26,100,"6,114.5",--,--,--,--
8830,住友不動産,PTS(J),信用新規買,６ヵ月,特定,2025/03/24,2025/03/26,100,"6,115",--,--,--,--
8830,住友不動産,PTS(X),信用新規買,６ヵ月,特定,2025/03/24,2025/03/26,100,"6,114.8",--,--,--,--
8830,住友不動産,PTS(X),信用新規買,６ヵ月,特定,2025/03/24,2025/03/26,100,"6,114.4",--,--,--,--
6315,ＴＯＷＡ,PTS(O),信用返済買,６ヵ月,特定,2025/03/24,2025/03/26,100,"1,678.8",5,--,915,--
6315,ＴＯＷＡ,PTS(X),信用返済買,６ヵ月,特定,2025/03/24,2025/03/26,200,"1,678.9",10,--,"1,830",--
6315,ＴＯＷＡ,PTS(X),信用返済買,６ヵ月,特定,2025/03/24,2025/03/26,100,"1,678.8",5,--,915,--
6315,ＴＯＷＡ,PTS(X),信用返済買,６ヵ月,特定,2025/03/24,2025/03/26,100,"1,678.9",5,--,905,--
6315,ＴＯＷＡ,PTS(X),信用返済買,６ヵ月,特定,2025/03/24,2025/03/26,100,"1,678.9",5,--,905,--
6315,ＴＯＷＡ,東証,信用返済買,６ヵ月,特定,2025/03/24,2025/03/26,"1,000","1,680",50,--,"6,950",--
6315,ＴＯＷＡ,東証,信用返済買,６ヵ月,特定,2025/03/24,2025/03/26,100,"1,679",5,--,795,--
6315,ＴＯＷＡ,東証,信用返済買,６ヵ月,特定,2025/03/24,2025/03/26,200,"1,679",10,--,"1,790",--
6315,ＴＯＷＡ,PTS(O),信用返済買,６ヵ月,特定,2025/03/24,2025/03/26,100,"1,679",5,--,895,--
6857,アドバンテスト,PTS(X),信用返済買,６ヵ月,特定,2025/03/24,2025/03/26,100,"8,172.9",24,--,-514,--
6857,アドバンテスト,PTS(X),信用返済買,６ヵ月,特定,2025/03/24,2025/03/26,100,"8,172.8",24,--,-394,--
6857,アドバンテスト,PTS(O),信用返済買,６ヵ月,特定,2025/03/24,2025/03/26,100,"8,172.6",24,--,-384,--
8801,三井不動産,PTS(O),信用返済買,６ヵ月,特定,2025/03/24,2025/03/26,100,"1,386.8",4,--,-234,--
8801,三井不動産,PTS(O),信用返済買,６ヵ月,特定,2025/03/24,2025/03/26,100,"1,386.8",4,--,-284,--
8801,三井不動産,PTS(X),信用返済買,６ヵ月,特定,2025/03/24,2025/03/26,100,"1,386.9",4,--,-244,--
8801,三井不動産,PTS(X),信用返済買,６ヵ月,特定,2025/03/24,2025/03/26,100,"1,386.8",4,--,-284,--
8801,三井不動産,PTS(X),信用返済買,６ヵ月,特定,2025/03/24,2025/03/26,"1,000","1,386.9",41,--,"-2,941",--
8801,三井不動産,PTS(X),信用返済買,６ヵ月,特定,2025/03/24,2025/03/26,100,"1,386.9",4,--,-234,--
8802,三菱地所,PTS(X),信用返済買,６ヵ月,特定,2025/03/24,2025/03/26,200,"2,451.9",14,--,"-2,814",--
8802,三菱地所,PTS(X),信用返済買,６ヵ月,特定,2025/03/24,2025/03/26,100,"2,451.8",7,--,"-1,387",--
8802,三菱地所,PTS(O),信用返済買,６ヵ月,特定,2025/03/24,2025/03/26,100,"2,451.7",7,--,"-1,367",--
8802,三菱地所,PTS(X),信用返済買,６ヵ月,特定,2025/03/24,2025/03/26,100,"2,451.9",7,--,"-1,427",--
8802,三菱地所,PTS(X),信用返済買,６ヵ月,特定,2025/03/24,2025/03/26,200,"2,451.9",14,--,"-2,854",--
8802,三菱地所,PTS(J),信用返済買,６ヵ月,特定,2025/03/24,2025/03/26,100,"2,451.8",7,--,"-1,387",--
8802,三菱地所,PTS(X),信用返済買,６ヵ月,特定,2025/03/24,2025/03/26,200,"2,451.9",14,--,"-2,834",--
8830,住友不動産,東証,信用返済買,６ヵ月,特定,2025/03/24,2025/03/26,100,"6,038",18,--,"-2,508",--
8830,住友不動産,東証,信用返済買,６ヵ月,特定,2025/03/24,2025/03/26,100,"6,037",18,--,"-1,008",--
8830,住友不動産,東証,信用返済買,６ヵ月,特定,2025/03/24,2025/03/26,100,"6,038",18,--,"-2,508",--
8830,住友不動産,東証,信用返済買,６ヵ月,特定,2025/03/24,2025/03/26,100,"6,038",18,--,"-1,198",--
8830,住友不動産,東証,信用返済買,６ヵ月,特定,2025/03/24,2025/03/26,100,"6,038",18,--,"-1,108",--
8830,住友不動産,東証,信用返済買,６ヵ月,特定,2025/03/24,2025/03/26,100,"6,038",18,--,"-2,518",--
6857,アドバンテスト,PTS(X),信用新規売,６ヵ月,特定,2025/03/21,2025/03/25,100,"8,330.7",--,--,--,--
6857,アドバンテスト,PTS(O),信用新規売,６ヵ月,特定,2025/03/21,2025/03/25,200,"8,330.8",--,--,--,--
6135,牧野フライス製作所,東証,信用返済売,６ヵ月,特定,2025/03/21,2025/03/25,100,"11,760",181,--,"-10,081",--
6857,アドバンテスト,東証,信用返済買,６ヵ月,特定,2025/03/21,2025/03/25,100,"8,098",25,--,"23,245",--
6857,アドバンテスト,東証,信用返済買,６ヵ月,特定,2025/03/21,2025/03/25,200,"8,098",50,--,"46,510",--
5803,フジクラ,PTS(O),信用新規売,６ヵ月,特定,2025/03/19,2025/03/24,100,"5,856.2",--,--,--,--
5803,フジクラ,PTS(X),信用新規売,６ヵ月,特定,2025/03/19,2025/03/24,100,"5,856.8",--,--,--,--
5803,フジクラ,PTS(O),信用新規売,６ヵ月,特定,2025/03/19,2025/03/24,100,"5,856.7",--,--,--,--
5803,フジクラ,PTS(X),信用新規売,６ヵ月,特定,2025/03/19,2025/03/24,100,"5,856.2",--,--,--,--
5803,フジクラ,PTS(X),信用新規売,６ヵ月,特定,2025/03/19,2025/03/24,100,"5,856.7",--,--,--,--
5803,フジクラ,東証,信用新規売,６ヵ月,特定,2025/03/19,2025/03/24,"2,000","5,856",--,--,--,--
6857,アドバンテスト,東証,信用新規売,６ヵ月,特定,2025/03/19,2025/03/24,700,"8,309",--,--,--,--
6857,アドバンテスト,東証,信用新規売,６ヵ月,特定,2025/03/19,2025/03/24,400,"8,307",--,--,--,--
6857,アドバンテスト,東証,信用新規売,６ヵ月,特定,2025/03/19,2025/03/24,100,"8,308",--,--,--,--
6857,アドバンテスト,東証,信用新規売,６ヵ月,特定,2025/03/19,2025/03/24,400,"8,308",--,--,--,--
6857,アドバンテスト,東証,信用新規売,６ヵ月,特定,2025/03/19,2025/03/24,100,"8,307",--,--,--,--
6857,アドバンテスト,PTS(X),信用新規売,６ヵ月,特定,2025/03/19,2025/03/24,100,"8,308.1",--,--,--,--
6857,アドバンテスト,PTS(X),信用新規売,６ヵ月,特定,2025/03/19,2025/03/24,100,"8,308.2",--,--,--,--
6857,アドバンテスト,東証,信用新規売,６ヵ月,特定,2025/03/19,2025/03/24,100,"8,310",--,--,--,--
5803,フジクラ,東証,信用返済売,６ヵ月,特定,2025/03/19,2025/03/24,700,"5,867",315,--,"-11,515",--
5803,フジクラ,東証,信用返済売,６ヵ月,特定,2025/03/19,2025/03/24,200,"5,867",90,--,"-2,950",--
5803,フジクラ,東証,信用返済売,６ヵ月,特定,2025/03/19,2025/03/24,"1,600","5,867",721,--,"-24,721",--
5803,フジクラ,東証,信用返済売,６ヵ月,特定,2025/03/19,2025/03/24,100,"5,867",45,--,"-1,485",--
5803,フジクラ,東証,信用返済売,６ヵ月,特定,2025/03/19,2025/03/24,100,"5,867",45,--,"-1,475",--
6135,牧野フライス製作所,PTS(X),信用返済売,６ヵ月,特定,2025/03/19,2025/03/24,100,"11,813",361,--,"2,039",--
6135,牧野フライス製作所,PTS(O),信用返済売,６ヵ月,特定,2025/03/19,2025/03/24,100,"11,815",361,--,"2,339",--
6135,牧野フライス製作所,PTS(O),信用返済売,６ヵ月,特定,2025/03/19,2025/03/24,100,"11,815",361,--,"2,339",--
6135,牧野フライス製作所,PTS(X),信用返済売,６ヵ月,特定,2025/03/19,2025/03/24,100,"11,812",361,--,"1,939",--
6135,牧野フライス製作所,PTS(X),信用返済売,６ヵ月,特定,2025/03/19,2025/03/24,100,"11,814",361,--,"2,239",--
6594,ニデック,東証,信用返済売,６ヵ月,特定,2025/03/19,2025/03/24,100,"2,808.5",21,--,"-1,411",--
6594,ニデック,東証,信用返済売,６ヵ月,特定,2025/03/19,2025/03/24,100,"2,808.5",21,--,"-1,391",--
6594,ニデック,東証,信用返済売,６ヵ月,特定,2025/03/19,2025/03/24,300,"2,808",64,--,"-4,564",--
6594,ニデック,PTS(X),信用返済売,６ヵ月,特定,2025/03/19,2025/03/24,100,"2,808.8",21,--,"-1,391",--
6594,ニデック,PTS(X),信用返済売,６ヵ月,特定,2025/03/19,2025/03/24,100,"2,808.6",21,--,"-1,391",--
6594,ニデック,PTS(X),信用返済売,６ヵ月,特定,2025/03/19,2025/03/24,200,"2,808.7",43,--,"-2,763",--
6594,ニデック,東証,信用返済売,６ヵ月,特定,2025/03/19,2025/03/24,100,"2,808.5",21,--,"-1,411",--
6857,アドバンテスト,東証,信用返済売,６ヵ月,特定,2025/03/19,2025/03/24,100,"8,303",64,--,"-6,344",--
6857,アドバンテスト,東証,信用返済売,６ヵ月,特定,2025/03/19,2025/03/24,"1,300","8,320",830,--,"-7,330",--
6857,アドバンテスト,東証,信用返済売,６ヵ月,特定,2025/03/19,2025/03/24,100,"8,321",63,--,-363,--
6857,アドバンテスト,東証,信用返済売,６ヵ月,特定,2025/03/19,2025/03/24,100,"8,303",64,--,"-14,664",--
6857,アドバンテスト,東証,信用返済売,６ヵ月,特定,2025/03/19,2025/03/24,200,"8,303",128,--,"-12,728",--
6857,アドバンテスト,東証,信用返済売,６ヵ月,特定,2025/03/19,2025/03/24,100,"8,303",64,--,"-6,354",--
6857,アドバンテスト,東証,信用返済売,６ヵ月,特定,2025/03/19,2025/03/24,100,"8,303",64,--,"-6,354",--
6857,アドバンテスト,東証,信用返済売,６ヵ月,特定,2025/03/19,2025/03/24,300,"8,303",194,--,"-43,394",--
6857,アドバンテスト,東証,信用返済売,６ヵ月,特定,2025/03/19,2025/03/24,100,"8,303",64,--,"-14,464",--
6857,アドバンテスト,東証,信用返済売,６ヵ月,特定,2025/03/19,2025/03/24,600,"8,320",383,--,"-2,783",--
7011,三菱重工業,東証,信用返済売,６ヵ月,特定,2025/03/19,2025/03/24,100,"2,839.5",21,--,"-2,571",--
7011,三菱重工業,東証,信用返済売,６ヵ月,特定,2025/03/19,2025/03/24,100,"2,886.5",22,--,-162,--
7011,三菱重工業,PTS(X),信用返済売,６ヵ月,特定,2025/03/19,2025/03/24,100,"2,839.7",21,--,"-2,501",--
7011,三菱重工業,東証,信用返済売,６ヵ月,特定,2025/03/19,2025/03/24,"2,900","2,886.5",642,--,"-4,992",--
7011,三菱重工業,東証,信用返済売,６ヵ月,特定,2025/03/19,2025/03/24,100,"2,886",22,--,-222,--
7011,三菱重工業,東証,信用返済売,６ヵ月,特定,2025/03/19,2025/03/24,100,"2,886",22,--,-222,--
7011,三菱重工業,東証,信用返済売,６ヵ月,特定,2025/03/19,2025/03/24,"1,300","2,886",288,--,"-2,888",--
7011,三菱重工業,PTS(X),信用返済売,６ヵ月,特定,2025/03/19,2025/03/24,100,"2,839.6",21,--,"-2,561",--
7011,三菱重工業,PTS(O),信用返済売,６ヵ月,特定,2025/03/19,2025/03/24,100,"2,839.6",21,--,"-2,511",--
7011,三菱重工業,PTS(X),信用返済売,６ヵ月,特定,2025/03/19,2025/03/24,100,"2,886.5",22,--,-162,--
7011,三菱重工業,PTS(O),信用返済売,６ヵ月,特定,2025/03/19,2025/03/24,500,"2,839.6",109,--,"-12,809",--
7011,三菱重工業,東証,信用返済売,６ヵ月,特定,2025/03/19,2025/03/24,100,"2,839",21,--,"-2,621",--
7011,三菱重工業,東証,信用返済売,６ヵ月,特定,2025/03/19,2025/03/24,400,"2,886",88,--,-888,--
9509,北海道電力,東証,信用返済売,６ヵ月,特定,2025/03/19,2025/03/24,"1,000",846.5,65,--,"-1,665",--
9509,北海道電力,東証,信用返済売,６ヵ月,特定,2025/03/19,2025/03/24,600,846.9,38,--,"1,582",--
9509,北海道電力,東証,信用返済売,６ヵ月,特定,2025/03/19,2025/03/24,300,846.8,19,--,761,--
9509,北海道電力,PTS(O),信用返済売,６ヵ月,特定,2025/03/19,2025/03/24,100,846.9,6,--,264,--
9509,北海道電力,東証,信用返済売,６ヵ月,特定,2025/03/19,2025/03/24,700,846.6,45,--,"1,635",--
9509,北海道電力,東証,信用返済売,６ヵ月,特定,2025/03/19,2025/03/24,300,846.7,19,--,731,--
9509,北海道電力,東証,信用返済売,６ヵ月,特定,2025/03/19,2025/03/24,300,846.6,19,--,-499,--
9509,北海道電力,東証,信用返済売,６ヵ月,特定,2025/03/19,2025/03/24,200,846.5,13,--,-353,--
5803,フジクラ,東証,信用新規買,６ヵ月,特定,2025/03/19,2025/03/24,700,"5,883",--,--,--,--
5803,フジクラ,東証,信用新規買,６ヵ月,特定,2025/03/19,2025/03/24,"1,600","5,882",--,--,--,--
5803,フジクラ,PTS(X),信用新規買,６ヵ月,特定,2025/03/19,2025/03/24,100,"5,881.4",--,--,--,--
5803,フジクラ,PTS(O),信用新規買,６ヵ月,特定,2025/03/19,2025/03/24,200,"5,881.3",--,--,--,--
5803,フジクラ,PTS(X),信用新規買,６ヵ月,特定,2025/03/19,2025/03/24,100,"5,881.3",--,--,--,--
6135,牧野フライス製作所,PTS(X),信用新規買,６ヵ月,特定,2025/03/19,2025/03/24,100,"11,860",--,--,--,--
6135,牧野フライス製作所,PTS(O),信用新規買,６ヵ月,特定,2025/03/19,2025/03/24,200,"11,859",--,--,--,--
6135,牧野フライス製作所,PTS(O),信用新規買,６ヵ月,特定,2025/03/19,2025/03/24,100,"11,860",--,--,--,--
6594,ニデック,東証,信用新規買,６ヵ月,特定,2025/03/19,2025/03/24,300,"2,823",--,--,--,--
6594,ニデック,PTS(X),信用新規買,６ヵ月,特定,2025/03/19,2025/03/24,200,"2,822.3",--,--,--,--
6594,ニデック,PTS(O),信用新規買,６ヵ月,特定,2025/03/19,2025/03/24,100,"2,822.3",--,--,--,--
6594,ニデック,東証,信用新規買,６ヵ月,特定,2025/03/19,2025/03/24,100,"2,822.5",--,--,--,--
6594,ニデック,PTS(X),信用新規買,６ヵ月,特定,2025/03/19,2025/03/24,100,"2,822.2",--,--,--,--
6594,ニデック,PTS(O),信用新規買,６ヵ月,特定,2025/03/19,2025/03/24,100,"2,822.4",--,--,--,--
6594,ニデック,PTS(X),信用新規買,６ヵ月,特定,2025/03/19,2025/03/24,100,"2,822.4",--,--,--,--
6857,アドバンテスト,東証,信用新規買,６ヵ月,特定,2025/03/19,2025/03/24,200,"8,366",--,--,--,--
6857,アドバンテスト,東証,信用新規買,６ヵ月,特定,2025/03/19,2025/03/24,100,"8,449",--,--,--,--
6857,アドバンテスト,東証,信用新規買,６ヵ月,特定,2025/03/19,2025/03/24,"1,300","8,325",--,--,--,--
6857,アドバンテスト,PTS(X),信用新規買,６ヵ月,特定,2025/03/19,2025/03/24,100,"8,365.8",--,--,--,--
6857,アドバンテスト,PTS(O),信用新規買,６ヵ月,特定,2025/03/19,2025/03/24,100,"8,365.9",--,--,--,--
6857,アドバンテスト,PTS(X),信用新規買,６ヵ月,特定,2025/03/19,2025/03/24,100,"8,365.9",--,--,--,--
6857,アドバンテスト,東証,信用新規買,６ヵ月,特定,2025/03/19,2025/03/24,300,"8,447",--,--,--,--
6857,アドバンテスト,東証,信用新規買,６ヵ月,特定,2025/03/19,2025/03/24,700,"8,324",--,--,--,--
6857,アドバンテスト,PTS(O),信用新規買,６ヵ月,特定,2025/03/19,2025/03/24,100,"8,447",--,--,--,--
7011,三菱重工業,PTS(J),信用新規買,６ヵ月,特定,2025/03/19,2025/03/24,400,"2,888",--,--,--,--
7011,三菱重工業,PTS(O),信用新規買,６ヵ月,特定,2025/03/19,2025/03/24,100,"2,888",--,--,--,--
7011,三菱重工業,PTS(X),信用新規買,６ヵ月,特定,2025/03/19,2025/03/24,100,"2,887.9",--,--,--,--
7011,三菱重工業,PTS(O),信用新規買,６ヵ月,特定,2025/03/19,2025/03/24,100,"2,887.9",--,--,--,--
7011,三菱重工業,PTS(X),信用新規買,６ヵ月,特定,2025/03/19,2025/03/24,100,"2,888",--,--,--,--
7011,三菱重工業,東証,信用新規買,６ヵ月,特定,2025/03/19,2025/03/24,"4,200","2,888",--,--,--,--
7011,三菱重工業,東証,信用新規買,６ヵ月,特定,2025/03/19,2025/03/24,200,"2,864.5",--,--,--,--
7011,三菱重工業,東証,信用新規買,６ヵ月,特定,2025/03/19,2025/03/24,800,"2,865",--,--,--,--
9509,北海道電力,PTS(O),信用新規買,６ヵ月,特定,2025/03/19,2025/03/24,100,847.1,--,--,--,--
9509,北海道電力,PTS(X),信用新規買,６ヵ月,特定,2025/03/19,2025/03/24,100,847.1,--,--,--,--
9509,北海道電力,東証,信用新規買,６ヵ月,特定,2025/03/19,2025/03/24,500,848.2,--,--,--,--
9509,北海道電力,PTS(X),信用新規買,６ヵ月,特定,2025/03/19,2025/03/24,100,847,--,--,--,--
9509,北海道電力,PTS(X),信用新規買,６ヵ月,特定,2025/03/19,2025/03/24,100,847.2,--,--,--,--
9509,北海道電力,PTS(X),信用新規買,６ヵ月,特定,2025/03/19,2025/03/24,100,847.3,--,--,--,--
9509,北海道電力,PTS(O),信用新規買,６ヵ月,特定,2025/03/19,2025/03/24,100,847,--,--,--,--
9509,北海道電力,PTS(O),信用新規買,６ヵ月,特定,2025/03/19,2025/03/24,100,847.3,--,--,--,--
9509,北海道電力,東証,信用新規買,６ヵ月,特定,2025/03/19,2025/03/24,"1,000",847.7,--,--,--,--
9509,北海道電力,東証,信用新規買,６ヵ月,特定,2025/03/19,2025/03/24,"2,000",844.2,--,--,--,--
9509,北海道電力,東証,信用新規買,６ヵ月,特定,2025/03/19,2025/03/24,"1,000",847.6,--,--,--,--
9509,北海道電力,東証,信用新規買,６ヵ月,特定,2025/03/19,2025/03/24,600,847.4,--,--,--,--
9509,北海道電力,東証,信用新規買,６ヵ月,特定,2025/03/19,2025/03/24,"1,100",847.5,--,--,--,--
9509,北海道電力,東証,信用新規買,６ヵ月,特定,2025/03/19,2025/03/24,"1,000",848.1,--,--,--,--
9509,北海道電力,PTS(O),信用新規買,６ヵ月,特定,2025/03/19,2025/03/24,200,847.2,--,--,--,--
9509,北海道電力,東証,信用新規買,６ヵ月,特定,2025/03/19,2025/03/24,400,847.3,--,--,--,--
5803,フジクラ,東証,信用返済買,６ヵ月,特定,2025/03/19,2025/03/24,100,"5,865",17,--,-897,--
5803,フジクラ,東証,信用返済買,６ヵ月,特定,2025/03/19,2025/03/24,100,"5,865",17,--,-897,--
5803,フジクラ,東証,信用返済買,６ヵ月,特定,2025/03/19,2025/03/24,100,"5,865",17,--,-847,--
5803,フジクラ,東証,信用返済買,６ヵ月,特定,2025/03/19,2025/03/24,100,"5,865",17,--,-847,--
5803,フジクラ,東証,信用返済買,６ヵ月,特定,2025/03/19,2025/03/24,"2,000","5,865",352,--,"-18,352",--
5803,フジクラ,東証,信用返済買,６ヵ月,特定,2025/03/19,2025/03/24,100,"5,865",17,--,-837,--
6857,アドバンテスト,PTS(X),信用返済買,６ヵ月,特定,2025/03/19,2025/03/24,100,"8,317.7",25,--,-895,--
6857,アドバンテスト,PTS(X),信用返済買,６ヵ月,特定,2025/03/19,2025/03/24,100,"8,317.9",25,--,"-1,015",--
6857,アドバンテスト,PTS(X),信用返済買,６ヵ月,特定,2025/03/19,2025/03/24,100,"8,317.8",25,--,"-1,005",--
6857,アドバンテスト,PTS(O),信用返済買,６ヵ月,特定,2025/03/19,2025/03/24,100,"8,317.8",25,--,-905,--
6857,アドバンテスト,PTS(O),信用返済買,６ヵ月,特定,2025/03/19,2025/03/24,100,"8,317.7",25,--,-895,--
6857,アドバンテスト,PTS(X),信用返済買,６ヵ月,特定,2025/03/19,2025/03/24,100,"8,317.6",25,--,-785,--
6857,アドバンテスト,PTS(X),信用返済買,６ヵ月,特定,2025/03/19,2025/03/24,100,"8,317.6",25,--,-885,--
6857,アドバンテスト,PTS(O),信用返済買,６ヵ月,特定,2025/03/19,2025/03/24,300,"8,317.9",75,--,"-3,045",--
6857,アドバンテスト,PTS(X),信用返済買,６ヵ月,特定,2025/03/19,2025/03/24,100,"8,317.9",25,--,"-1,115",--
6857,アドバンテスト,PTS(X),信用返済買,６ヵ月,特定,2025/03/19,2025/03/24,400,"8,317.9",100,--,"-4,460",--
6857,アドバンテスト,PTS(X),信用返済買,６ヵ月,特定,2025/03/19,2025/03/24,100,"8,317.9",25,--,"-1,005",--
6857,アドバンテスト,PTS(O),信用返済買,６ヵ月,特定,2025/03/19,2025/03/24,300,"8,317.9",75,--,"-2,745",--
6857,アドバンテスト,PTS(X),信用返済買,６ヵ月,特定,2025/03/19,2025/03/24,100,"8,317.9",25,--,-995,--
7011,三菱重工業,PTS(O),信用新規売,６ヵ月,特定,2025/03/18,2025/03/21,100,"2,758.1",--,--,--,--
7011,三菱重工業,PTS(O),信用新規売,６ヵ月,特定,2025/03/18,2025/03/21,200,"2,758",--,--,--,--
7011,三菱重工業,PTS(X),信用新規売,６ヵ月,特定,2025/03/18,2025/03/21,100,"2,758.1",--,--,--,--
7011,三菱重工業,PTS(O),信用新規売,６ヵ月,特定,2025/03/18,2025/03/21,100,"2,786.6",--,--,--,--
7011,三菱重工業,東証,信用新規売,６ヵ月,特定,2025/03/18,2025/03/21,400,"2,758",--,--,--,--
7011,三菱重工業,東証,信用新規売,６ヵ月,特定,2025/03/18,2025/03/21,500,"2,786.5",--,--,--,--
7011,三菱重工業,PTS(X),信用新規売,６ヵ月,特定,2025/03/18,2025/03/21,200,"2,758",--,--,--,--
7011,三菱重工業,PTS(J),信用新規売,６ヵ月,特定,2025/03/18,2025/03/21,100,"2,786.6",--,--,--,--
7011,三菱重工業,PTS(O),信用新規売,６ヵ月,特定,2025/03/18,2025/03/21,200,"2,786.5",--,--,--,--
7011,三菱重工業,PTS(X),信用新規売,６ヵ月,特定,2025/03/18,2025/03/21,100,"2,786.8",--,--,--,--
7013,ＩＨＩ,PTS(X),信用新規売,６ヵ月,特定,2025/03/18,2025/03/21,100,"11,187",--,--,--,--
7013,ＩＨＩ,PTS(X),信用新規売,６ヵ月,特定,2025/03/18,2025/03/21,100,"11,186.5",--,--,--,--
8058,三菱商事,東証,信用新規売,６ヵ月,特定,2025/03/18,2025/03/21,300,"2,780",--,--,--,--
8058,三菱商事,東証,信用新規売,６ヵ月,特定,2025/03/18,2025/03/21,300,"2,774",--,--,--,--
8058,三菱商事,PTS(X),信用新規売,６ヵ月,特定,2025/03/18,2025/03/21,100,"2,780.2",--,--,--,--
8058,三菱商事,PTS(X),信用新規売,６ヵ月,特定,2025/03/18,2025/03/21,100,"2,780.1",--,--,--,--
8058,三菱商事,PTS(X),信用新規売,６ヵ月,特定,2025/03/18,2025/03/21,100,"2,774.2",--,--,--,--
8058,三菱商事,PTS(O),信用新規売,６ヵ月,特定,2025/03/18,2025/03/21,200,"2,774",--,--,--,--
8058,三菱商事,PTS(X),信用新規売,６ヵ月,特定,2025/03/18,2025/03/21,100,"2,774.1",--,--,--,--
8058,三菱商事,PTS(O),信用新規売,６ヵ月,特定,2025/03/18,2025/03/21,100,"2,774.4",--,--,--,--
8058,三菱商事,PTS(O),信用新規売,６ヵ月,特定,2025/03/18,2025/03/21,100,"2,780.3",--,--,--,--
8058,三菱商事,東証,信用新規売,６ヵ月,特定,2025/03/18,2025/03/21,500,"2,756",--,--,--,--
8058,三菱商事,東証,信用新規売,６ヵ月,特定,2025/03/18,2025/03/21,200,"2,779.5",--,--,--,--
8058,三菱商事,PTS(X),信用新規売,６ヵ月,特定,2025/03/18,2025/03/21,200,"2,774.3",--,--,--,--
8058,三菱商事,PTS(X),信用新規売,６ヵ月,特定,2025/03/18,2025/03/21,200,"2,780",--,--,--,--
6857,アドバンテスト,東証,信用返済売,６ヵ月,特定,2025/03/18,2025/03/21,100,"8,730",66,--,"4,544",--
6857,アドバンテスト,東証,信用返済売,６ヵ月,特定,2025/03/18,2025/03/21,100,"8,730",66,--,"4,574",--
6857,アドバンテスト,東証,信用返済売,６ヵ月,特定,2025/03/18,2025/03/21,100,"8,730",66,--,"4,594",--
6857,アドバンテスト,PTS(X),信用返済売,６ヵ月,特定,2025/03/18,2025/03/21,100,"8,731.1",66,--,"10,074",--
6857,アドバンテスト,PTS(X),信用返済売,６ヵ月,特定,2025/03/18,2025/03/21,100,"8,695.6",66,--,"6,644",--
6857,アドバンテスト,PTS(X),信用返済売,６ヵ月,特定,2025/03/18,2025/03/21,100,"8,704.1",66,--,"1,954",--
6857,アドバンテスト,PTS(X),信用返済売,６ヵ月,特定,2025/03/18,2025/03/21,100,"8,731.2",66,--,"10,204",--
6857,アドバンテスト,PTS(X),信用返済売,６ヵ月,特定,2025/03/18,2025/03/21,100,"8,704",66,--,"1,934",--
6857,アドバンテスト,東証,信用返済売,６ヵ月,特定,2025/03/18,2025/03/21,100,"8,730",66,--,"9,844",--
6857,アドバンテスト,東証,信用返済売,６ヵ月,特定,2025/03/18,2025/03/21,100,"8,704",66,--,584,--
6857,アドバンテスト,東証,信用返済売,６ヵ月,特定,2025/03/18,2025/03/21,100,"8,731",66,--,"9,954",--
6857,アドバンテスト,東証,信用返済売,６ヵ月,特定,2025/03/18,2025/03/21,200,"8,704",133,--,"-2,333",--
6857,アドバンテスト,東証,信用返済売,６ヵ月,特定,2025/03/18,2025/03/21,100,"8,703",66,--,"-1,266",--
6857,アドバンテスト,東証,信用返済売,６ヵ月,特定,2025/03/18,2025/03/21,100,"8,704",66,--,574,--
6857,アドバンテスト,PTS(X),信用返済売,６ヵ月,特定,2025/03/18,2025/03/21,100,"8,704",66,--,614,--
6857,アドバンテスト,東証,信用返済売,６ヵ月,特定,2025/03/18,2025/03/21,100,"8,730",66,--,"4,544",--
6857,アドバンテスト,PTS(X),信用返済売,６ヵ月,特定,2025/03/18,2025/03/21,100,"8,704",66,--,604,--
6857,アドバンテスト,PTS(X),信用返済売,６ヵ月,特定,2025/03/18,2025/03/21,100,"8,704",66,--,624,--
6890,フェローテックホールディングス,PTS(O),信用返済売,６ヵ月,特定,2025/03/18,2025/03/21,100,"2,890.1",67,--,"-4,347",--
6890,フェローテックホールディングス,PTS(O),信用返済売,６ヵ月,特定,2025/03/18,2025/03/21,100,"2,890.9",67,--,"-4,237",--
6890,フェローテックホールディングス,PTS(X),信用返済売,６ヵ月,特定,2025/03/18,2025/03/21,100,"2,889.3",67,--,"-4,437",--
6890,フェローテックホールディングス,PTS(X),信用返済売,６ヵ月,特定,2025/03/18,2025/03/21,100,"2,890.7",67,--,"-4,287",--
6890,フェローテックホールディングス,PTS(X),信用返済売,６ヵ月,特定,2025/03/18,2025/03/21,100,"2,890.8",67,--,"-4,287",--
6890,フェローテックホールディングス,PTS(O),信用返済売,６ヵ月,特定,2025/03/18,2025/03/21,100,"2,890.9",67,--,"-4,277",--
6890,フェローテックホールディングス,東証,信用返済売,６ヵ月,特定,2025/03/18,2025/03/21,100,"2,889",67,--,"-4,417",--
6890,フェローテックホールディングス,東証,信用返済売,６ヵ月,特定,2025/03/18,2025/03/21,100,"2,888",67,--,"-4,517",--
6890,フェローテックホールディングス,東証,信用返済売,６ヵ月,特定,2025/03/18,2025/03/21,100,"2,888",67,--,"-4,537",--
6890,フェローテックホールディングス,PTS(O),信用返済売,６ヵ月,特定,2025/03/18,2025/03/21,100,"2,889.1",67,--,"-4,457",--
7012,川崎重工業,東証,信用返済売,６ヵ月,特定,2025/03/18,2025/03/21,100,"9,637",74,--,"-5,644",--
7012,川崎重工業,PTS(O),信用返済売,６ヵ月,特定,2025/03/18,2025/03/21,100,"9,637.7",74,--,"-5,584",--
7012,川崎重工業,PTS(X),信用返済売,６ヵ月,特定,2025/03/18,2025/03/21,100,"9,637.2",74,--,"-4,854",--
7012,川崎重工業,PTS(O),信用返済売,６ヵ月,特定,2025/03/18,2025/03/21,100,"9,637.2",74,--,"-5,644",--
7012,川崎重工業,PTS(X),信用返済売,６ヵ月,特定,2025/03/18,2025/03/21,100,"9,637.1",74,--,"-4,864",--
8058,三菱商事,PTS(X),信用返済売,６ヵ月,特定,2025/03/18,2025/03/21,100,"2,760.8",21,--,-411,--
8058,三菱商事,PTS(O),信用返済売,６ヵ月,特定,2025/03/18,2025/03/21,100,"2,760.7",21,--,-431,--
8058,三菱商事,PTS(O),信用返済売,６ヵ月,特定,2025/03/18,2025/03/21,100,"2,760.6",21,--,-451,--
8058,三菱商事,PTS(X),信用返済売,６ヵ月,特定,2025/03/18,2025/03/21,100,"2,760.6",21,--,-451,--
8058,三菱商事,PTS(J),信用返済売,６ヵ月,特定,2025/03/18,2025/03/21,100,"2,760.6",21,--,-441,--
8058,三菱商事,PTS(J),信用返済売,６ヵ月,特定,2025/03/18,2025/03/21,200,"2,760.6",42,--,-882,--
8058,三菱商事,PTS(X),信用返済売,６ヵ月,特定,2025/03/18,2025/03/21,200,"2,760.5",42,--,-942,--
8058,三菱商事,PTS(X),信用返済売,６ヵ月,特定,2025/03/18,2025/03/21,300,"2,760.7",63,--,"-1,323",--
8058,三菱商事,PTS(X),信用返済売,６ヵ月,特定,2025/03/18,2025/03/21,300,"2,760.5",63,--,"-1,383",--
6135,牧野フライス製作所,PTS(X),信用新規買,６ヵ月,特定,2025/03/18,2025/03/21,100,"11,789",--,--,--,--
6135,牧野フライス製作所,PTS(O),信用新規買,６ヵ月,特定,2025/03/18,2025/03/21,100,"11,789",--,--,--,--
6135,牧野フライス製作所,PTS(X),信用新規買,６ヵ月,特定,2025/03/18,2025/03/21,100,"11,788",--,--,--,--
6135,牧野フライス製作所,PTS(O),信用新規買,６ヵ月,特定,2025/03/18,2025/03/21,200,"11,788",--,--,--,--
6857,アドバンテスト,PTS(X),信用新規買,６ヵ月,特定,2025/03/18,2025/03/21,100,"8,629.7",--,--,--,--
6857,アドバンテスト,東証,信用新規買,６ヵ月,特定,2025/03/18,2025/03/21,300,"8,715",--,--,--,--
6857,アドバンテスト,PTS(X),信用新規買,６ヵ月,特定,2025/03/18,2025/03/21,100,"8,697.1",--,--,--,--
6857,アドバンテスト,PTS(X),信用新規買,６ヵ月,特定,2025/03/18,2025/03/21,100,"8,697.6",--,--,--,--
6857,アドバンテスト,PTS(X),信用新規買,６ヵ月,特定,2025/03/18,2025/03/21,100,"8,630.9",--,--,--,--
6857,アドバンテスト,PTS(X),信用新規買,６ヵ月,特定,2025/03/18,2025/03/21,100,"8,697.3",--,--,--,--
6857,アドバンテスト,PTS(X),信用新規買,６ヵ月,特定,2025/03/18,2025/03/21,100,"8,697.5",--,--,--,--
6857,アドバンテスト,PTS(X),信用新規買,６ヵ月,特定,2025/03/18,2025/03/21,100,"8,628.5",--,--,--,--
6857,アドバンテスト,PTS(O),信用新規買,６ヵ月,特定,2025/03/18,2025/03/21,100,"8,683.9",--,--,--,--
6857,アドバンテスト,PTS(O),信用新規買,６ヵ月,特定,2025/03/18,2025/03/21,100,"8,683.6",--,--,--,--
6857,アドバンテスト,PTS(X),信用新規買,６ヵ月,特定,2025/03/18,2025/03/21,100,"8,683.4",--,--,--,--
6857,アドバンテスト,PTS(X),信用新規買,６ヵ月,特定,2025/03/18,2025/03/21,100,"8,630.8",--,--,--,--
6857,アドバンテスト,PTS(X),信用新規買,６ヵ月,特定,2025/03/18,2025/03/21,100,"8,697.2",--,--,--,--
6857,アドバンテスト,PTS(X),信用新規買,６ヵ月,特定,2025/03/18,2025/03/21,100,"8,684",--,--,--,--
6857,アドバンテスト,PTS(X),信用新規買,６ヵ月,特定,2025/03/18,2025/03/21,200,"8,683.9",--,--,--,--
6857,アドバンテスト,PTS(O),信用新規買,６ヵ月,特定,2025/03/18,2025/03/21,100,"8,628.5",--,--,--,--
7012,川崎重工業,PTS(X),信用新規買,６ヵ月,特定,2025/03/18,2025/03/21,100,"9,692.9",--,--,--,--
7012,川崎重工業,PTS(O),信用新規買,６ヵ月,特定,2025/03/18,2025/03/21,100,"9,692.7",--,--,--,--
7012,川崎重工業,PTS(X),信用新規買,６ヵ月,特定,2025/03/18,2025/03/21,100,"9,692.8",--,--,--,--
7012,川崎重工業,東証,信用新規買,６ヵ月,特定,2025/03/18,2025/03/21,200,"9,685",--,--,--,--
8058,三菱商事,PTS(O),信用新規買,６ヵ月,特定,2025/03/18,2025/03/21,100,"2,764.8",--,--,--,--
8058,三菱商事,PTS(X),信用新規買,６ヵ月,特定,2025/03/18,2025/03/21,100,"2,764.7",--,--,--,--
8058,三菱商事,PTS(J),信用新規買,６ヵ月,特定,2025/03/18,2025/03/21,100,"2,764.9",--,--,--,--
8058,三菱商事,PTS(X),信用新規買,６ヵ月,特定,2025/03/18,2025/03/21,200,"2,765",--,--,--,--
8058,三菱商事,PTS(X),信用新規買,６ヵ月,特定,2025/03/18,2025/03/21,700,"2,764.9",--,--,--,--
8058,三菱商事,PTS(X),信用新規買,６ヵ月,特定,2025/03/18,2025/03/21,300,"2,764.8",--,--,--,--
7011,三菱重工業,PTS(J),信用返済買,６ヵ月,特定,2025/03/18,2025/03/21,100,"2,791.5",8,--,-498,--
7011,三菱重工業,PTS(X),信用返済買,６ヵ月,特定,2025/03/18,2025/03/21,200,"2,776",16,--,"-3,616",--
7011,三菱重工業,PTS(O),信用返済買,６ヵ月,特定,2025/03/18,2025/03/21,100,"2,791.4",8,--,-498,--
7011,三菱重工業,PTS(X),信用返済買,６ヵ月,特定,2025/03/18,2025/03/21,100,"2,791.5",8,--,-498,--
7011,三菱重工業,PTS(O),信用返済買,６ヵ月,特定,2025/03/18,2025/03/21,100,"2,791.5",8,--,-478,--
7011,三菱重工業,PTS(J),信用返済買,６ヵ月,特定,2025/03/18,2025/03/21,300,"2,791.5",25,--,"-1,525",--
7011,三菱重工業,PTS(X),信用返済買,６ヵ月,特定,2025/03/18,2025/03/21,100,"2,791.4",8,--,-498,--
7011,三菱重工業,東証,信用返済買,６ヵ月,特定,2025/03/18,2025/03/21,200,"2,776",16,--,"-3,616",--
7011,三菱重工業,東証,信用返済買,６ヵ月,特定,2025/03/18,2025/03/21,200,"2,776",16,--,"-3,616",--
7011,三菱重工業,東証,信用返済買,６ヵ月,特定,2025/03/18,2025/03/21,200,"2,776",16,--,"-3,616",--
7011,三菱重工業,東証,信用返済買,６ヵ月,特定,2025/03/18,2025/03/21,100,"2,776",8,--,"-1,798",--
7011,三菱重工業,東証,信用返済買,６ヵ月,特定,2025/03/18,2025/03/21,100,"2,776",8,--,"-1,798",--
7011,三菱重工業,東証,信用返済買,６ヵ月,特定,2025/03/18,2025/03/21,200,"2,791.5",16,--,"-1,016",--
7013,ＩＨＩ,東証,信用返済買,６ヵ月,特定,2025/03/18,2025/03/21,100,"11,245",33,--,"-5,833",--
7013,ＩＨＩ,東証,信用返済買,６ヵ月,特定,2025/03/18,2025/03/21,100,"11,245",33,--,"-5,883",--
8058,三菱商事,PTS(J),信用返済買,６ヵ月,特定,2025/03/18,2025/03/21,100,"2,754.5",8,--,"1,942",--
8058,三菱商事,PTS(X),信用返済買,６ヵ月,特定,2025/03/18,2025/03/21,100,"2,754.4",8,--,"1,972",--
8058,三菱商事,PTS(X),信用返済買,６ヵ月,特定,2025/03/18,2025/03/21,500,"2,754.5",41,--,709,--
8058,三菱商事,PTS(O),信用返済買,６ヵ月,特定,2025/03/18,2025/03/21,100,"2,751",8,--,"2,892",--
8058,三菱商事,PTS(X),信用返済買,６ヵ月,特定,2025/03/18,2025/03/21,200,"2,754.4",16,--,"3,904",--
8058,三菱商事,PTS(X),信用返済買,６ヵ月,特定,2025/03/18,2025/03/21,100,"2,754.4",8,--,"1,962",--
8058,三菱商事,PTS(X),信用返済買,６ヵ月,特定,2025/03/18,2025/03/21,100,"2,754.4",8,--,"1,952",--
8058,三菱商事,PTS(X),信用返済買,６ヵ月,特定,2025/03/18,2025/03/21,100,"2,754.4",8,--,"1,982",--
8058,三菱商事,PTS(O),信用返済買,６ヵ月,特定,2025/03/18,2025/03/21,100,"2,751",8,--,"2,912",--
8058,三菱商事,PTS(X),信用返済買,６ヵ月,特定,2025/03/18,2025/03/21,100,"2,754.3",8,--,"1,962",--
8058,三菱商事,東証,信用返済買,６ヵ月,特定,2025/03/18,2025/03/21,100,"2,754.5",8,--,"1,972",--
8058,三菱商事,東証,信用返済買,６ヵ月,特定,2025/03/18,2025/03/21,200,"2,751",16,--,"5,784",--
8058,三菱商事,東証,信用返済買,６ヵ月,特定,2025/03/18,2025/03/21,200,"2,751",16,--,"5,684",--
8058,三菱商事,東証,信用返済買,６ヵ月,特定,2025/03/18,2025/03/21,100,"2,751",8,--,"2,922",--
8058,三菱商事,東証,信用返済買,６ヵ月,特定,2025/03/18,2025/03/21,100,"2,751",8,--,"2,902",--
8058,三菱商事,PTS(X),信用返済買,６ヵ月,特定,2025/03/18,2025/03/21,100,"2,750.4",8,--,"2,952",--
8058,三菱商事,PTS(X),信用返済買,６ヵ月,特定,2025/03/18,2025/03/21,100,"2,754.4",8,--,"1,992",--
8058,三菱商事,PTS(O),信用返済買,６ヵ月,特定,2025/03/18,2025/03/21,100,"2,750.9",8,--,"2,902",--
2760,東京エレクトロン　デバイス,東証,現物売,--,特定,2025/03/17,2025/03/19,100,"3,135",--,--,"313,500",--
4044,セントラル硝子,東証,現物売,--,特定,2025/03/17,2025/03/19,100,"3,310",--,--,"331,000",--
4202,ダイセル,東証,現物売,--,特定,2025/03/17,2025/03/19,100,"1,349",--,--,"134,900",--
4676,フジ・メディア・ホールディングス,東証,現物売,--,特定,2025/03/17,2025/03/19,100,"2,355",--,--,"235,500",--
5352,黒崎播磨,東証,現物売,--,特定,2025/03/17,2025/03/19,100,"2,650",--,--,"265,000",--
5911,横河ブリッジホールディングス,東証,現物売,--,特定,2025/03/17,2025/03/19,100,"2,600",--,--,"260,000",--
6125,岡本工作機械製作所,東証,現物売,--,特定,2025/03/17,2025/03/19,100,"3,800",--,--,"380,000",--
6254,野村マイクロ・サイエンス,東証,現物売,--,特定,2025/03/17,2025/03/19,100,"2,562",--,--,"256,200",--
6745,ホーチキ,東証,現物売,--,特定,2025/03/17,2025/03/19,100,"2,510",--,--,"251,000",--
7011,三菱重工業,東証,現物売,--,特定,2025/03/17,2025/03/19,100,"2,624",--,--,"262,400",--
7267,本田技研工業,東証,現物売,--,特定,2025/03/17,2025/03/19,200,"1,450",--,--,"290,000",--
7841,遠藤製作所,東証,現物売,--,特定,2025/03/17,2025/03/19,100,"1,242",--,--,"124,200",--
8601,大和証券グループ本社,東証,現物売,--,特定,2025/03/17,2025/03/19,100,"1,052",--,--,"105,200",--
6857,アドバンテスト,PTS(X),信用新規売,６ヵ月,特定,2025/03/17,2025/03/19,100,"8,349.1",--,--,--,--
6857,アドバンテスト,PTS(X),信用新規売,６ヵ月,特定,2025/03/17,2025/03/19,100,"8,351",--,--,--,--
6857,アドバンテスト,東証,信用新規売,６ヵ月,特定,2025/03/17,2025/03/19,200,"8,296",--,--,--,--
6857,アドバンテスト,PTS(O),信用新規売,６ヵ月,特定,2025/03/17,2025/03/19,100,"8,350.3",--,--,--,--
6857,アドバンテスト,東証,信用新規売,６ヵ月,特定,2025/03/17,2025/03/19,300,"8,295",--,--,--,--
6890,フェローテックホールディングス,東証,信用新規売,６ヵ月,特定,2025/03/17,2025/03/19,100,"2,975",--,--,--,--
6890,フェローテックホールディングス,東証,信用新規売,６ヵ月,特定,2025/03/17,2025/03/19,600,"2,974",--,--,--,--
6890,フェローテックホールディングス,東証,信用新規売,６ヵ月,特定,2025/03/17,2025/03/19,100,"2,976",--,--,--,--
6890,フェローテックホールディングス,PTS(X),信用新規売,６ヵ月,特定,2025/03/17,2025/03/19,200,"2,942.4",--,--,--,--
6890,フェローテックホールディングス,PTS(J),信用新規売,６ヵ月,特定,2025/03/17,2025/03/19,100,"2,981",--,--,--,--
6890,フェローテックホールディングス,PTS(X),信用新規売,６ヵ月,特定,2025/03/17,2025/03/19,100,"2,976.1",--,--,--,--
6890,フェローテックホールディングス,PTS(O),信用新規売,６ヵ月,特定,2025/03/17,2025/03/19,200,"2,981.7",--,--,--,--
6890,フェローテックホールディングス,PTS(O),信用新規売,６ヵ月,特定,2025/03/17,2025/03/19,300,"2,943",--,--,--,--
6890,フェローテックホールディングス,PTS(J),信用新規売,６ヵ月,特定,2025/03/17,2025/03/19,100,"2,942.2",--,--,--,--
6890,フェローテックホールディングス,PTS(X),信用新規売,６ヵ月,特定,2025/03/17,2025/03/19,100,"2,976.2",--,--,--,--
6890,フェローテックホールディングス,PTS(X),信用新規売,６ヵ月,特定,2025/03/17,2025/03/19,200,"2,976.3",--,--,--,--
6890,フェローテックホールディングス,PTS(X),信用新規売,６ヵ月,特定,2025/03/17,2025/03/19,100,"2,976.7",--,--,--,--
6890,フェローテックホールディングス,PTS(X),信用新規売,６ヵ月,特定,2025/03/17,2025/03/19,100,"2,981.2",--,--,--,--
6890,フェローテックホールディングス,PTS(O),信用新規売,６ヵ月,特定,2025/03/17,2025/03/19,100,"2,942.7",--,--,--,--
6890,フェローテックホールディングス,PTS(X),信用新規売,６ヵ月,特定,2025/03/17,2025/03/19,200,"2,976.6",--,--,--,--
6890,フェローテックホールディングス,PTS(O),信用新規売,６ヵ月,特定,2025/03/17,2025/03/19,300,"2,976.1",--,--,--,--
6890,フェローテックホールディングス,PTS(O),信用新規売,６ヵ月,特定,2025/03/17,2025/03/19,100,"2,981.1",--,--,--,--
6890,フェローテックホールディングス,PTS(O),信用新規売,６ヵ月,特定,2025/03/17,2025/03/19,300,"2,981.8",--,--,--,--
6890,フェローテックホールディングス,PTS(X),信用新規売,６ヵ月,特定,2025/03/17,2025/03/19,100,"2,981.1",--,--,--,--
6890,フェローテックホールディングス,PTS(O),信用新規売,６ヵ月,特定,2025/03/17,2025/03/19,100,"2,981",--,--,--,--
6890,フェローテックホールディングス,PTS(O),信用新規売,６ヵ月,特定,2025/03/17,2025/03/19,200,"2,976.4",--,--,--,--
6890,フェローテックホールディングス,PTS(O),信用新規売,６ヵ月,特定,2025/03/17,2025/03/19,100,"2,942.3",--,--,--,--
6890,フェローテックホールディングス,PTS(X),信用新規売,６ヵ月,特定,2025/03/17,2025/03/19,100,"2,942.2",--,--,--,--
6890,フェローテックホールディングス,PTS(X),信用新規売,６ヵ月,特定,2025/03/17,2025/03/19,100,"2,942.5",--,--,--,--
7011,三菱重工業,PTS(X),信用新規売,６ヵ月,特定,2025/03/17,2025/03/19,200,"2,811.2",--,--,--,--
7011,三菱重工業,東証,信用新規売,６ヵ月,特定,2025/03/17,2025/03/19,"2,000","2,786.5",--,--,--,--
7011,三菱重工業,PTS(J),信用新規売,６ヵ月,特定,2025/03/17,2025/03/19,100,"2,778",--,--,--,--
7011,三菱重工業,PTS(X),信用新規売,６ヵ月,特定,2025/03/17,2025/03/19,100,"2,811.1",--,--,--,--
7011,三菱重工業,PTS(X),信用新規売,６ヵ月,特定,2025/03/17,2025/03/19,100,"2,811.1",--,--,--,--
7011,三菱重工業,PTS(X),信用新規売,６ヵ月,特定,2025/03/17,2025/03/19,300,"2,804",--,--,--,--
7011,三菱重工業,PTS(X),信用新規売,６ヵ月,特定,2025/03/17,2025/03/19,300,"2,778",--,--,--,--
7011,三菱重工業,PTS(J),信用新規売,６ヵ月,特定,2025/03/17,2025/03/19,100,"2,811.1",--,--,--,--
7011,三菱重工業,PTS(X),信用新規売,６ヵ月,特定,2025/03/17,2025/03/19,200,"2,811.2",--,--,--,--
7011,三菱重工業,PTS(O),信用新規売,６ヵ月,特定,2025/03/17,2025/03/19,100,"2,787",--,--,--,--
7011,三菱重工業,PTS(X),信用新規売,６ヵ月,特定,2025/03/17,2025/03/19,100,"2,787",--,--,--,--
7011,三菱重工業,PTS(O),信用新規売,６ヵ月,特定,2025/03/17,2025/03/19,100,"2,804.1",--,--,--,--
7011,三菱重工業,PTS(X),信用新規売,６ヵ月,特定,2025/03/17,2025/03/19,200,"2,778.3",--,--,--,--
7011,三菱重工業,PTS(J),信用新規売,６ヵ月,特定,2025/03/17,2025/03/19,100,"2,811",--,--,--,--
7011,三菱重工業,PTS(X),信用新規売,６ヵ月,特定,2025/03/17,2025/03/19,100,"2,804.1",--,--,--,--
7011,三菱重工業,PTS(X),信用新規売,６ヵ月,特定,2025/03/17,2025/03/19,200,"2,804",--,--,--,--
7011,三菱重工業,PTS(X),信用新規売,６ヵ月,特定,2025/03/17,2025/03/19,200,"2,811",--,--,--,--
7011,三菱重工業,PTS(O),信用新規売,６ヵ月,特定,2025/03/17,2025/03/19,200,"2,778",--,--,--,--
7011,三菱重工業,東証,信用新規売,６ヵ月,特定,2025/03/17,2025/03/19,"1,100","2,778",--,--,--,--
7011,三菱重工業,東証,信用新規売,６ヵ月,特定,2025/03/17,2025/03/19,"1,500","2,811",--,--,--,--
7011,三菱重工業,東証,信用新規売,６ヵ月,特定,2025/03/17,2025/03/19,"2,300","2,804",--,--,--,--
7011,三菱重工業,東証,信用新規売,６ヵ月,特定,2025/03/17,2025/03/19,800,"2,787",--,--,--,--
7011,三菱重工業,PTS(X),信用新規売,６ヵ月,特定,2025/03/17,2025/03/19,100,"2,778.2",--,--,--,--
6135,牧野フライス製作所,PTS(X),信用返済売,６ヵ月,特定,2025/03/17,2025/03/19,100,"11,722",180,--,"-2,980",--
6135,牧野フライス製作所,PTS(O),信用返済売,６ヵ月,特定,2025/03/17,2025/03/19,100,"11,721",180,--,"-3,080",--
6135,牧野フライス製作所,PTS(O),信用返済売,６ヵ月,特定,2025/03/17,2025/03/19,100,"11,728",179,--,-379,--
6135,牧野フライス製作所,PTS(X),信用返済売,６ヵ月,特定,2025/03/17,2025/03/19,100,"11,721",180,--,"-3,080",--
6135,牧野フライス製作所,PTS(O),信用返済売,６ヵ月,特定,2025/03/17,2025/03/19,100,"11,726",180,--,"-2,580",--
6135,牧野フライス製作所,PTS(X),信用返済売,６ヵ月,特定,2025/03/17,2025/03/19,100,"11,726",180,--,"-2,580",--
6135,牧野フライス製作所,PTS(O),信用返済売,６ヵ月,特定,2025/03/17,2025/03/19,100,"11,728",180,--,"-2,380",--
6135,牧野フライス製作所,東証,信用返済売,６ヵ月,特定,2025/03/17,2025/03/19,200,"11,720",360,--,"-6,360",--
6135,牧野フライス製作所,PTS(X),信用返済売,６ヵ月,特定,2025/03/17,2025/03/19,100,"11,727",179,--,-479,--
6857,アドバンテスト,東証,信用返済売,６ヵ月,特定,2025/03/17,2025/03/19,400,"8,455",260,--,"-11,860",--
6857,アドバンテスト,東証,信用返済売,６ヵ月,特定,2025/03/17,2025/03/19,100,"8,455",65,--,"-2,965",--
6857,アドバンテスト,東証,信用返済売,６ヵ月,特定,2025/03/17,2025/03/19,200,"8,456",130,--,"-5,730",--
6857,アドバンテスト,PTS(X),信用返済売,６ヵ月,特定,2025/03/17,2025/03/19,100,"8,468.2",65,--,"-1,635",--
6857,アドバンテスト,PTS(X),信用返済売,６ヵ月,特定,2025/03/17,2025/03/19,100,"8,468.7",65,--,"-1,595",--
6857,アドバンテスト,東証,信用返済売,６ヵ月,特定,2025/03/17,2025/03/19,100,"8,455",65,--,"-3,065",--
6890,フェローテックホールディングス,東証,信用返済売,６ヵ月,特定,2025/03/17,2025/03/19,100,"2,977",22,--,"-1,802",--
6890,フェローテックホールディングス,PTS(O),信用返済売,６ヵ月,特定,2025/03/17,2025/03/19,100,"2,978.1",22,--,"-1,492",--
6890,フェローテックホールディングス,PTS(X),信用返済売,６ヵ月,特定,2025/03/17,2025/03/19,100,"2,978.2",22,--,"-1,332",--
6890,フェローテックホールディングス,PTS(J),信用返済売,６ヵ月,特定,2025/03/17,2025/03/19,200,"3,002.5",45,--,"2,515",--
6890,フェローテックホールディングス,PTS(X),信用返済売,６ヵ月,特定,2025/03/17,2025/03/19,200,"2,978.7",45,--,"-2,545",--
6890,フェローテックホールディングス,PTS(X),信用返済売,６ヵ月,特定,2025/03/17,2025/03/19,100,"2,978.4",22,--,"-1,302",--
6890,フェローテックホールディングス,PTS(O),信用返済売,６ヵ月,特定,2025/03/17,2025/03/19,100,"2,978.1",22,--,"-1,522",--
6890,フェローテックホールディングス,PTS(O),信用返済売,６ヵ月,特定,2025/03/17,2025/03/19,100,"2,978.9",22,--,"-1,292",--
6890,フェローテックホールディングス,PTS(X),信用返済売,６ヵ月,特定,2025/03/17,2025/03/19,100,"3,002.5",22,--,"1,238",--
6890,フェローテックホールディングス,PTS(O),信用返済売,６ヵ月,特定,2025/03/17,2025/03/19,100,"2,979",22,--,"-1,242",--
6890,フェローテックホールディングス,PTS(X),信用返済売,６ヵ月,特定,2025/03/17,2025/03/19,100,"3,003",22,--,"1,308",--
6890,フェローテックホールディングス,PTS(X),信用返済売,６ヵ月,特定,2025/03/17,2025/03/19,200,"3,002",45,--,"2,355",--
6890,フェローテックホールディングス,PTS(J),信用返済売,６ヵ月,特定,2025/03/17,2025/03/19,100,"3,002.5",22,--,"1,228",--
6890,フェローテックホールディングス,PTS(X),信用返済売,６ヵ月,特定,2025/03/17,2025/03/19,100,"3,001.5",22,--,"1,128",--
6890,フェローテックホールディングス,PTS(X),信用返済売,６ヵ月,特定,2025/03/17,2025/03/19,100,"2,978.3",22,--,"-1,312",--
6890,フェローテックホールディングス,PTS(O),信用返済売,６ヵ月,特定,2025/03/17,2025/03/19,100,"3,003",22,--,"1,298",--
6890,フェローテックホールディングス,PTS(X),信用返済売,６ヵ月,特定,2025/03/17,2025/03/19,200,"3,001.5",45,--,"1,675",--
6890,フェローテックホールディングス,PTS(X),信用返済売,６ヵ月,特定,2025/03/17,2025/03/19,100,"2,978.1",22,--,"-1,372",--
6890,フェローテックホールディングス,PTS(O),信用返済売,６ヵ月,特定,2025/03/17,2025/03/19,100,"2,978.9",22,--,"-1,262",--
6890,フェローテックホールディングス,東証,信用返済売,６ヵ月,特定,2025/03/17,2025/03/19,100,"2,977",22,--,"-1,792",--
6890,フェローテックホールディングス,東証,信用返済売,６ヵ月,特定,2025/03/17,2025/03/19,100,"2,978",22,--,"-1,682",--
6890,フェローテックホールディングス,東証,信用返済売,６ヵ月,特定,2025/03/17,2025/03/19,100,"2,978",22,--,"-1,552",--
6890,フェローテックホールディングス,PTS(J),信用返済売,６ヵ月,特定,2025/03/17,2025/03/19,100,"3,002.5",22,--,"1,238",--
6890,フェローテックホールディングス,東証,信用返済売,６ヵ月,特定,2025/03/17,2025/03/19,100,"2,978",22,--,"-1,552",--
6890,フェローテックホールディングス,東証,信用返済売,６ヵ月,特定,2025/03/17,2025/03/19,300,"2,977",68,--,"-5,468",--
6890,フェローテックホールディングス,東証,信用返済売,６ヵ月,特定,2025/03/17,2025/03/19,100,"2,978",22,--,"-1,542",--
7011,三菱重工業,東証,信用返済売,６ヵ月,特定,2025/03/17,2025/03/19,"1,300","2,802.5",280,--,"-8,730",--
7011,三菱重工業,東証,信用返済売,６ヵ月,特定,2025/03/17,2025/03/19,100,"2,865.5",21,--,"4,639",--
7011,三菱重工業,東証,信用返済売,６ヵ月,特定,2025/03/17,2025/03/19,"1,800","2,848",389,--,"51,991",--
7011,三菱重工業,PTS(O),信用返済売,６ヵ月,特定,2025/03/17,2025/03/19,100,"2,847.8",21,--,"2,879",--
7011,三菱重工業,PTS(O),信用返済売,６ヵ月,特定,2025/03/17,2025/03/19,100,"2,847.7",21,--,"2,869",--
7011,三菱重工業,PTS(X),信用返済売,６ヵ月,特定,2025/03/17,2025/03/19,200,"2,848",43,--,"5,777",--
7011,三菱重工業,PTS(X),信用返済売,６ヵ月,特定,2025/03/17,2025/03/19,200,"2,847.7",43,--,"5,737",--
7011,三菱重工業,東証,信用返済売,６ヵ月,特定,2025/03/17,2025/03/19,400,"2,803",86,--,"-2,286",--
7011,三菱重工業,東証,信用返済売,６ヵ月,特定,2025/03/17,2025/03/19,200,"2,866",43,--,"9,377",--
7011,三菱重工業,東証,信用返済売,６ヵ月,特定,2025/03/17,2025/03/19,200,"2,866",43,--,"9,377",--
7011,三菱重工業,東証,信用返済売,６ヵ月,特定,2025/03/17,2025/03/19,"1,100","2,866",237,--,"51,573",--
7011,三菱重工業,東証,信用返済売,６ヵ月,特定,2025/03/17,2025/03/19,100,"2,865.5",21,--,"4,629",--
7011,三菱重工業,東証,信用返済売,６ヵ月,特定,2025/03/17,2025/03/19,"1,300","2,865.5",281,--,"60,169",--
7011,三菱重工業,東証,信用返済売,６ヵ月,特定,2025/03/17,2025/03/19,200,"2,802.5",43,--,"-1,243",--
7013,ＩＨＩ,東証,信用返済売,６ヵ月,特定,2025/03/17,2025/03/19,100,"11,855",90,--,"3,610",--
7013,ＩＨＩ,東証,信用返済売,６ヵ月,特定,2025/03/17,2025/03/19,200,"11,855",181,--,"7,219",--
7013,ＩＨＩ,東証,信用返済売,６ヵ月,特定,2025/03/17,2025/03/19,100,"11,820",90,--,60,--
7013,ＩＨＩ,東証,信用返済売,６ヵ月,特定,2025/03/17,2025/03/19,100,"11,820",90,--,"-1,540",--
7013,ＩＨＩ,東証,信用返済売,６ヵ月,特定,2025/03/17,2025/03/19,200,"11,720",179,--,"-2,179",--
7013,ＩＨＩ,東証,信用返済売,６ヵ月,特定,2025/03/17,2025/03/19,200,"11,820",181,--,"-3,181",--
7013,ＩＨＩ,東証,信用返済売,６ヵ月,特定,2025/03/17,2025/03/19,100,"11,820",90,--,"-1,590",--
7013,ＩＨＩ,東証,信用返済売,６ヵ月,特定,2025/03/17,2025/03/19,100,"11,820",90,--,10,--
7013,ＩＨＩ,東証,信用返済売,６ヵ月,特定,2025/03/17,2025/03/19,100,"11,855",90,--,"3,560",--
7013,ＩＨＩ,東証,信用返済売,６ヵ月,特定,2025/03/17,2025/03/19,100,"11,855",90,--,"3,560",--
7013,ＩＨＩ,東証,信用返済売,６ヵ月,特定,2025/03/17,2025/03/19,300,"11,820",272,--,-272,--
7013,ＩＨＩ,東証,信用返済売,６ヵ月,特定,2025/03/17,2025/03/19,100,"11,820",90,--,"-1,490",--
9501,東京電力ホールディングス,東証,信用返済売,６ヵ月,特定,2025/03/17,2025/03/19,700,464.9,25,--,"-5,415",--
9501,東京電力ホールディングス,東証,信用返済売,６ヵ月,特定,2025/03/17,2025/03/19,100,464.9,3,--,-773,--
9501,東京電力ホールディングス,PTS(O),信用返済売,６ヵ月,特定,2025/03/17,2025/03/19,100,464.9,3,--,-123,--
9501,東京電力ホールディングス,東証,信用返済売,６ヵ月,特定,2025/03/17,2025/03/19,"4,200",464.9,150,--,"-5,610",--
9501,東京電力ホールディングス,東証,信用返済売,６ヵ月,特定,2025/03/17,2025/03/19,"4,200",464.9,150,--,"-5,190",--
9501,東京電力ホールディングス,東証,信用返済売,６ヵ月,特定,2025/03/17,2025/03/19,"4,200",464.9,152,--,"-32,492",--
9501,東京電力ホールディングス,PTS(X),信用返済売,６ヵ月,特定,2025/03/17,2025/03/19,"1,500",464.9,53,--,"-1,853",--
6857,アドバンテスト,東証,信用新規買,６ヵ月,特定,2025/03/17,2025/03/19,100,"8,485",--,--,--,--
6857,アドバンテスト,PTS(X),信用新規買,６ヵ月,特定,2025/03/17,2025/03/19,100,"8,484",--,--,--,--
6857,アドバンテスト,PTS(X),信用新規買,６ヵ月,特定,2025/03/17,2025/03/19,100,"8,483.9",--,--,--,--
6857,アドバンテスト,東証,信用新規買,６ヵ月,特定,2025/03/17,2025/03/19,700,"8,484",--,--,--,--
6890,フェローテックホールディングス,PTS(O),信用新規買,６ヵ月,特定,2025/03/17,2025/03/19,100,"2,990",--,--,--,--
6890,フェローテックホールディングス,PTS(O),信用新規買,６ヵ月,特定,2025/03/17,2025/03/19,300,"2,989.7",--,--,--,--
6890,フェローテックホールディングス,PTS(X),信用新規買,６ヵ月,特定,2025/03/17,2025/03/19,100,"2,933",--,--,--,--
6890,フェローテックホールディングス,PTS(X),信用新規買,６ヵ月,特定,2025/03/17,2025/03/19,200,"2,991.6",--,--,--,--
6890,フェローテックホールディングス,PTS(O),信用新規買,６ヵ月,特定,2025/03/17,2025/03/19,100,"2,993.1",--,--,--,--
6890,フェローテックホールディングス,PTS(O),信用新規買,６ヵ月,特定,2025/03/17,2025/03/19,100,"2,993.3",--,--,--,--
6890,フェローテックホールディングス,PTS(O),信用新規買,６ヵ月,特定,2025/03/17,2025/03/19,100,"2,932.5",--,--,--,--
6890,フェローテックホールディングス,PTS(X),信用新規買,６ヵ月,特定,2025/03/17,2025/03/19,100,"2,994.6",--,--,--,--
6890,フェローテックホールディングス,PTS(X),信用新規買,６ヵ月,特定,2025/03/17,2025/03/19,100,"2,932.6",--,--,--,--
6890,フェローテックホールディングス,東証,信用新規買,６ヵ月,特定,2025/03/17,2025/03/19,300,"2,995",--,--,--,--
6890,フェローテックホールディングス,東証,信用新規買,６ヵ月,特定,2025/03/17,2025/03/19,200,"2,933",--,--,--,--
6890,フェローテックホールディングス,東証,信用新規買,６ヵ月,特定,2025/03/17,2025/03/19,300,"2,990",--,--,--,--
6890,フェローテックホールディングス,PTS(X),信用新規買,６ヵ月,特定,2025/03/17,2025/03/19,200,"2,989.9",--,--,--,--
6890,フェローテックホールディングス,PTS(O),信用新規買,６ヵ月,特定,2025/03/17,2025/03/19,100,"2,932.7",--,--,--,--
6890,フェローテックホールディングス,PTS(X),信用新規買,６ヵ月,特定,2025/03/17,2025/03/19,100,"2,992.8",--,--,--,--
6890,フェローテックホールディングス,PTS(O),信用新規買,６ヵ月,特定,2025/03/17,2025/03/19,500,"2,991.2",--,--,--,--
6890,フェローテックホールディングス,PTS(O),信用新規買,６ヵ月,特定,2025/03/17,2025/03/19,100,"2,991.3",--,--,--,--
6890,フェローテックホールディングス,PTS(X),信用新規買,６ヵ月,特定,2025/03/17,2025/03/19,100,"2,994.8",--,--,--,--
6890,フェローテックホールディングス,PTS(X),信用新規買,６ヵ月,特定,2025/03/17,2025/03/19,100,"2,932.5",--,--,--,--
6890,フェローテックホールディングス,PTS(J),信用新規買,６ヵ月,特定,2025/03/17,2025/03/19,200,"2,932.9",--,--,--,--
6890,フェローテックホールディングス,PTS(O),信用新規買,６ヵ月,特定,2025/03/17,2025/03/19,100,"2,933",--,--,--,--
6890,フェローテックホールディングス,PTS(O),信用新規買,６ヵ月,特定,2025/03/17,2025/03/19,200,"2,992.9",--,--,--,--
6890,フェローテックホールディングス,PTS(X),信用新規買,６ヵ月,特定,2025/03/17,2025/03/19,100,"2,989.8",--,--,--,--
6890,フェローテックホールディングス,PTS(X),信用新規買,６ヵ月,特定,2025/03/17,2025/03/19,100,"2,991.3",--,--,--,--
6890,フェローテックホールディングス,PTS(X),信用新規買,６ヵ月,特定,2025/03/17,2025/03/19,100,"2,993.2",--,--,--,--
6890,フェローテックホールディングス,PTS(X),信用新規買,６ヵ月,特定,2025/03/17,2025/03/19,100,"2,993.3",--,--,--,--
6890,フェローテックホールディングス,PTS(X),信用新規買,６ヵ月,特定,2025/03/17,2025/03/19,100,"2,994.7",--,--,--,--
7011,三菱重工業,PTS(X),信用新規買,６ヵ月,特定,2025/03/17,2025/03/19,200,"2,818.8",--,--,--,--
7011,三菱重工業,PTS(X),信用新規買,６ヵ月,特定,2025/03/17,2025/03/19,200,"2,808.5",--,--,--,--
7011,三菱重工業,PTS(O),信用新規買,６ヵ月,特定,2025/03/17,2025/03/19,100,"2,819",--,--,--,--
7011,三菱重工業,PTS(X),信用新規買,６ヵ月,特定,2025/03/17,2025/03/19,"3,200","2,818.9",--,--,--,--
7011,三菱重工業,東証,信用新規買,６ヵ月,特定,2025/03/17,2025/03/19,"1,300","2,819",--,--,--,--
7011,三菱重工業,PTS(O),信用新規買,６ヵ月,特定,2025/03/17,2025/03/19,200,"2,818.9",--,--,--,--
7011,三菱重工業,PTS(X),信用新規買,６ヵ月,特定,2025/03/17,2025/03/19,200,"2,818.8",--,--,--,--
7011,三菱重工業,東証,信用新規買,６ヵ月,特定,2025/03/17,2025/03/19,"1,300","2,809",--,--,--,--
7011,三菱重工業,東証,信用新規買,６ヵ月,特定,2025/03/17,2025/03/19,400,"2,808.5",--,--,--,--
7011,三菱重工業,PTS(X),信用新規買,６ヵ月,特定,2025/03/17,2025/03/19,200,"2,818.9",--,--,--,--
7013,ＩＨＩ,PTS(X),信用新規買,６ヵ月,特定,2025/03/17,2025/03/19,200,"11,835",--,--,--,--
7013,ＩＨＩ,PTS(O),信用新規買,６ヵ月,特定,2025/03/17,2025/03/19,100,"11,819",--,--,--,--
7013,ＩＨＩ,PTS(O),信用新規買,６ヵ月,特定,2025/03/17,2025/03/19,200,"11,818.5",--,--,--,--
7013,ＩＨＩ,PTS(X),信用新規買,６ヵ月,特定,2025/03/17,2025/03/19,100,"11,818.5",--,--,--,--
7013,ＩＨＩ,PTS(X),信用新規買,６ヵ月,特定,2025/03/17,2025/03/19,200,"11,818",--,--,--,--
7013,ＩＨＩ,PTS(O),信用新規買,６ヵ月,特定,2025/03/17,2025/03/19,100,"11,818",--,--,--,--
7013,ＩＨＩ,PTS(X),信用新規買,６ヵ月,特定,2025/03/17,2025/03/19,100,"11,834.5",--,--,--,--
7013,ＩＨＩ,東証,信用新規買,６ヵ月,特定,2025/03/17,2025/03/19,200,"11,730",--,--,--,--
7013,ＩＨＩ,東証,信用新規買,６ヵ月,特定,2025/03/17,2025/03/19,100,"11,835",--,--,--,--
7013,ＩＨＩ,東証,信用新規買,６ヵ月,特定,2025/03/17,2025/03/19,300,"11,820",--,--,--,--
7013,ＩＨＩ,PTS(O),信用新規買,６ヵ月,特定,2025/03/17,2025/03/19,100,"11,834",--,--,--,--
9501,東京電力ホールディングス,PTS(O),信用新規買,６ヵ月,特定,2025/03/17,2025/03/19,100,472.6,--,--,--,--
9501,東京電力ホールディングス,東証,信用新規買,６ヵ月,特定,2025/03/17,2025/03/19,"5,800",466.1,--,--,--,--
9501,東京電力ホールディングス,東証,信用新規買,６ヵ月,特定,2025/03/17,2025/03/19,"4,200",472.6,--,--,--,--
9501,東京電力ホールディングス,東証,信用新規買,６ヵ月,特定,2025/03/17,2025/03/19,"4,200",466.2,--,--,--,--
9501,東京電力ホールディングス,PTS(X),信用新規買,６ヵ月,特定,2025/03/17,2025/03/19,700,472.6,--,--,--,--
6857,アドバンテスト,PTS(X),信用返済買,６ヵ月,特定,2025/03/17,2025/03/19,100,"8,376.6",25,--,"-2,585",--
6857,アドバンテスト,PTS(X),信用返済買,６ヵ月,特定,2025/03/17,2025/03/19,100,"8,376.7",25,--,"-2,665",--
6857,アドバンテスト,PTS(X),信用返済買,６ヵ月,特定,2025/03/17,2025/03/19,100,"8,376.8",25,--,"-2,795",--
6857,アドバンテスト,PTS(X),信用返済買,６ヵ月,特定,2025/03/17,2025/03/19,100,"8,376.9",25,--,"-8,215",--
6857,アドバンテスト,東証,信用返済買,６ヵ月,特定,2025/03/17,2025/03/19,100,"8,377",25,--,"-8,225",--
6857,アドバンテスト,東証,信用返済買,６ヵ月,特定,2025/03/17,2025/03/19,100,"8,378",24,--,"-8,324",--
6857,アドバンテスト,東証,信用返済買,６ヵ月,特定,2025/03/17,2025/03/19,200,"8,377",50,--,"-16,250",--
6890,フェローテックホールディングス,東証,信用返済買,６ヵ月,特定,2025/03/17,2025/03/19,100,"2,955",8,--,"2,662",--
6890,フェローテックホールディングス,PTS(O),信用返済買,６ヵ月,特定,2025/03/17,2025/03/19,100,"2,954.9",8,--,"2,122",--
6890,フェローテックホールディングス,東証,信用返済買,６ヵ月,特定,2025/03/17,2025/03/19,100,"2,954",8,--,"2,712",--
6890,フェローテックホールディングス,東証,信用返済買,６ヵ月,特定,2025/03/17,2025/03/19,100,"2,955",8,--,"1,992",--
6890,フェローテックホールディングス,東証,信用返済買,６ヵ月,特定,2025/03/17,2025/03/19,600,"2,955",53,--,"11,347",--
6890,フェローテックホールディングス,東証,信用返済買,６ヵ月,特定,2025/03/17,2025/03/19,100,"2,954",8,--,"2,762",--
6890,フェローテックホールディングス,東証,信用返済買,６ヵ月,特定,2025/03/17,2025/03/19,300,"2,955",26,--,"8,014",--
6890,フェローテックホールディングス,東証,信用返済買,６ヵ月,特定,2025/03/17,2025/03/19,100,"2,955",8,--,"2,122",--
6890,フェローテックホールディングス,東証,信用返済買,６ヵ月,特定,2025/03/17,2025/03/19,200,"2,955",17,--,"4,263",--
6890,フェローテックホールディングス,東証,信用返済買,６ヵ月,特定,2025/03/17,2025/03/19,100,"2,954",8,--,"2,692",--
6890,フェローテックホールディングス,東証,信用返済買,６ヵ月,特定,2025/03/17,2025/03/19,100,"2,955",8,--,"2,102",--
6890,フェローテックホールディングス,東証,信用返済買,６ヵ月,特定,2025/03/17,2025/03/19,200,"2,955",17,--,"4,203",--
6890,フェローテックホールディングス,PTS(O),信用返済買,６ヵ月,特定,2025/03/17,2025/03/19,100,"2,989.9",8,--,"-4,778",--
6890,フェローテックホールディングス,PTS(O),信用返済買,６ヵ月,特定,2025/03/17,2025/03/19,100,"2,989.9",8,--,"-4,778",--
6890,フェローテックホールディングス,PTS(X),信用返済買,６ヵ月,特定,2025/03/17,2025/03/19,100,"2,954",8,--,"2,702",--
6890,フェローテックホールディングス,PTS(X),信用返済買,６ヵ月,特定,2025/03/17,2025/03/19,100,"2,954.9",8,--,"2,102",--
6890,フェローテックホールディングス,PTS(X),信用返済買,６ヵ月,特定,2025/03/17,2025/03/19,100,"2,954.9",8,--,"2,132",--
6890,フェローテックホールディングス,PTS(X),信用返済買,６ヵ月,特定,2025/03/17,2025/03/19,100,"2,989.9",8,--,"-4,758",--
6890,フェローテックホールディングス,PTS(O),信用返済買,６ヵ月,特定,2025/03/17,2025/03/19,100,"2,989.2",8,--,"-4,698",--
6890,フェローテックホールディングス,PTS(X),信用返済買,６ヵ月,特定,2025/03/17,2025/03/19,100,"2,954.9",8,--,"2,162",--
6890,フェローテックホールディングス,PTS(O),信用返済買,６ヵ月,特定,2025/03/17,2025/03/19,100,"2,955",8,--,"2,152",--
6890,フェローテックホールディングス,PTS(O),信用返済買,６ヵ月,特定,2025/03/17,2025/03/19,100,"2,955",8,--,"2,102",--
6890,フェローテックホールディングス,PTS(X),信用返済買,６ヵ月,特定,2025/03/17,2025/03/19,100,"2,989.7",8,--,"-4,678",--
6890,フェローテックホールディングス,PTS(O),信用返済買,６ヵ月,特定,2025/03/17,2025/03/19,200,"2,989.2",17,--,"-9,257",--
6890,フェローテックホールディングス,PTS(O),信用返済買,６ヵ月,特定,2025/03/17,2025/03/19,100,"2,989.9",8,--,"-4,758",--
6890,フェローテックホールディングス,PTS(X),信用返済買,６ヵ月,特定,2025/03/17,2025/03/19,100,"2,989.8",8,--,"-4,718",--
6890,フェローテックホールディングス,PTS(X),信用返済買,６ヵ月,特定,2025/03/17,2025/03/19,100,"2,989.8",8,--,"-4,738",--
6890,フェローテックホールディングス,PTS(X),信用返済買,６ヵ月,特定,2025/03/17,2025/03/19,100,"2,954",8,--,"2,692",--
6890,フェローテックホールディングス,PTS(O),信用返済買,６ヵ月,特定,2025/03/17,2025/03/19,100,"2,953.9",8,--,"2,712",--
6890,フェローテックホールディングス,東証,信用返済買,６ヵ月,特定,2025/03/17,2025/03/19,100,"2,955",8,--,"2,162",--
7011,三菱重工業,東証,信用返済買,６ヵ月,特定,2025/03/17,2025/03/19,100,"2,819",8,--,-798,--
7011,三菱重工業,東証,信用返済買,６ヵ月,特定,2025/03/17,2025/03/19,100,"2,819",8,--,"-1,498",--
7011,三菱重工業,東証,信用返済買,６ヵ月,特定,2025/03/17,2025/03/19,100,"2,819",8,--,"-1,498",--
7011,三菱重工業,東証,信用返済買,６ヵ月,特定,2025/03/17,2025/03/19,100,"2,783.5",8,--,342,--
7011,三菱重工業,東証,信用返済買,６ヵ月,特定,2025/03/17,2025/03/19,100,"2,783.5",8,--,342,--
7011,三菱重工業,東証,信用返済買,６ヵ月,特定,2025/03/17,2025/03/19,400,"2,783",33,--,"1,567",--
7011,三菱重工業,東証,信用返済買,６ヵ月,特定,2025/03/17,2025/03/19,100,"2,819",8,--,-808,--
7011,三菱重工業,東証,信用返済買,６ヵ月,特定,2025/03/17,2025/03/19,200,"2,819",16,--,"-1,616",--
7011,三菱重工業,東証,信用返済買,６ヵ月,特定,2025/03/17,2025/03/19,200,"2,819",16,--,"-1,576",--
7011,三菱重工業,東証,信用返済買,６ヵ月,特定,2025/03/17,2025/03/19,200,"2,819",16,--,"-1,576",--
7011,三菱重工業,東証,信用返済買,６ヵ月,特定,2025/03/17,2025/03/19,200,"2,819",16,--,"-3,016",--
7011,三菱重工業,東証,信用返済買,６ヵ月,特定,2025/03/17,2025/03/19,300,"2,819",25,--,"-4,525",--
7011,三菱重工業,東証,信用返済買,６ヵ月,特定,2025/03/17,2025/03/19,800,"2,809",66,--,"-24,866",--
7011,三菱重工業,東証,信用返済買,６ヵ月,特定,2025/03/17,2025/03/19,300,"2,783.5",25,--,"1,025",--
7011,三菱重工業,東証,信用返済買,６ヵ月,特定,2025/03/17,2025/03/19,100,"2,809",8,--,"-3,108",--
7011,三菱重工業,東証,信用返済買,６ヵ月,特定,2025/03/17,2025/03/19,200,"2,809",16,--,"-6,216",--
7011,三菱重工業,東証,信用返済買,６ヵ月,特定,2025/03/17,2025/03/19,300,"2,809",25,--,"-9,325",--
7011,三菱重工業,PTS(X),信用返済買,６ヵ月,特定,2025/03/17,2025/03/19,100,"2,783",8,--,392,--
7011,三菱重工業,PTS(X),信用返済買,６ヵ月,特定,2025/03/17,2025/03/19,200,"2,809",16,--,"-6,216",--
7011,三菱重工業,PTS(O),信用返済買,６ヵ月,特定,2025/03/17,2025/03/19,100,"2,809",8,--,"-3,108",--
7011,三菱重工業,東証,信用返済買,６ヵ月,特定,2025/03/17,2025/03/19,"2,300","2,819",194,--,"-34,694",--
7011,三菱重工業,東証,信用返済買,６ヵ月,特定,2025/03/17,2025/03/19,100,"2,809",8,--,"-3,088",--
7011,三菱重工業,東証,信用返済買,６ヵ月,特定,2025/03/17,2025/03/19,300,"2,818.5",25,--,"-2,275",--
7011,三菱重工業,東証,信用返済買,６ヵ月,特定,2025/03/17,2025/03/19,"2,000","2,783.5",167,--,"5,833",--
7011,三菱重工業,東証,信用返済買,６ヵ月,特定,2025/03/17,2025/03/19,200,"2,809",16,--,"-6,156",--
7011,三菱重工業,東証,信用返済買,６ヵ月,特定,2025/03/17,2025/03/19,"1,200","2,819",101,--,"-9,701",--
7011,三菱重工業,東証,信用返済買,６ヵ月,特定,2025/03/17,2025/03/19,100,"2,819",8,--,-798,--
7011,三菱重工業,東証,信用返済買,６ヵ月,特定,2025/03/17,2025/03/19,100,"2,819",8,--,-798,--
3283,日本プロロジスリート投資法人　投資証券,東証,現物売,--,NISA,2025/03/17,2025/03/19,1,"234,300",--,--,"234,300",--
6146,ディスコ,PTS(O),信用新規売,６ヵ月,特定,2025/03/14,2025/03/18,100,"34,980",--,--,--,--
6857,アドバンテスト,PTS(O),信用新規売,６ヵ月,特定,2025/03/14,2025/03/18,200,"8,086.2",--,--,--,--
6857,アドバンテスト,PTS(O),信用新規売,６ヵ月,特定,2025/03/14,2025/03/18,100,"8,053",--,--,--,--
6857,アドバンテスト,PTS(O),信用新規売,６ヵ月,特定,2025/03/14,2025/03/18,200,"7,960.5",--,--,--,--
6857,アドバンテスト,東証,信用新規売,６ヵ月,特定,2025/03/14,2025/03/18,200,"8,016",--,--,--,--
6857,アドバンテスト,東証,信用新規売,６ヵ月,特定,2025/03/14,2025/03/18,300,"8,015",--,--,--,--
6857,アドバンテスト,東証,信用新規売,６ヵ月,特定,2025/03/14,2025/03/18,600,"8,086",--,--,--,--
6857,アドバンテスト,東証,信用新規売,６ヵ月,特定,2025/03/14,2025/03/18,500,"7,776",--,--,--,--
6857,アドバンテスト,PTS(X),信用新規売,６ヵ月,特定,2025/03/14,2025/03/18,200,"8,086.3",--,--,--,--
6857,アドバンテスト,PTS(O),信用新規売,６ヵ月,特定,2025/03/14,2025/03/18,200,"7,880.2",--,--,--,--
6857,アドバンテスト,PTS(X),信用新規売,６ヵ月,特定,2025/03/14,2025/03/18,200,"7,960.5",--,--,--,--
6857,アドバンテスト,PTS(O),信用新規売,６ヵ月,特定,2025/03/14,2025/03/18,200,"7,880",--,--,--,--
6857,アドバンテスト,PTS(J),信用新規売,６ヵ月,特定,2025/03/14,2025/03/18,100,"8,086",--,--,--,--
6857,アドバンテスト,PTS(J),信用新規売,６ヵ月,特定,2025/03/14,2025/03/18,100,"7,959.1",--,--,--,--
6857,アドバンテスト,PTS(X),信用新規売,６ヵ月,特定,2025/03/14,2025/03/18,200,"8,086.2",--,--,--,--
6857,アドバンテスト,PTS(X),信用新規売,６ヵ月,特定,2025/03/14,2025/03/18,200,"8,086.1",--,--,--,--
6857,アドバンテスト,PTS(X),信用新規売,６ヵ月,特定,2025/03/14,2025/03/18,200,"8,086",--,--,--,--
6857,アドバンテスト,PTS(X),信用新規売,６ヵ月,特定,2025/03/14,2025/03/18,100,"8,086.4",--,--,--,--
6857,アドバンテスト,PTS(O),信用新規売,６ヵ月,特定,2025/03/14,2025/03/18,200,"8,086.1",--,--,--,--
6857,アドバンテスト,PTS(O),信用新規売,６ヵ月,特定,2025/03/14,2025/03/18,100,"7,880.1",--,--,--,--
8584,ジャックス,東証,信用新規売,６ヵ月,特定,2025/03/14,2025/03/18,100,"3,715",--,--,--,--
8584,ジャックス,東証,信用新規売,６ヵ月,特定,2025/03/14,2025/03/18,200,"3,720",--,--,--,--
8584,ジャックス,東証,信用新規売,６ヵ月,特定,2025/03/14,2025/03/18,200,"3,720",--,--,--,--
8584,ジャックス,PTS(O),信用新規売,６ヵ月,特定,2025/03/14,2025/03/18,100,"3,694.5",--,--,--,--
8584,ジャックス,PTS(X),信用新規売,６ヵ月,特定,2025/03/14,2025/03/18,100,"3,720.5",--,--,--,--
8584,ジャックス,PTS(X),信用新規売,６ヵ月,特定,2025/03/14,2025/03/18,100,"3,720.5",--,--,--,--
8584,ジャックス,PTS(O),信用新規売,６ヵ月,特定,2025/03/14,2025/03/18,100,"3,720.5",--,--,--,--
8584,ジャックス,PTS(X),信用新規売,６ヵ月,特定,2025/03/14,2025/03/18,100,"3,694.5",--,--,--,--
4666,パーク２４,東証,信用返済売,６ヵ月,特定,2025/03/14,2025/03/18,100,"2,005.5",15,--,-295,--
4666,パーク２４,東証,信用返済売,６ヵ月,特定,2025/03/14,2025/03/18,100,"2,005.5",15,--,-305,--
4666,パーク２４,PTS(O),信用返済売,６ヵ月,特定,2025/03/14,2025/03/18,100,"2,005.5",15,--,-315,--
4666,パーク２４,東証,信用返済売,６ヵ月,特定,2025/03/14,2025/03/18,600,"2,005.5",92,--,"-1,892",--
4666,パーク２４,東証,信用返済売,６ヵ月,特定,2025/03/14,2025/03/18,100,"2,005.5",15,--,-315,--
5803,フジクラ,東証,信用返済売,６ヵ月,特定,2025/03/14,2025/03/18,100,"6,071",46,--,-726,--
5803,フジクラ,東証,信用返済売,６ヵ月,特定,2025/03/14,2025/03/18,100,"6,071",46,--,-746,--
5803,フジクラ,PTS(O),信用返済売,６ヵ月,特定,2025/03/14,2025/03/18,100,"6,188.3",46,--,"8,284",--
5803,フジクラ,PTS(O),信用返済売,６ヵ月,特定,2025/03/14,2025/03/18,100,"6,188.2",46,--,"8,274",--
5803,フジクラ,PTS(X),信用返済売,６ヵ月,特定,2025/03/14,2025/03/18,100,"6,071",46,--,-676,--
5803,フジクラ,PTS(X),信用返済売,６ヵ月,特定,2025/03/14,2025/03/18,200,"6,071",93,--,"-1,433",--
5803,フジクラ,PTS(X),信用返済売,６ヵ月,特定,2025/03/14,2025/03/18,100,"6,071.1",46,--,-666,--
5803,フジクラ,東証,信用返済売,６ヵ月,特定,2025/03/14,2025/03/18,100,"6,071",46,--,-736,--
5803,フジクラ,東証,信用返済売,６ヵ月,特定,2025/03/14,2025/03/18,"1,400","6,070",654,--,"-28,654",--
5803,フジクラ,東証,信用返済売,６ヵ月,特定,2025/03/14,2025/03/18,900,"6,187",421,--,"71,579",--
5803,フジクラ,東証,信用返済売,６ヵ月,特定,2025/03/14,2025/03/18,600,"6,187",281,--,"48,319",--
5803,フジクラ,東証,信用返済売,６ヵ月,特定,2025/03/14,2025/03/18,200,"6,070",93,--,"-3,853",--
5803,フジクラ,東証,信用返済売,６ヵ月,特定,2025/03/14,2025/03/18,100,"6,070",46,--,-846,--
5803,フジクラ,東証,信用返済売,６ヵ月,特定,2025/03/14,2025/03/18,200,"6,070",93,--,"-3,893",--
5803,フジクラ,東証,信用返済売,６ヵ月,特定,2025/03/14,2025/03/18,500,"6,188",234,--,"40,766",--
5803,フジクラ,東証,信用返済売,６ヵ月,特定,2025/03/14,2025/03/18,200,"6,071",93,--,"-1,493",--
5803,フジクラ,東証,信用返済売,６ヵ月,特定,2025/03/14,2025/03/18,200,"6,186",93,--,"15,707",--
5803,フジクラ,東証,信用返済売,６ヵ月,特定,2025/03/14,2025/03/18,200,"6,070",93,--,"-1,893",--
5803,フジクラ,東証,信用返済売,６ヵ月,特定,2025/03/14,2025/03/18,200,"6,070",93,--,"-3,873",--
5803,フジクラ,東証,信用返済売,６ヵ月,特定,2025/03/14,2025/03/18,100,"6,188",46,--,"8,254",--
6098,リクルートホールディングス,PTS(O),信用返済売,６ヵ月,特定,2025/03/14,2025/03/18,100,"8,277.4",64,--,"-7,514",--
6098,リクルートホールディングス,PTS(O),信用返済売,６ヵ月,特定,2025/03/14,2025/03/18,100,"8,277.3",64,--,"-7,514",--
6098,リクルートホールディングス,PTS(X),信用返済売,６ヵ月,特定,2025/03/14,2025/03/18,100,"8,276.1",64,--,"-7,644",--
6098,リクルートホールディングス,東証,信用返済売,６ヵ月,特定,2025/03/14,2025/03/18,200,"8,276",128,--,"-15,288",--
6135,牧野フライス製作所,東証,信用返済売,６ヵ月,特定,2025/03/14,2025/03/18,100,"11,640",688,--,"-118,688",--
6135,牧野フライス製作所,東証,信用返済売,６ヵ月,特定,2025/03/14,2025/03/18,100,"11,710",89,--,911,--
6135,牧野フライス製作所,PTS(X),信用返済売,６ヵ月,特定,2025/03/14,2025/03/18,100,"11,642",659,--,"-65,159",--
6135,牧野フライス製作所,PTS(O),信用返済売,６ヵ月,特定,2025/03/14,2025/03/18,100,"11,642",688,--,"-118,488",--
6135,牧野フライス製作所,PTS(O),信用返済売,６ヵ月,特定,2025/03/14,2025/03/18,100,"11,644",659,--,"-64,959",--
6135,牧野フライス製作所,PTS(X),信用返済売,６ヵ月,特定,2025/03/14,2025/03/18,100,"11,643",653,--,"-53,953",--
6135,牧野フライス製作所,PTS(X),信用返済売,６ヵ月,特定,2025/03/14,2025/03/18,100,"11,712",89,--,"1,511",--
6135,牧野フライス製作所,PTS(X),信用返済売,６ヵ月,特定,2025/03/14,2025/03/18,100,"11,711",89,--,"1,411",--
6135,牧野フライス製作所,東証,信用返済売,６ヵ月,特定,2025/03/14,2025/03/18,100,"11,700",89,--,"-1,089",--
6135,牧野フライス製作所,東証,信用返済売,６ヵ月,特定,2025/03/14,2025/03/18,100,"11,710",89,--,"1,011",--
6135,牧野フライス製作所,PTS(O),信用返済売,６ヵ月,特定,2025/03/14,2025/03/18,300,"11,713",269,--,"4,831",--
6135,牧野フライス製作所,東証,信用返済売,６ヵ月,特定,2025/03/14,2025/03/18,400,"11,710",359,--,"3,641",--
6135,牧野フライス製作所,東証,信用返済売,６ヵ月,特定,2025/03/14,2025/03/18,100,"11,700",89,--,-89,--
6146,ディスコ,PTS(X),信用返済売,６ヵ月,特定,2025/03/14,2025/03/18,200,"35,550.1",547,--,"-33,307",--
6146,ディスコ,PTS(O),信用返済売,６ヵ月,特定,2025/03/14,2025/03/18,100,"35,422.1",271,--,"-1,931",--
6146,ディスコ,東証,信用返済売,６ヵ月,特定,2025/03/14,2025/03/18,100,"35,010",273,--,"-64,193",--
6146,ディスコ,東証,信用返済売,６ヵ月,特定,2025/03/14,2025/03/18,100,"35,000",273,--,"-65,193",--
6146,ディスコ,東証,信用返済売,６ヵ月,特定,2025/03/14,2025/03/18,100,"35,000",273,--,"-65,223",--
6146,ディスコ,東証,信用返済売,６ヵ月,特定,2025/03/14,2025/03/18,100,"35,360",272,--,"-14,142",--
6146,ディスコ,東証,信用返済売,６ヵ月,特定,2025/03/14,2025/03/18,100,"35,000",273,--,"-65,243",--
6146,ディスコ,東証,信用返済売,６ヵ月,特定,2025/03/14,2025/03/18,100,"35,000",273,--,"-65,233",--
6146,ディスコ,東証,信用返済売,６ヵ月,特定,2025/03/14,2025/03/18,100,"35,000",273,--,"-65,253",--
6146,ディスコ,PTS(O),信用返済売,６ヵ月,特定,2025/03/14,2025/03/18,100,"35,360.7",272,--,"-14,072",--
6146,ディスコ,PTS(O),信用返済売,６ヵ月,特定,2025/03/14,2025/03/18,200,"35,550.2",547,--,"-33,287",--
6146,ディスコ,PTS(O),信用返済売,６ヵ月,特定,2025/03/14,2025/03/18,100,"35,422.5",271,--,"-1,901",--
6146,ディスコ,PTS(O),信用返済売,６ヵ月,特定,2025/03/14,2025/03/18,200,"35,422.6",543,--,"-3,783",--
6146,ディスコ,PTS(O),信用返済売,６ヵ月,特定,2025/03/14,2025/03/18,100,"35,360.7",272,--,"-13,712",--
6146,ディスコ,PTS(O),信用返済売,６ヵ月,特定,2025/03/14,2025/03/18,100,"35,422.3",271,--,"-1,911",--
6146,ディスコ,PTS(X),信用返済売,６ヵ月,特定,2025/03/14,2025/03/18,100,"35,550",273,--,"-16,793",--
6146,ディスコ,PTS(O),信用返済売,６ヵ月,特定,2025/03/14,2025/03/18,100,"35,360.8",272,--,"-13,682",--
6857,アドバンテスト,東証,信用返済売,６ヵ月,特定,2025/03/14,2025/03/18,600,"8,192",376,--,"2,624",--
6857,アドバンテスト,PTS(X),信用返済売,６ヵ月,特定,2025/03/14,2025/03/18,100,"8,230.1",63,--,-833,--
6857,アドバンテスト,東証,信用返済売,６ヵ月,特定,2025/03/14,2025/03/18,100,"8,191",62,--,238,--
6857,アドバンテスト,東証,信用返済売,６ヵ月,特定,2025/03/14,2025/03/18,200,"8,230",126,--,"-1,726",--
6857,アドバンテスト,東証,信用返済売,６ヵ月,特定,2025/03/14,2025/03/18,200,"8,191",125,--,675,--
6857,アドバンテスト,PTS(X),信用返済売,６ヵ月,特定,2025/03/14,2025/03/18,200,"8,192.1",125,--,895,--
6857,アドバンテスト,PTS(J),信用返済売,６ヵ月,特定,2025/03/14,2025/03/18,100,"8,192.3",62,--,568,--
6857,アドバンテスト,PTS(X),信用返済売,６ヵ月,特定,2025/03/14,2025/03/18,100,"8,192.2",62,--,558,--
6857,アドバンテスト,PTS(X),信用返済売,６ヵ月,特定,2025/03/14,2025/03/18,100,"8,192.1",62,--,528,--
6857,アドバンテスト,PTS(J),信用返済売,６ヵ月,特定,2025/03/14,2025/03/18,100,"8,192.2",62,--,558,--
6857,アドバンテスト,PTS(X),信用返済売,６ヵ月,特定,2025/03/14,2025/03/18,300,"8,230.1",189,--,"-2,559",--
6857,アドバンテスト,PTS(X),信用返済売,６ヵ月,特定,2025/03/14,2025/03/18,200,"8,192.7",125,--,"1,215",--
6857,アドバンテスト,PTS(X),信用返済売,６ヵ月,特定,2025/03/14,2025/03/18,100,"8,192.8",62,--,678,--
6857,アドバンテスト,PTS(X),信用返済売,６ヵ月,特定,2025/03/14,2025/03/18,100,"8,230.6",63,--,-773,--
6857,アドバンテスト,PTS(O),信用返済売,６ヵ月,特定,2025/03/14,2025/03/18,100,"8,230.1",63,--,-803,--
6857,アドバンテスト,PTS(O),信用返済売,６ヵ月,特定,2025/03/14,2025/03/18,100,"8,230.1",63,--,-803,--
6857,アドバンテスト,PTS(X),信用返済売,６ヵ月,特定,2025/03/14,2025/03/18,100,"8,192.1",62,--,518,--
6857,アドバンテスト,PTS(X),信用返済売,６ヵ月,特定,2025/03/14,2025/03/18,100,"8,230.4",63,--,-803,--
6857,アドバンテスト,PTS(J),信用返済売,６ヵ月,特定,2025/03/14,2025/03/18,100,"8,230.1",63,--,-813,--
6857,アドバンテスト,東証,信用返済売,６ヵ月,特定,2025/03/14,2025/03/18,800,"8,230",505,--,"-7,705",--
4666,パーク２４,PTS(X),信用新規買,６ヵ月,特定,2025/03/14,2025/03/18,100,"2,008.3",--,--,--,--
4666,パーク２４,PTS(J),信用新規買,６ヵ月,特定,2025/03/14,2025/03/18,100,"2,008.5",--,--,--,--
4666,パーク２４,東証,信用新規買,６ヵ月,特定,2025/03/14,2025/03/18,700,"2,008.5",--,--,--,--
4666,パーク２４,PTS(X),信用新規買,６ヵ月,特定,2025/03/14,2025/03/18,100,"2,008.4",--,--,--,--
5803,フジクラ,東証,信用新規買,６ヵ月,特定,2025/03/14,2025/03/18,"1,100","6,106",--,--,--,--
5803,フジクラ,東証,信用新規買,６ヵ月,特定,2025/03/14,2025/03/18,200,"6,078",--,--,--,--
5803,フジクラ,東証,信用新規買,６ヵ月,特定,2025/03/14,2025/03/18,200,"6,105",--,--,--,--
5803,フジクラ,東証,信用新規買,６ヵ月,特定,2025/03/14,2025/03/18,"1,400","6,090",--,--,--,--
5803,フジクラ,東証,信用新規買,６ヵ月,特定,2025/03/14,2025/03/18,200,"6,089",--,--,--,--
5803,フジクラ,PTS(O),信用新規買,６ヵ月,特定,2025/03/14,2025/03/18,200,"6,088.8",--,--,--,--
5803,フジクラ,PTS(O),信用新規買,６ヵ月,特定,2025/03/14,2025/03/18,200,"6,078",--,--,--,--
5803,フジクラ,PTS(O),信用新規買,６ヵ月,特定,2025/03/14,2025/03/18,200,"6,088.9",--,--,--,--
5803,フジクラ,PTS(O),信用新規買,６ヵ月,特定,2025/03/14,2025/03/18,200,"6,077.3",--,--,--,--
5803,フジクラ,PTS(O),信用新規買,６ヵ月,特定,2025/03/14,2025/03/18,200,"6,077.7",--,--,--,--
5803,フジクラ,PTS(X),信用新規買,６ヵ月,特定,2025/03/14,2025/03/18,100,"6,077.9",--,--,--,--
5803,フジクラ,PTS(O),信用新規買,６ヵ月,特定,2025/03/14,2025/03/18,100,"6,105",--,--,--,--
5803,フジクラ,PTS(X),信用新規買,６ヵ月,特定,2025/03/14,2025/03/18,100,"6,077.8",--,--,--,--
5803,フジクラ,東証,信用新規買,６ヵ月,特定,2025/03/14,2025/03/18,"1,100","6,107",--,--,--,--
5803,フジクラ,東証,信用新規買,６ヵ月,特定,2025/03/14,2025/03/18,200,"6,079",--,--,--,--
6098,リクルートホールディングス,PTS(O),信用新規買,６ヵ月,特定,2025/03/14,2025/03/18,300,"8,351.8",--,--,--,--
6098,リクルートホールディングス,PTS(J),信用新規買,６ヵ月,特定,2025/03/14,2025/03/18,100,"8,351.9",--,--,--,--
6098,リクルートホールディングス,PTS(O),信用新規買,６ヵ月,特定,2025/03/14,2025/03/18,100,"8,351.9",--,--,--,--
6135,牧野フライス製作所,東証,信用新規買,６ヵ月,特定,2025/03/14,2025/03/18,200,"11,730",--,--,--,--
6135,牧野フライス製作所,PTS(J),信用新規買,６ヵ月,特定,2025/03/14,2025/03/18,100,"11,699",--,--,--,--
6135,牧野フライス製作所,PTS(O),信用新規買,６ヵ月,特定,2025/03/14,2025/03/18,400,"11,696",--,--,--,--
6135,牧野フライス製作所,PTS(O),信用新規買,６ヵ月,特定,2025/03/14,2025/03/18,100,"11,700",--,--,--,--
6135,牧野フライス製作所,PTS(X),信用新規買,６ヵ月,特定,2025/03/14,2025/03/18,100,"11,696",--,--,--,--
6135,牧野フライス製作所,PTS(X),信用新規買,６ヵ月,特定,2025/03/14,2025/03/18,100,"11,700",--,--,--,--
6135,牧野フライス製作所,東証,信用新規買,６ヵ月,特定,2025/03/14,2025/03/18,400,"11,700",--,--,--,--
6135,牧野フライス製作所,東証,信用新規買,６ヵ月,特定,2025/03/14,2025/03/18,100,"11,710",--,--,--,--
6135,牧野フライス製作所,東証,信用新規買,６ヵ月,特定,2025/03/14,2025/03/18,300,"11,750",--,--,--,--
6135,牧野フライス製作所,東証,信用新規買,６ヵ月,特定,2025/03/14,2025/03/18,500,"11,750",--,--,--,--
6146,ディスコ,PTS(O),信用新規買,６ヵ月,特定,2025/03/14,2025/03/18,100,"35,715.2",--,--,--,--
6146,ディスコ,PTS(O),信用新規買,６ヵ月,特定,2025/03/14,2025/03/18,400,"35,713.9",--,--,--,--
6146,ディスコ,PTS(O),信用新規買,６ヵ月,特定,2025/03/14,2025/03/18,100,"35,495.1",--,--,--,--
6146,ディスコ,PTS(X),信用新規買,６ヵ月,特定,2025/03/14,2025/03/18,200,"35,649.2",--,--,--,--
6146,ディスコ,PTS(X),信用新規買,６ヵ月,特定,2025/03/14,2025/03/18,100,"35,649.7",--,--,--,--
6146,ディスコ,PTS(O),信用新規買,６ヵ月,特定,2025/03/14,2025/03/18,200,"35,438.7",--,--,--,--
6146,ディスコ,PTS(X),信用新規買,６ヵ月,特定,2025/03/14,2025/03/18,300,"35,438.8",--,--,--,--
6146,ディスコ,PTS(X),信用新規買,６ヵ月,特定,2025/03/14,2025/03/18,100,"35,649.8",--,--,--,--
6146,ディスコ,PTS(X),信用新規買,６ヵ月,特定,2025/03/14,2025/03/18,200,"35,498.7",--,--,--,--
6146,ディスコ,PTS(X),信用新規買,６ヵ月,特定,2025/03/14,2025/03/18,100,"35,649.5",--,--,--,--
6146,ディスコ,PTS(O),信用新規買,６ヵ月,特定,2025/03/14,2025/03/18,100,"35,494.9",--,--,--,--
6146,ディスコ,PTS(X),信用新規買,６ヵ月,特定,2025/03/14,2025/03/18,100,"35,649.6",--,--,--,--
6857,アドバンテスト,東証,信用新規買,６ヵ月,特定,2025/03/14,2025/03/18,"1,000","8,187",--,--,--,--
6857,アドバンテスト,東証,信用新規買,６ヵ月,特定,2025/03/14,2025/03/18,400,"8,186",--,--,--,--
6857,アドバンテスト,東証,信用新規買,６ヵ月,特定,2025/03/14,2025/03/18,100,"8,188",--,--,--,--
6857,アドバンテスト,PTS(O),信用新規買,６ヵ月,特定,2025/03/14,2025/03/18,100,"8,237.5",--,--,--,--
6857,アドバンテスト,PTS(O),信用新規買,６ヵ月,特定,2025/03/14,2025/03/18,100,"8,185.4",--,--,--,--
6857,アドバンテスト,PTS(X),信用新規買,６ヵ月,特定,2025/03/14,2025/03/18,100,"8,237.6",--,--,--,--
6857,アドバンテスト,PTS(O),信用新規買,６ヵ月,特定,2025/03/14,2025/03/18,200,"8,238",--,--,--,--
6857,アドバンテスト,PTS(X),信用新規買,６ヵ月,特定,2025/03/14,2025/03/18,100,"8,237.5",--,--,--,--
6857,アドバンテスト,PTS(O),信用新規買,６ヵ月,特定,2025/03/14,2025/03/18,100,"8,237.8",--,--,--,--
6857,アドバンテスト,PTS(X),信用新規買,６ヵ月,特定,2025/03/14,2025/03/18,100,"8,186.3",--,--,--,--
6857,アドバンテスト,PTS(X),信用新規買,６ヵ月,特定,2025/03/14,2025/03/18,100,"8,186.2",--,--,--,--
6857,アドバンテスト,PTS(X),信用新規買,６ヵ月,特定,2025/03/14,2025/03/18,100,"8,237.8",--,--,--,--
6857,アドバンテスト,PTS(O),信用新規買,６ヵ月,特定,2025/03/14,2025/03/18,100,"8,186",--,--,--,--
6857,アドバンテスト,PTS(X),信用新規買,６ヵ月,特定,2025/03/14,2025/03/18,100,"8,237.7",--,--,--,--
6857,アドバンテスト,東証,信用新規買,６ヵ月,特定,2025/03/14,2025/03/18,800,"8,239",--,--,--,--
6857,アドバンテスト,東証,信用新規買,６ヵ月,特定,2025/03/14,2025/03/18,300,"8,238",--,--,--,--
6146,ディスコ,PTS(O),信用返済買,６ヵ月,特定,2025/03/14,2025/03/18,100,"35,378.6",105,--,"-39,965",--
6857,アドバンテスト,東証,信用返済買,６ヵ月,特定,2025/03/14,2025/03/18,200,"8,234",48,--,"-29,608",--
6857,アドバンテスト,PTS(X),信用返済買,６ヵ月,特定,2025/03/14,2025/03/18,100,"8,181.9",24,--,"-16,614",--
6857,アドバンテスト,PTS(X),信用返済買,６ヵ月,特定,2025/03/14,2025/03/18,100,"8,181.8",24,--,"-16,604",--
6857,アドバンテスト,PTS(X),信用返済買,６ヵ月,特定,2025/03/14,2025/03/18,100,"8,181.9",24,--,"-16,714",--
6857,アドバンテスト,東証,信用返済買,６ヵ月,特定,2025/03/14,2025/03/18,200,"8,234",48,--,"-29,588",--
6857,アドバンテスト,東証,信用返済買,６ヵ月,特定,2025/03/14,2025/03/18,200,"8,233",48,--,"-29,448",--
6857,アドバンテスト,東証,信用返済買,６ヵ月,特定,2025/03/14,2025/03/18,100,"8,233",24,--,"-14,724",--
6857,アドバンテスト,東証,信用返済買,６ヵ月,特定,2025/03/14,2025/03/18,200,"8,183",47,--,"-44,547",--
6857,アドバンテスト,東証,信用返済買,６ヵ月,特定,2025/03/14,2025/03/18,200,"8,234",48,--,"-29,608",--
6857,アドバンテスト,東証,信用返済買,６ヵ月,特定,2025/03/14,2025/03/18,200,"8,184",46,--,"-81,646",--
6857,アドバンテスト,東証,信用返済買,６ヵ月,特定,2025/03/14,2025/03/18,100,"8,184",23,--,"-30,413",--
6857,アドバンテスト,東証,信用返済買,６ヵ月,特定,2025/03/14,2025/03/18,100,"8,184",23,--,"-22,513",--
6857,アドバンテスト,東証,信用返済買,６ヵ月,特定,2025/03/14,2025/03/18,100,"8,233",24,--,"-14,684",--
6857,アドバンテスト,東証,信用返済買,６ヵ月,特定,2025/03/14,2025/03/18,300,"8,185",70,--,"-122,770",--
6857,アドバンテスト,東証,信用返済買,６ヵ月,特定,2025/03/14,2025/03/18,100,"8,234",24,--,"-18,124",--
6857,アドバンテスト,東証,信用返済買,６ヵ月,特定,2025/03/14,2025/03/18,200,"8,184",47,--,"-60,807",--
6857,アドバンテスト,東証,信用返済買,６ヵ月,特定,2025/03/14,2025/03/18,200,"8,184",47,--,"-60,847",--
6857,アドバンテスト,東証,信用返済買,６ヵ月,特定,2025/03/14,2025/03/18,200,"8,233",48,--,"-29,428",--
6857,アドバンテスト,東証,信用返済買,６ヵ月,特定,2025/03/14,2025/03/18,200,"8,233",48,--,"-29,428",--
6857,アドバンテスト,東証,信用返済買,６ヵ月,特定,2025/03/14,2025/03/18,600,"8,233",146,--,"-88,346",--
6857,アドバンテスト,東証,信用返済買,６ヵ月,特定,2025/03/14,2025/03/18,100,"8,182",23,--,"-22,173",--
6857,アドバンテスト,東証,信用返済買,６ヵ月,特定,2025/03/14,2025/03/18,200,"8,182",48,--,"-33,448",--
6857,アドバンテスト,東証,信用返済買,６ヵ月,特定,2025/03/14,2025/03/18,100,"8,183",23,--,"-22,273",--
8584,ジャックス,東証,信用返済買,６ヵ月,特定,2025/03/14,2025/03/18,200,"3,840",22,--,"-24,022",--
8584,ジャックス,東証,信用返済買,６ヵ月,特定,2025/03/14,2025/03/18,100,"3,840",11,--,"-12,511",--
8584,ジャックス,東証,信用返済買,６ヵ月,特定,2025/03/14,2025/03/18,100,"3,840",11,--,"-11,961",--
8584,ジャックス,東証,信用返済買,６ヵ月,特定,2025/03/14,2025/03/18,100,"3,840",11,--,"-11,961",--
8584,ジャックス,東証,信用返済買,６ヵ月,特定,2025/03/14,2025/03/18,100,"3,840",11,--,"-14,561",--
8584,ジャックス,東証,信用返済買,６ヵ月,特定,2025/03/14,2025/03/18,100,"3,840",11,--,"-14,561",--
8584,ジャックス,東証,信用返済買,６ヵ月,特定,2025/03/14,2025/03/18,200,"3,840",22,--,"-24,022",--
8584,ジャックス,東証,信用返済買,６ヵ月,特定,2025/03/14,2025/03/18,100,"3,840",11,--,"-11,961",--
6857,アドバンテスト,PTS(X),信用新規売,６ヵ月,特定,2025/03/13,2025/03/17,200,"7,982.3",--,--,--,--
6857,アドバンテスト,PTS(O),信用新規売,６ヵ月,特定,2025/03/13,2025/03/17,200,"7,982.5",--,--,--,--
6857,アドバンテスト,PTS(X),信用新規売,６ヵ月,特定,2025/03/13,2025/03/17,100,"7,982.4",--,--,--,--
6857,アドバンテスト,東証,信用新規売,６ヵ月,特定,2025/03/13,2025/03/17,900,"7,934",--,--,--,--
6857,アドバンテスト,東証,信用新規売,６ヵ月,特定,2025/03/13,2025/03/17,100,"7,935",--,--,--,--
6857,アドバンテスト,PTS(X),信用新規売,６ヵ月,特定,2025/03/13,2025/03/17,200,"7,982.7",--,--,--,--
6857,アドバンテスト,PTS(X),信用新規売,６ヵ月,特定,2025/03/13,2025/03/17,200,"7,982.2",--,--,--,--
6857,アドバンテスト,PTS(X),信用新規売,６ヵ月,特定,2025/03/13,2025/03/17,100,"7,982.8",--,--,--,--
6920,レーザーテック,東証,信用新規売,６ヵ月,特定,2025/03/13,2025/03/17,100,"14,345",--,--,--,--
6920,レーザーテック,PTS(X),信用新規売,６ヵ月,特定,2025/03/13,2025/03/17,100,"14,347.1",--,--,--,--
6920,レーザーテック,PTS(O),信用新規売,６ヵ月,特定,2025/03/13,2025/03/17,100,"14,343.3",--,--,--,--
6920,レーザーテック,東証,信用新規売,６ヵ月,特定,2025/03/13,2025/03/17,100,"14,345",--,--,--,--
7012,川崎重工業,PTS(X),信用新規売,６ヵ月,特定,2025/03/13,2025/03/17,100,"8,995.1",--,--,--,--
7012,川崎重工業,PTS(J),信用新規売,６ヵ月,特定,2025/03/13,2025/03/17,100,"8,994",--,--,--,--
7012,川崎重工業,PTS(X),信用新規売,６ヵ月,特定,2025/03/13,2025/03/17,100,"8,993.3",--,--,--,--
7012,川崎重工業,PTS(O),信用新規売,６ヵ月,特定,2025/03/13,2025/03/17,100,"8,994.5",--,--,--,--
7012,川崎重工業,PTS(X),信用新規売,６ヵ月,特定,2025/03/13,2025/03/17,100,"8,995",--,--,--,--
7012,川崎重工業,PTS(J),信用新規売,６ヵ月,特定,2025/03/13,2025/03/17,100,"8,994.1",--,--,--,--
3382,セブン＆アイ・ホールディングス,PTS(X),信用返済売,６ヵ月,特定,2025/03/13,2025/03/17,100,"2,177.3",80,--,"6,520",--
3382,セブン＆アイ・ホールディングス,PTS(X),信用返済売,６ヵ月,特定,2025/03/13,2025/03/17,100,"2,177.1",80,--,"6,480",--
3382,セブン＆アイ・ホールディングス,PTS(X),信用返済売,６ヵ月,特定,2025/03/13,2025/03/17,200,"2,177",161,--,"12,939",--
3382,セブン＆アイ・ホールディングス,PTS(X),信用返済売,６ヵ月,特定,2025/03/13,2025/03/17,200,"2,177.2",161,--,"12,999",--
3382,セブン＆アイ・ホールディングス,東証,信用返済売,６ヵ月,特定,2025/03/13,2025/03/17,100,"2,176",17,--,"-7,167",--
3382,セブン＆アイ・ホールディングス,東証,信用返済売,６ヵ月,特定,2025/03/13,2025/03/17,100,"2,176",16,--,"-2,206",--
3382,セブン＆アイ・ホールディングス,東証,信用返済売,６ヵ月,特定,2025/03/13,2025/03/17,300,"2,176.5",50,--,"-6,470",--
3382,セブン＆アイ・ホールディングス,東証,信用返済売,６ヵ月,特定,2025/03/13,2025/03/17,200,"2,176",33,--,"-4,533",--
3382,セブン＆アイ・ホールディングス,東証,信用返済売,６ヵ月,特定,2025/03/13,2025/03/17,600,"2,176",103,--,"-43,003",--
3382,セブン＆アイ・ホールディングス,東証,信用返済売,６ヵ月,特定,2025/03/13,2025/03/17,200,"2,176",33,--,"-4,433",--
3382,セブン＆アイ・ホールディングス,東証,信用返済売,６ヵ月,特定,2025/03/13,2025/03/17,100,"2,176.5",16,--,"-2,146",--
3382,セブン＆アイ・ホールディングス,東証,信用返済売,６ヵ月,特定,2025/03/13,2025/03/17,100,"2,176.5",16,--,"-2,146",--
3382,セブン＆アイ・ホールディングス,東証,信用返済売,６ヵ月,特定,2025/03/13,2025/03/17,200,"2,176",34,--,"-14,314",--
3382,セブン＆アイ・ホールディングス,東証,信用返済売,６ヵ月,特定,2025/03/13,2025/03/17,100,"2,176",17,--,"-7,157",--
3382,セブン＆アイ・ホールディングス,東証,信用返済売,６ヵ月,特定,2025/03/13,2025/03/17,100,"2,177",80,--,"6,460",--
3382,セブン＆アイ・ホールディングス,東証,信用返済売,６ヵ月,特定,2025/03/13,2025/03/17,100,"2,177",80,--,"6,460",--
3382,セブン＆アイ・ホールディングス,東証,信用返済売,６ヵ月,特定,2025/03/13,2025/03/17,100,"2,176.5",81,--,"4,349",--
3382,セブン＆アイ・ホールディングス,東証,信用返済売,６ヵ月,特定,2025/03/13,2025/03/17,100,"2,177",80,--,"6,450",--
4676,フジ・メディア・ホールディングス,PTS(O),信用返済売,６ヵ月,特定,2025/03/13,2025/03/17,200,"2,391.9",36,--,"-1,756",--
4676,フジ・メディア・ホールディングス,東証,信用返済売,６ヵ月,特定,2025/03/13,2025/03/17,200,"2,390.5",36,--,"-3,236",--
4676,フジ・メディア・ホールディングス,PTS(O),信用返済売,６ヵ月,特定,2025/03/13,2025/03/17,100,"2,391.8",18,--,-888,--
4676,フジ・メディア・ホールディングス,PTS(O),信用返済売,６ヵ月,特定,2025/03/13,2025/03/17,100,"2,391.5",18,--,-968,--
4676,フジ・メディア・ホールディングス,PTS(O),信用返済売,６ヵ月,特定,2025/03/13,2025/03/17,100,"2,391.6",18,--,-908,--
4676,フジ・メディア・ホールディングス,東証,信用返済売,６ヵ月,特定,2025/03/13,2025/03/17,200,"2,390.5",36,--,"-3,436",--
4676,フジ・メディア・ホールディングス,東証,信用返済売,６ヵ月,特定,2025/03/13,2025/03/17,100,"2,390.5",18,--,"-1,668",--
4676,フジ・メディア・ホールディングス,東証,信用返済売,６ヵ月,特定,2025/03/13,2025/03/17,100,"2,391.5",18,--,-918,--
4676,フジ・メディア・ホールディングス,東証,信用返済売,６ヵ月,特定,2025/03/13,2025/03/17,100,"2,390.5",18,--,"-1,658",--
4676,フジ・メディア・ホールディングス,東証,信用返済売,６ヵ月,特定,2025/03/13,2025/03/17,100,"2,390.5",18,--,"-1,648",--
4676,フジ・メディア・ホールディングス,東証,信用返済売,６ヵ月,特定,2025/03/13,2025/03/17,100,"2,390.5",18,--,"-1,638",--
4676,フジ・メディア・ホールディングス,東証,信用返済売,６ヵ月,特定,2025/03/13,2025/03/17,100,"2,390.5",18,--,"-1,118",--
4676,フジ・メディア・ホールディングス,東証,信用返済売,６ヵ月,特定,2025/03/13,2025/03/17,200,"2,391",36,--,"-2,136",--
4676,フジ・メディア・ホールディングス,東証,信用返済売,６ヵ月,特定,2025/03/13,2025/03/17,100,"2,390.5",18,--,"-1,628",--
4676,フジ・メディア・ホールディングス,東証,信用返済売,６ヵ月,特定,2025/03/13,2025/03/17,100,"2,390.5",18,--,"-1,768",--
4676,フジ・メディア・ホールディングス,PTS(O),信用返済売,６ヵ月,特定,2025/03/13,2025/03/17,100,"2,391.5",18,--,-908,--
6178,日本郵政,東証,信用返済売,６ヵ月,特定,2025/03/13,2025/03/17,100,"1,591",12,--,-412,--
6178,日本郵政,東証,信用返済売,６ヵ月,特定,2025/03/13,2025/03/17,"1,100","1,591",134,--,"-4,974",--
6178,日本郵政,東証,信用返済売,６ヵ月,特定,2025/03/13,2025/03/17,200,"1,591",24,--,-904,--
6178,日本郵政,PTS(J),信用返済売,６ヵ月,特定,2025/03/13,2025/03/17,200,"1,591.2",24,--,-564,--
6178,日本郵政,PTS(J),信用返済売,６ヵ月,特定,2025/03/13,2025/03/17,100,"1,591.2",12,--,-282,--
6178,日本郵政,PTS(X),信用返済売,６ヵ月,特定,2025/03/13,2025/03/17,100,"1,591.6",12,--,-232,--
6178,日本郵政,PTS(J),信用返済売,６ヵ月,特定,2025/03/13,2025/03/17,100,"1,591.1",12,--,-412,--
6178,日本郵政,PTS(J),信用返済売,６ヵ月,特定,2025/03/13,2025/03/17,100,"1,591.1",12,--,-412,--
6178,日本郵政,PTS(O),信用返済売,６ヵ月,特定,2025/03/13,2025/03/17,100,"1,591.3",12,--,-272,--
6178,日本郵政,PTS(J),信用返済売,６ヵ月,特定,2025/03/13,2025/03/17,100,"1,591.1",12,--,-442,--
6178,日本郵政,PTS(X),信用返済売,６ヵ月,特定,2025/03/13,2025/03/17,100,"1,591.2",12,--,-392,--
6178,日本郵政,PTS(X),信用返済売,６ヵ月,特定,2025/03/13,2025/03/17,400,"1,591.2",48,--,"-1,728",--
6178,日本郵政,PTS(X),信用返済売,６ヵ月,特定,2025/03/13,2025/03/17,100,"1,591.5",12,--,-252,--
6178,日本郵政,PTS(O),信用返済売,６ヵ月,特定,2025/03/13,2025/03/17,100,"1,591.2",12,--,-282,--
6178,日本郵政,PTS(X),信用返済売,６ヵ月,特定,2025/03/13,2025/03/17,300,"1,591.4",36,--,-786,--
6178,日本郵政,PTS(X),信用返済売,６ヵ月,特定,2025/03/13,2025/03/17,100,"1,591.4",12,--,-392,--
6178,日本郵政,PTS(X),信用返済売,６ヵ月,特定,2025/03/13,2025/03/17,200,"1,591.3",24,--,-844,--
6178,日本郵政,PTS(O),信用返済売,６ヵ月,特定,2025/03/13,2025/03/17,100,"1,591.2",12,--,-412,--
6178,日本郵政,PTS(O),信用返済売,６ヵ月,特定,2025/03/13,2025/03/17,300,"1,591.1",36,--,"-1,326",--
6178,日本郵政,PTS(O),信用返済売,６ヵ月,特定,2025/03/13,2025/03/17,"2,100","1,591.1",257,--,"-9,287",--
6857,アドバンテスト,東証,信用返済売,６ヵ月,特定,2025/03/13,2025/03/17,100,"7,972",61,--,"-2,841",--
6857,アドバンテスト,東証,信用返済売,６ヵ月,特定,2025/03/13,2025/03/17,100,"7,972",61,--,"-2,841",--
6857,アドバンテスト,PTS(X),信用返済売,６ヵ月,特定,2025/03/13,2025/03/17,100,"7,973",61,--,"-2,671",--
6857,アドバンテスト,東証,信用返済売,６ヵ月,特定,2025/03/13,2025/03/17,200,"7,973",122,--,"-5,502",--
6857,アドバンテスト,東証,信用返済売,６ヵ月,特定,2025/03/13,2025/03/17,100,"7,973",61,--,"-2,681",--
6857,アドバンテスト,東証,信用返済売,６ヵ月,特定,2025/03/13,2025/03/17,100,"7,976",61,--,"-2,361",--
6857,アドバンテスト,東証,信用返済売,６ヵ月,特定,2025/03/13,2025/03/17,100,"7,972",61,--,"-2,831",--
6857,アドバンテスト,東証,信用返済売,６ヵ月,特定,2025/03/13,2025/03/17,200,"7,972",122,--,"-5,582",--
6857,アドバンテスト,東証,信用返済売,６ヵ月,特定,2025/03/13,2025/03/17,100,"7,972",61,--,"-2,851",--
6857,アドバンテスト,東証,信用返済売,６ヵ月,特定,2025/03/13,2025/03/17,300,"7,976",184,--,"-7,384",--
6857,アドバンテスト,東証,信用返済売,６ヵ月,特定,2025/03/13,2025/03/17,700,"7,975",429,--,"-17,929",--
6857,アドバンテスト,東証,信用返済売,６ヵ月,特定,2025/03/13,2025/03/17,100,"7,977",61,--,"-2,261",--
6920,レーザーテック,PTS(O),信用返済売,６ヵ月,特定,2025/03/13,2025/03/17,100,"14,475.8",111,--,"-4,241",--
6920,レーザーテック,PTS(O),信用返済売,６ヵ月,特定,2025/03/13,2025/03/17,100,"14,475.8",111,--,"-4,241",--
6920,レーザーテック,PTS(O),信用返済売,６ヵ月,特定,2025/03/13,2025/03/17,100,"14,490.2",112,--,"-21,292",--
6920,レーザーテック,PTS(O),信用返済売,６ヵ月,特定,2025/03/13,2025/03/17,100,"14,490.2",112,--,"-21,302",--
6920,レーザーテック,PTS(X),信用返済売,６ヵ月,特定,2025/03/13,2025/03/17,100,"14,475.7",111,--,"-4,251",--
6920,レーザーテック,PTS(X),信用返済売,６ヵ月,特定,2025/03/13,2025/03/17,100,"14,475.7",111,--,"-4,271",--
7735,ＳＣＲＥＥＮホールディングス,東証,信用返済売,６ヵ月,特定,2025/03/13,2025/03/17,100,"11,335",86,--,"6,714",--
7735,ＳＣＲＥＥＮホールディングス,東証,信用返済売,６ヵ月,特定,2025/03/13,2025/03/17,100,"11,335",86,--,"6,764",--
3382,セブン＆アイ・ホールディングス,PTS(O),信用新規買,６ヵ月,特定,2025/03/13,2025/03/17,100,"2,197.9",--,--,--,--
3382,セブン＆アイ・ホールディングス,PTS(X),信用新規買,６ヵ月,特定,2025/03/13,2025/03/17,100,"2,197.8",--,--,--,--
3382,セブン＆アイ・ホールディングス,東証,信用新規買,６ヵ月,特定,2025/03/13,2025/03/17,200,"2,198.5",--,--,--,--
3382,セブン＆アイ・ホールディングス,東証,信用新規買,６ヵ月,特定,2025/03/13,2025/03/17,600,"2,247.5",--,--,--,--
3382,セブン＆アイ・ホールディングス,PTS(O),信用新規買,６ヵ月,特定,2025/03/13,2025/03/17,100,"2,197.8",--,--,--,--
3382,セブン＆アイ・ホールディングス,PTS(O),信用新規買,６ヵ月,特定,2025/03/13,2025/03/17,100,"2,247.4",--,--,--,--
3382,セブン＆アイ・ホールディングス,PTS(X),信用新規買,６ヵ月,特定,2025/03/13,2025/03/17,100,"2,247.5",--,--,--,--
3382,セブン＆アイ・ホールディングス,PTS(X),信用新規買,６ヵ月,特定,2025/03/13,2025/03/17,300,"2,197.9",--,--,--,--
3382,セブン＆アイ・ホールディングス,PTS(X),信用新規買,６ヵ月,特定,2025/03/13,2025/03/17,200,"2,247.4",--,--,--,--
3382,セブン＆アイ・ホールディングス,東証,信用新規買,６ヵ月,特定,2025/03/13,2025/03/17,200,"2,198",--,--,--,--
4676,フジ・メディア・ホールディングス,東証,信用新規買,６ヵ月,特定,2025/03/13,2025/03/17,100,"2,408",--,--,--,--
4676,フジ・メディア・ホールディングス,PTS(O),信用新規買,６ヵ月,特定,2025/03/13,2025/03/17,200,"2,406.5",--,--,--,--
4676,フジ・メディア・ホールディングス,PTS(X),信用新規買,６ヵ月,特定,2025/03/13,2025/03/17,100,"2,406.7",--,--,--,--
4676,フジ・メディア・ホールディングス,PTS(X),信用新規買,６ヵ月,特定,2025/03/13,2025/03/17,100,"2,406.6",--,--,--,--
4676,フジ・メディア・ホールディングス,PTS(X),信用新規買,６ヵ月,特定,2025/03/13,2025/03/17,100,"2,406.8",--,--,--,--
4676,フジ・メディア・ホールディングス,PTS(X),信用新規買,６ヵ月,特定,2025/03/13,2025/03/17,100,"2,400.4",--,--,--,--
4676,フジ・メディア・ホールディングス,PTS(X),信用新規買,６ヵ月,特定,2025/03/13,2025/03/17,100,"2,406.9",--,--,--,--
4676,フジ・メディア・ホールディングス,東証,信用新規買,６ヵ月,特定,2025/03/13,2025/03/17,100,"2,407",--,--,--,--
4676,フジ・メディア・ホールディングス,東証,信用新規買,６ヵ月,特定,2025/03/13,2025/03/17,500,"2,400.5",--,--,--,--
4676,フジ・メディア・ホールディングス,東証,信用新規買,６ヵ月,特定,2025/03/13,2025/03/17,100,"2,401",--,--,--,--
4676,フジ・メディア・ホールディングス,東証,信用新規買,６ヵ月,特定,2025/03/13,2025/03/17,200,"2,407.5",--,--,--,--
4676,フジ・メディア・ホールディングス,東証,信用新規買,６ヵ月,特定,2025/03/13,2025/03/17,300,"2,401.5",--,--,--,--
6178,日本郵政,PTS(J),信用新規買,６ヵ月,特定,2025/03/13,2025/03/17,"1,100","1,595.4",--,--,--,--
6178,日本郵政,PTS(O),信用新規買,６ヵ月,特定,2025/03/13,2025/03/17,100,"1,595.1",--,--,--,--
6178,日本郵政,PTS(X),信用新規買,６ヵ月,特定,2025/03/13,2025/03/17,100,"1,595.1",--,--,--,--
6178,日本郵政,PTS(O),信用新規買,６ヵ月,特定,2025/03/13,2025/03/17,"1,200","1,595.4",--,--,--,--
6178,日本郵政,PTS(O),信用新規買,６ヵ月,特定,2025/03/13,2025/03/17,100,"1,595.2",--,--,--,--
6178,日本郵政,PTS(X),信用新規買,６ヵ月,特定,2025/03/13,2025/03/17,"2,100","1,595.4",--,--,--,--
6178,日本郵政,PTS(O),信用新規買,６ヵ月,特定,2025/03/13,2025/03/17,700,"1,593.9",--,--,--,--
6178,日本郵政,PTS(X),信用新規買,６ヵ月,特定,2025/03/13,2025/03/17,200,"1,593.9",--,--,--,--
6178,日本郵政,PTS(X),信用新規買,６ヵ月,特定,2025/03/13,2025/03/17,100,"1,595",--,--,--,--
6178,日本郵政,PTS(O),信用新規買,６ヵ月,特定,2025/03/13,2025/03/17,100,"1,593.8",--,--,--,--
6178,日本郵政,PTS(X),信用新規買,６ヵ月,特定,2025/03/13,2025/03/17,100,"1,595.2",--,--,--,--
6178,日本郵政,PTS(O),信用新規買,６ヵ月,特定,2025/03/13,2025/03/17,100,"1,595",--,--,--,--
6857,アドバンテスト,PTS(X),信用新規買,６ヵ月,特定,2025/03/13,2025/03/17,200,"7,999.3",--,--,--,--
6857,アドバンテスト,PTS(O),信用新規買,６ヵ月,特定,2025/03/13,2025/03/17,100,"7,999.8",--,--,--,--
6857,アドバンテスト,PTS(X),信用新規買,６ヵ月,特定,2025/03/13,2025/03/17,100,"7,999.8",--,--,--,--
6857,アドバンテスト,東証,信用新規買,６ヵ月,特定,2025/03/13,2025/03/17,200,"7,999",--,--,--,--
6857,アドバンテスト,東証,信用新規買,６ヵ月,特定,2025/03/13,2025/03/17,"1,000","8,000",--,--,--,--
6857,アドバンテスト,PTS(J),信用新規買,６ヵ月,特定,2025/03/13,2025/03/17,100,"7,999.7",--,--,--,--
6857,アドバンテスト,PTS(O),信用新規買,６ヵ月,特定,2025/03/13,2025/03/17,100,"7,999.1",--,--,--,--
6857,アドバンテスト,PTS(X),信用新規買,６ヵ月,特定,2025/03/13,2025/03/17,300,"7,999.9",--,--,--,--
6857,アドバンテスト,PTS(X),信用新規買,６ヵ月,特定,2025/03/13,2025/03/17,100,"7,999.2",--,--,--,--
6920,レーザーテック,PTS(X),信用新規買,６ヵ月,特定,2025/03/13,2025/03/17,100,"14,702.1",--,--,--,--
6920,レーザーテック,PTS(O),信用新規買,６ヵ月,特定,2025/03/13,2025/03/17,100,"14,517.1",--,--,--,--
6920,レーザーテック,PTS(X),信用新規買,６ヵ月,特定,2025/03/13,2025/03/17,200,"14,517.1",--,--,--,--
6920,レーザーテック,PTS(X),信用新規買,６ヵ月,特定,2025/03/13,2025/03/17,100,"14,517.3",--,--,--,--
6920,レーザーテック,PTS(O),信用新規買,６ヵ月,特定,2025/03/13,2025/03/17,100,"14,702",--,--,--,--
7735,ＳＣＲＥＥＮホールディングス,PTS(O),信用新規買,６ヵ月,特定,2025/03/13,2025/03/17,100,"11,266.5",--,--,--,--
7735,ＳＣＲＥＥＮホールディングス,PTS(X),信用新規買,６ヵ月,特定,2025/03/13,2025/03/17,100,"11,267",--,--,--,--
6857,アドバンテスト,東証,信用返済買,６ヵ月,特定,2025/03/13,2025/03/17,100,"7,830",24,--,"15,216",--
6857,アドバンテスト,東証,信用返済買,６ヵ月,特定,2025/03/13,2025/03/17,200,"7,830",48,--,"30,392",--
6857,アドバンテスト,東証,信用返済買,６ヵ月,特定,2025/03/13,2025/03/17,700,"8,000",167,--,"-46,367",--
6857,アドバンテスト,東証,信用返済買,６ヵ月,特定,2025/03/13,2025/03/17,100,"7,830",24,--,"15,256",--
6857,アドバンテスト,PTS(O),信用返済買,６ヵ月,特定,2025/03/13,2025/03/17,100,"7,999.6",23,--,"-6,583",--
6857,アドバンテスト,東証,信用返済買,６ヵ月,特定,2025/03/13,2025/03/17,200,"7,830",48,--,"30,492",--
6857,アドバンテスト,東証,信用返済買,６ヵ月,特定,2025/03/13,2025/03/17,200,"7,830",48,--,"30,412",--
6857,アドバンテスト,PTS(J),信用返済買,６ヵ月,特定,2025/03/13,2025/03/17,100,"8,000",23,--,"-6,523",--
6857,アドバンテスト,PTS(O),信用返済買,６ヵ月,特定,2025/03/13,2025/03/17,100,"7,999.9",23,--,"-6,613",--
6857,アドバンテスト,東証,信用返済買,６ヵ月,特定,2025/03/13,2025/03/17,200,"7,830",48,--,"30,452",--
6920,レーザーテック,PTS(O),信用返済買,６ヵ月,特定,2025/03/13,2025/03/17,100,"14,407.7",43,--,"-6,483",--
6920,レーザーテック,PTS(O),信用返済買,６ヵ月,特定,2025/03/13,2025/03/17,100,"14,407.5",43,--,"-6,293",--
6920,レーザーテック,PTS(X),信用返済買,６ヵ月,特定,2025/03/13,2025/03/17,100,"14,408.5",43,--,"-6,393",--
6920,レーザーテック,PTS(X),信用返済買,６ヵ月,特定,2025/03/13,2025/03/17,100,"14,408.4",43,--,"-6,173",--
7012,川崎重工業,東証,信用返済買,６ヵ月,特定,2025/03/13,2025/03/17,100,"8,870",27,--,"12,423",--
7012,川崎重工業,東証,信用返済買,６ヵ月,特定,2025/03/13,2025/03/17,100,"8,870",27,--,"12,483",--
7012,川崎重工業,東証,信用返済買,６ヵ月,特定,2025/03/13,2025/03/17,100,"8,870",27,--,"12,383",--
7012,川崎重工業,東証,信用返済買,６ヵ月,特定,2025/03/13,2025/03/17,100,"8,870",27,--,"12,373",--
7012,川崎重工業,東証,信用返済買,６ヵ月,特定,2025/03/13,2025/03/17,100,"8,870",27,--,"12,473",--
7012,川崎重工業,東証,信用返済買,６ヵ月,特定,2025/03/13,2025/03/17,100,"8,870",27,--,"12,303",--
6857,アドバンテスト,PTS(O),信用新規売,６ヵ月,特定,2025/03/12,2025/03/14,100,"7,551.9",--,--,--,--
6857,アドバンテスト,PTS(O),信用新規売,６ヵ月,特定,2025/03/12,2025/03/14,100,"7,552.1",--,--,--,--
6857,アドバンテスト,PTS(X),信用新規売,６ヵ月,特定,2025/03/12,2025/03/14,200,"7,551.9",--,--,--,--
6857,アドバンテスト,PTS(X),信用新規売,６ヵ月,特定,2025/03/12,2025/03/14,200,"7,551.5",--,--,--,--
6857,アドバンテスト,PTS(O),信用新規売,６ヵ月,特定,2025/03/12,2025/03/14,100,"7,568.8",--,--,--,--
6857,アドバンテスト,PTS(X),信用新規売,６ヵ月,特定,2025/03/12,2025/03/14,100,"7,568.4",--,--,--,--
6857,アドバンテスト,PTS(X),信用新規売,６ヵ月,特定,2025/03/12,2025/03/14,100,"7,551.3",--,--,--,--
6857,アドバンテスト,PTS(O),信用新規売,６ヵ月,特定,2025/03/12,2025/03/14,200,"7,551.3",--,--,--,--
6857,アドバンテスト,PTS(X),信用新規売,６ヵ月,特定,2025/03/12,2025/03/14,100,"7,552.1",--,--,--,--
6857,アドバンテスト,PTS(X),信用新規売,６ヵ月,特定,2025/03/12,2025/03/14,100,"7,553.5",--,--,--,--
6857,アドバンテスト,PTS(O),信用新規売,６ヵ月,特定,2025/03/12,2025/03/14,100,"7,569",--,--,--,--
6857,アドバンテスト,PTS(O),信用新規売,６ヵ月,特定,2025/03/12,2025/03/14,100,"7,568",--,--,--,--
6857,アドバンテスト,PTS(X),信用新規売,６ヵ月,特定,2025/03/12,2025/03/14,100,"7,568.5",--,--,--,--
6857,アドバンテスト,PTS(J),信用新規売,６ヵ月,特定,2025/03/12,2025/03/14,100,"7,568",--,--,--,--
6857,アドバンテスト,PTS(X),信用新規売,６ヵ月,特定,2025/03/12,2025/03/14,100,"7,568.3",--,--,--,--
6857,アドバンテスト,PTS(O),信用新規売,６ヵ月,特定,2025/03/12,2025/03/14,100,"7,553.5",--,--,--,--
6857,アドバンテスト,PTS(X),信用新規売,６ヵ月,特定,2025/03/12,2025/03/14,200,"7,553.4",--,--,--,--
6857,アドバンテスト,東証,信用新規売,６ヵ月,特定,2025/03/12,2025/03/14,300,"7,569",--,--,--,--
6857,アドバンテスト,東証,信用新規売,６ヵ月,特定,2025/03/12,2025/03/14,100,"7,552",--,--,--,--
6857,アドバンテスト,東証,信用新規売,６ヵ月,特定,2025/03/12,2025/03/14,200,"7,569",--,--,--,--
6857,アドバンテスト,PTS(X),信用新規売,６ヵ月,特定,2025/03/12,2025/03/14,100,"7,568.7",--,--,--,--
6857,アドバンテスト,PTS(X),信用新規売,６ヵ月,特定,2025/03/12,2025/03/14,200,"7,569",--,--,--,--
4062,イビデン,東証,信用返済売,６ヵ月,特定,2025/03/12,2025/03/14,100,"4,193",32,--,"-10,592",--
4062,イビデン,東証,信用返済売,６ヵ月,特定,2025/03/12,2025/03/14,300,"4,195",97,--,"-12,697",--
4062,イビデン,PTS(J),信用返済売,６ヵ月,特定,2025/03/12,2025/03/14,100,"4,195.7",32,--,"-3,942",--
4062,イビデン,PTS(O),信用返済売,６ヵ月,特定,2025/03/12,2025/03/14,100,"4,195.1",32,--,"-4,182",--
4062,イビデン,PTS(O),信用返済売,６ヵ月,特定,2025/03/12,2025/03/14,100,"4,195.7",32,--,"-3,962",--
4062,イビデン,PTS(X),信用返済売,６ヵ月,特定,2025/03/12,2025/03/14,100,"4,196.5",32,--,"-3,832",--
4062,イビデン,PTS(X),信用返済売,６ヵ月,特定,2025/03/12,2025/03/14,100,"4,196.2",32,--,"-3,912",--
4062,イビデン,PTS(J),信用返済売,６ヵ月,特定,2025/03/12,2025/03/14,100,"4,195.2",32,--,"-4,182",--
4062,イビデン,PTS(J),信用返済売,６ヵ月,特定,2025/03/12,2025/03/14,100,"4,195.4",32,--,"-3,992",--
4062,イビデン,PTS(O),信用返済売,６ヵ月,特定,2025/03/12,2025/03/14,100,"4,196.5",32,--,"-3,822",--
4062,イビデン,PTS(O),信用返済売,６ヵ月,特定,2025/03/12,2025/03/14,100,"4,196.2",32,--,"-3,902",--
4062,イビデン,東証,信用返済売,６ヵ月,特定,2025/03/12,2025/03/14,100,"4,193",32,--,"-10,582",--
4062,イビデン,東証,信用返済売,６ヵ月,特定,2025/03/12,2025/03/14,100,"4,192",32,--,"-10,712",--
4062,イビデン,東証,信用返済売,６ヵ月,特定,2025/03/12,2025/03/14,100,"4,194",32,--,"-8,542",--
4062,イビデン,東証,信用返済売,６ヵ月,特定,2025/03/12,2025/03/14,200,"4,194",65,--,"-9,065",--
4062,イビデン,東証,信用返済売,６ヵ月,特定,2025/03/12,2025/03/14,200,"4,192",67,--,"-36,547",--
4062,イビデン,東証,信用返済売,６ヵ月,特定,2025/03/12,2025/03/14,100,"4,192",33,--,"-19,263",--
4062,イビデン,東証,信用返済売,６ヵ月,特定,2025/03/12,2025/03/14,200,"4,192",67,--,"-38,547",--
4062,イビデン,東証,信用返済売,６ヵ月,特定,2025/03/12,2025/03/14,100,"4,192",33,--,"-19,273",--
4062,イビデン,東証,信用返済売,６ヵ月,特定,2025/03/12,2025/03/14,100,"4,193",32,--,"-10,622",--
4062,イビデン,東証,信用返済売,６ヵ月,特定,2025/03/12,2025/03/14,100,"4,194",32,--,"-4,432",--
4062,イビデン,東証,信用返済売,６ヵ月,特定,2025/03/12,2025/03/14,100,"4,193",32,--,"-10,602",--
4062,イビデン,東証,信用返済売,６ヵ月,特定,2025/03/12,2025/03/14,100,"4,195",32,--,"-4,332",--
4062,イビデン,東証,信用返済売,６ヵ月,特定,2025/03/12,2025/03/14,100,"4,193",32,--,"-10,572",--
6135,牧野フライス製作所,東証,信用返済売,６ヵ月,特定,2025/03/12,2025/03/14,300,"11,840",270,--,"30,030",--
6503,三菱電機,PTS(X),信用返済売,６ヵ月,特定,2025/03/12,2025/03/14,100,"2,691.5",20,--,"-2,260",--
6503,三菱電機,東証,信用返済売,６ヵ月,特定,2025/03/12,2025/03/14,100,"2,691",20,--,"-2,320",--
6503,三菱電機,東証,信用返済売,６ヵ月,特定,2025/03/12,2025/03/14,100,"2,691",20,--,"-2,320",--
6503,三菱電機,東証,信用返済売,６ヵ月,特定,2025/03/12,2025/03/14,100,"2,691",20,--,"-2,420",--
6503,三菱電機,東証,信用返済売,６ヵ月,特定,2025/03/12,2025/03/14,300,"2,691.5",62,--,"-6,962",--
6503,三菱電機,PTS(X),信用返済売,６ヵ月,特定,2025/03/12,2025/03/14,100,"2,691.6",20,--,"-2,240",--
6503,三菱電機,東証,信用返済売,６ヵ月,特定,2025/03/12,2025/03/14,100,"2,691.5",20,--,"-2,270",--
6503,三菱電機,東証,信用返済売,６ヵ月,特定,2025/03/12,2025/03/14,100,"2,691.5",20,--,"-2,260",--
6857,アドバンテスト,東証,信用返済売,６ヵ月,特定,2025/03/12,2025/03/14,100,"7,611",59,--,"-16,129",--
6857,アドバンテスト,東証,信用返済売,６ヵ月,特定,2025/03/12,2025/03/14,200,"7,611",119,--,"-38,919",--
6857,アドバンテスト,PTS(O),信用返済売,６ヵ月,特定,2025/03/12,2025/03/14,100,"7,635.6",58,--,-698,--
6857,アドバンテスト,PTS(X),信用返済売,６ヵ月,特定,2025/03/12,2025/03/14,100,"7,635.4",58,--,-718,--
6857,アドバンテスト,東証,信用返済売,６ヵ月,特定,2025/03/12,2025/03/14,100,"7,611",120,--,"-27,620",--
6857,アドバンテスト,PTS(X),信用返済売,６ヵ月,特定,2025/03/12,2025/03/14,100,"7,635.3",59,--,"-11,629",--
6857,アドバンテスト,東証,信用返済売,６ヵ月,特定,2025/03/12,2025/03/14,200,"7,611",119,--,"-32,279",--
6857,アドバンテスト,東証,信用返済売,６ヵ月,特定,2025/03/12,2025/03/14,100,"7,612",59,--,"-13,959",--
6857,アドバンテスト,東証,信用返済売,６ヵ月,特定,2025/03/12,2025/03/14,100,"7,611",59,--,"-14,059",--
6857,アドバンテスト,PTS(O),信用返済売,６ヵ月,特定,2025/03/12,2025/03/14,100,"7,635.5",59,--,"-11,609",--
6920,レーザーテック,東証,信用返済売,６ヵ月,特定,2025/03/12,2025/03/14,200,"14,505",222,--,"-2,862",--
6920,レーザーテック,東証,信用返済売,６ヵ月,特定,2025/03/12,2025/03/14,100,"14,490",111,--,"-5,531",--
6920,レーザーテック,東証,信用返済売,６ヵ月,特定,2025/03/12,2025/03/14,200,"14,475",222,--,"-2,022",--
6920,レーザーテック,東証,信用返済売,６ヵ月,特定,2025/03/12,2025/03/14,100,"14,490",111,--,"-4,991",--
6920,レーザーテック,東証,信用返済売,６ヵ月,特定,2025/03/12,2025/03/14,100,"14,490",232,--,"-69,232",--
6920,レーザーテック,PTS(O),信用返済売,６ヵ月,特定,2025/03/12,2025/03/14,100,"14,552.6",111,--,"1,699",--
6920,レーザーテック,PTS(O),信用返済売,６ヵ月,特定,2025/03/12,2025/03/14,200,"14,475",222,--,"-2,002",--
6920,レーザーテック,PTS(O),信用返済売,６ヵ月,特定,2025/03/12,2025/03/14,100,"14,431.7",110,--,60,--
6920,レーザーテック,PTS(X),信用返済売,６ヵ月,特定,2025/03/12,2025/03/14,100,"14,430.5",110,--,-50,--
6920,レーザーテック,PTS(O),信用返済売,６ヵ月,特定,2025/03/12,2025/03/14,200,"14,431.8",221,--,159,--
6920,レーザーテック,PTS(X),信用返済売,６ヵ月,特定,2025/03/12,2025/03/14,200,"14,430.5",221,--,-121,--
6920,レーザーテック,PTS(X),信用返済売,６ヵ月,特定,2025/03/12,2025/03/14,100,"14,431.5",110,--,60,--
6920,レーザーテック,PTS(X),信用返済売,６ヵ月,特定,2025/03/12,2025/03/14,100,"14,552.4",111,--,"1,679",--
6920,レーザーテック,東証,信用返済売,６ヵ月,特定,2025/03/12,2025/03/14,200,"14,490",226,--,"-58,226",--
6920,レーザーテック,PTS(O),信用返済売,６ヵ月,特定,2025/03/12,2025/03/14,100,"14,431.8",110,--,70,--
6920,レーザーテック,PTS(O),信用返済売,６ヵ月,特定,2025/03/12,2025/03/14,200,"14,491.2",223,--,"-9,723",--
7011,三菱重工業,東証,信用返済売,６ヵ月,特定,2025/03/12,2025/03/14,300,"2,431",55,--,"10,295",--
7011,三菱重工業,東証,信用返済売,６ヵ月,特定,2025/03/12,2025/03/14,300,"2,431",55,--,"10,295",--
7011,三菱重工業,東証,信用返済売,６ヵ月,特定,2025/03/12,2025/03/14,300,"2,431",55,--,"10,295",--
7011,三菱重工業,PTS(O),信用返済売,６ヵ月,特定,2025/03/12,2025/03/14,100,"2,403.6",18,--,702,--
7011,三菱重工業,PTS(O),信用返済売,６ヵ月,特定,2025/03/12,2025/03/14,200,"2,403.6",36,--,"1,404",--
7011,三菱重工業,PTS(X),信用返済売,６ヵ月,特定,2025/03/12,2025/03/14,100,"2,403.8",18,--,732,--
7011,三菱重工業,PTS(O),信用返済売,６ヵ月,特定,2025/03/12,2025/03/14,100,"2,403.7",18,--,702,--
7011,三菱重工業,PTS(X),信用返済売,６ヵ月,特定,2025/03/12,2025/03/14,200,"2,403.6",36,--,"1,404",--
7011,三菱重工業,PTS(X),信用返済売,６ヵ月,特定,2025/03/12,2025/03/14,200,"2,403.7",36,--,"1,424",--
7011,三菱重工業,PTS(X),信用返済売,６ヵ月,特定,2025/03/12,2025/03/14,100,"2,403.8",18,--,712,--
7011,三菱重工業,PTS(O),信用返済売,６ヵ月,特定,2025/03/12,2025/03/14,100,"2,431",18,--,"3,492",--
4062,イビデン,東証,信用新規買,６ヵ月,特定,2025/03/12,2025/03/14,300,"4,235",--,--,--,--
4062,イビデン,東証,信用新規買,６ヵ月,特定,2025/03/12,2025/03/14,200,"4,239",--,--,--,--
4062,イビデン,PTS(O),信用新規買,６ヵ月,特定,2025/03/12,2025/03/14,100,"4,384.3",--,--,--,--
4062,イビデン,PTS(X),信用新規買,６ヵ月,特定,2025/03/12,2025/03/14,100,"4,298.5",--,--,--,--
4062,イビデン,PTS(O),信用新規買,６ヵ月,特定,2025/03/12,2025/03/14,100,"4,298.4",--,--,--,--
4062,イビデン,PTS(O),信用新規買,６ヵ月,特定,2025/03/12,2025/03/14,200,"4,384.4",--,--,--,--
4062,イビデン,PTS(X),信用新規買,６ヵ月,特定,2025/03/12,2025/03/14,100,"4,298.6",--,--,--,--
4062,イビデン,PTS(X),信用新規買,６ヵ月,特定,2025/03/12,2025/03/14,100,"4,298.7",--,--,--,--
4062,イビデン,PTS(O),信用新規買,６ヵ月,特定,2025/03/12,2025/03/14,200,"4,374.4",--,--,--,--
4062,イビデン,東証,信用新規買,６ヵ月,特定,2025/03/12,2025/03/14,100,"4,238",--,--,--,--
4062,イビデン,東証,信用新規買,６ヵ月,特定,2025/03/12,2025/03/14,300,"4,237",--,--,--,--
4062,イビデン,PTS(X),信用新規買,６ヵ月,特定,2025/03/12,2025/03/14,100,"4,234.4",--,--,--,--
4062,イビデン,PTS(X),信用新規買,６ヵ月,特定,2025/03/12,2025/03/14,100,"4,384.4",--,--,--,--
4062,イビデン,PTS(X),信用新規買,６ヵ月,特定,2025/03/12,2025/03/14,100,"4,298.9",--,--,--,--
4062,イビデン,PTS(X),信用新規買,６ヵ月,特定,2025/03/12,2025/03/14,100,"4,234.9",--,--,--,--
4062,イビデン,PTS(X),信用新規買,６ヵ月,特定,2025/03/12,2025/03/14,100,"4,279.1",--,--,--,--
4062,イビデン,PTS(O),信用新規買,６ヵ月,特定,2025/03/12,2025/03/14,100,"4,238",--,--,--,--
4062,イビデン,PTS(X),信用新規買,６ヵ月,特定,2025/03/12,2025/03/14,100,"4,298.8",--,--,--,--
4062,イビデン,PTS(X),信用新規買,６ヵ月,特定,2025/03/12,2025/03/14,100,"4,234.5",--,--,--,--
4062,イビデン,PTS(X),信用新規買,６ヵ月,特定,2025/03/12,2025/03/14,100,"4,234.8",--,--,--,--
4062,イビデン,PTS(X),信用新規買,６ヵ月,特定,2025/03/12,2025/03/14,100,"4,236.6",--,--,--,--
4062,イビデン,PTS(X),信用新規買,６ヵ月,特定,2025/03/12,2025/03/14,100,"4,236.7",--,--,--,--
6135,牧野フライス製作所,PTS(O),信用新規買,６ヵ月,特定,2025/03/12,2025/03/14,300,"11,739",--,--,--,--
6503,三菱電機,PTS(X),信用新規買,６ヵ月,特定,2025/03/12,2025/03/14,100,"2,713.8",--,--,--,--
6503,三菱電機,東証,信用新規買,６ヵ月,特定,2025/03/12,2025/03/14,300,"2,714.5",--,--,--,--
6503,三菱電機,東証,信用新規買,６ヵ月,特定,2025/03/12,2025/03/14,100,"2,715",--,--,--,--
6503,三菱電機,東証,信用新規買,６ヵ月,特定,2025/03/12,2025/03/14,100,"2,714",--,--,--,--
6503,三菱電機,PTS(X),信用新規買,６ヵ月,特定,2025/03/12,2025/03/14,100,"2,714",--,--,--,--
6503,三菱電機,PTS(O),信用新規買,６ヵ月,特定,2025/03/12,2025/03/14,100,"2,714",--,--,--,--
6503,三菱電機,PTS(X),信用新規買,６ヵ月,特定,2025/03/12,2025/03/14,200,"2,713.9",--,--,--,--
6857,アドバンテスト,PTS(J),信用新規買,６ヵ月,特定,2025/03/12,2025/03/14,100,"7,751",--,--,--,--
6857,アドバンテスト,PTS(O),信用新規買,６ヵ月,特定,2025/03/12,2025/03/14,100,"7,642",--,--,--,--
6857,アドバンテスト,PTS(X),信用新規買,６ヵ月,特定,2025/03/12,2025/03/14,200,"7,771.8",--,--,--,--
6857,アドバンテスト,PTS(X),信用新規買,６ヵ月,特定,2025/03/12,2025/03/14,100,"7,771.7",--,--,--,--
6857,アドバンテスト,東証,信用新規買,６ヵ月,特定,2025/03/12,2025/03/14,100,"7,642",--,--,--,--
6857,アドバンテスト,東証,信用新規買,６ヵ月,特定,2025/03/12,2025/03/14,200,"7,805",--,--,--,--
6857,アドバンテスト,東証,信用新規買,６ヵ月,特定,2025/03/12,2025/03/14,300,"7,751",--,--,--,--
6920,レーザーテック,PTS(O),信用新規買,６ヵ月,特定,2025/03/12,2025/03/14,200,"14,538.7",--,--,--,--
6920,レーザーテック,PTS(X),信用新規買,６ヵ月,特定,2025/03/12,2025/03/14,300,"14,429.9",--,--,--,--
6920,レーザーテック,PTS(X),信用新規買,６ヵ月,特定,2025/03/12,2025/03/14,100,"14,429.8",--,--,--,--
6920,レーザーテック,PTS(O),信用新規買,６ヵ月,特定,2025/03/12,2025/03/14,100,"14,544.2",--,--,--,--
6920,レーザーテック,PTS(O),信用新規買,６ヵ月,特定,2025/03/12,2025/03/14,200,"14,518.2",--,--,--,--
6920,レーザーテック,PTS(O),信用新規買,６ヵ月,特定,2025/03/12,2025/03/14,200,"14,483.9",--,--,--,--
6920,レーザーテック,東証,信用新規買,６ヵ月,特定,2025/03/12,2025/03/14,300,"14,430",--,--,--,--
6920,レーザーテック,東証,信用新規買,６ヵ月,特定,2025/03/12,2025/03/14,100,"14,430",--,--,--,--
6920,レーザーテック,東証,信用新規買,６ヵ月,特定,2025/03/12,2025/03/14,200,"14,780",--,--,--,--
6920,レーザーテック,PTS(O),信用新規買,６ヵ月,特定,2025/03/12,2025/03/14,200,"14,534.5",--,--,--,--
6920,レーザーテック,PTS(X),信用新規買,６ヵ月,特定,2025/03/12,2025/03/14,100,"14,538.8",--,--,--,--
6920,レーザーテック,PTS(X),信用新規買,６ヵ月,特定,2025/03/12,2025/03/14,200,"14,484",--,--,--,--
7011,三菱重工業,PTS(O),信用新規買,６ヵ月,特定,2025/03/12,2025/03/14,100,"2,396.3",--,--,--,--
7011,三菱重工業,PTS(O),信用新規買,６ヵ月,特定,2025/03/12,2025/03/14,400,"2,396.4",--,--,--,--
7011,三菱重工業,PTS(X),信用新規買,６ヵ月,特定,2025/03/12,2025/03/14,100,"2,395.9",--,--,--,--
7011,三菱重工業,PTS(X),信用新規買,６ヵ月,特定,2025/03/12,2025/03/14,100,"2,396.4",--,--,--,--
7011,三菱重工業,PTS(O),信用新規買,６ヵ月,特定,2025/03/12,2025/03/14,500,"2,396.5",--,--,--,--
7011,三菱重工業,PTS(J),信用新規買,６ヵ月,特定,2025/03/12,2025/03/14,200,"2,396.4",--,--,--,--
7011,三菱重工業,PTS(X),信用新規買,６ヵ月,特定,2025/03/12,2025/03/14,300,"2,396.5",--,--,--,--
7011,三菱重工業,東証,信用新規買,６ヵ月,特定,2025/03/12,2025/03/14,300,"2,396.5",--,--,--,--
6857,アドバンテスト,東証,信用返済買,６ヵ月,特定,2025/03/12,2025/03/14,100,"7,553",22,--,"1,548",--
6857,アドバンテスト,東証,信用返済買,６ヵ月,特定,2025/03/12,2025/03/14,100,"7,553",22,--,"1,558",--
6857,アドバンテスト,東証,信用返済買,６ヵ月,特定,2025/03/12,2025/03/14,100,"7,553",22,--,"1,528",--
6857,アドバンテスト,東証,信用返済買,６ヵ月,特定,2025/03/12,2025/03/14,100,"7,579",22,--,"-2,732",--
6857,アドバンテスト,東証,信用返済買,６ヵ月,特定,2025/03/12,2025/03/14,200,"7,579",45,--,"-5,465",--
6857,アドバンテスト,東証,信用返済買,６ヵ月,特定,2025/03/12,2025/03/14,100,"7,553",22,--,"1,508",--
6857,アドバンテスト,東証,信用返済買,６ヵ月,特定,2025/03/12,2025/03/14,100,"7,553",22,--,"1,578",--
6857,アドバンテスト,東証,信用返済買,６ヵ月,特定,2025/03/12,2025/03/14,200,"7,553",45,--,"3,155",--
6857,アドバンテスト,東証,信用返済買,６ヵ月,特定,2025/03/12,2025/03/14,100,"7,579",22,--,"-2,722",--
6857,アドバンテスト,東証,信用返済買,６ヵ月,特定,2025/03/12,2025/03/14,100,"7,579",22,--,"-2,582",--
6857,アドバンテスト,東証,信用返済買,６ヵ月,特定,2025/03/12,2025/03/14,100,"7,579",22,--,"-2,792",--
6857,アドバンテスト,東証,信用返済買,６ヵ月,特定,2025/03/12,2025/03/14,200,"7,579",45,--,"-5,585",--
6857,アドバンテスト,東証,信用返済買,６ヵ月,特定,2025/03/12,2025/03/14,100,"7,579",22,--,"-2,572",--
6857,アドバンテスト,東証,信用返済買,６ヵ月,特定,2025/03/12,2025/03/14,100,"7,579",22,--,"-2,572",--
6857,アドバンテスト,東証,信用返済買,６ヵ月,特定,2025/03/12,2025/03/14,100,"7,553",22,--,"1,518",--
6857,アドバンテスト,東証,信用返済買,６ヵ月,特定,2025/03/12,2025/03/14,100,"7,553",22,--,"1,478",--
6857,アドバンテスト,東証,信用返済買,６ヵ月,特定,2025/03/12,2025/03/14,100,"7,553",22,--,"1,478",--
6857,アドバンテスト,東証,信用返済買,６ヵ月,特定,2025/03/12,2025/03/14,200,"7,553",45,--,"3,155",--
6857,アドバンテスト,東証,信用返済買,６ヵ月,特定,2025/03/12,2025/03/14,300,"7,553",68,--,"4,732",--
6857,アドバンテスト,PTS(O),信用返済買,６ヵ月,特定,2025/03/12,2025/03/14,100,"7,579",22,--,"-2,582",--
6857,アドバンテスト,東証,信用返済買,６ヵ月,特定,2025/03/12,2025/03/14,200,"7,579",45,--,"-5,545",--
6857,アドバンテスト,東証,信用返済買,６ヵ月,特定,2025/03/12,2025/03/14,100,"7,579",22,--,"-2,712",--
6857,アドバンテスト,東証,信用返済買,６ヵ月,特定,2025/03/12,2025/03/14,100,"7,579",22,--,"-2,712",--
186A,アストロスケールホールディングス,PTS(X),信用返済売,６ヵ月,特定,2025/03/11,2025/03/13,300,713.5,17,--,"-14,117",--
186A,アストロスケールホールディングス,PTS(X),信用返済売,６ヵ月,特定,2025/03/11,2025/03/13,200,713.3,11,--,"-12,351",--
186A,アストロスケールホールディングス,PTS(O),信用返済売,６ヵ月,特定,2025/03/11,2025/03/13,600,713.6,35,--,"-28,175",--
186A,アストロスケールホールディングス,PTS(X),信用返済売,６ヵ月,特定,2025/03/11,2025/03/13,100,713.3,5,--,"-6,175",--
186A,アストロスケールホールディングス,PTS(X),信用返済売,６ヵ月,特定,2025/03/11,2025/03/13,100,713.4,5,--,"-4,715",--
186A,アストロスケールホールディングス,PTS(X),信用返済売,６ヵ月,特定,2025/03/11,2025/03/13,100,713.2,5,--,"-6,185",--
186A,アストロスケールホールディングス,東証,信用返済売,６ヵ月,特定,2025/03/11,2025/03/13,800,713,47,--,"-49,647",--
186A,アストロスケールホールディングス,東証,信用返済売,６ヵ月,特定,2025/03/11,2025/03/13,800,713,47,--,"-49,647",--
2060,フィード・ワン,PTS(O),信用返済売,６ヵ月,特定,2025/03/11,2025/03/13,100,861.8,13,--,-163,--
2060,フィード・ワン,PTS(O),信用返済売,６ヵ月,特定,2025/03/11,2025/03/13,100,861.8,13,--,-123,--
2060,フィード・ワン,PTS(X),信用返済売,６ヵ月,特定,2025/03/11,2025/03/13,100,861.2,13,--,-273,--
2060,フィード・ワン,東証,信用返済売,６ヵ月,特定,2025/03/11,2025/03/13,100,860,13,--,"-1,003",--
2060,フィード・ワン,東証,信用返済売,６ヵ月,特定,2025/03/11,2025/03/13,100,861,13,--,-863,--
2060,フィード・ワン,東証,信用返済売,６ヵ月,特定,2025/03/11,2025/03/13,100,861,13,--,-883,--
2060,フィード・ワン,東証,信用返済売,６ヵ月,特定,2025/03/11,2025/03/13,100,861,13,--,-853,--
2060,フィード・ワン,東証,信用返済売,６ヵ月,特定,2025/03/11,2025/03/13,100,861,13,--,-873,--
2060,フィード・ワン,PTS(X),信用返済売,６ヵ月,特定,2025/03/11,2025/03/13,100,861.8,13,--,-193,--
2060,フィード・ワン,PTS(X),信用返済売,６ヵ月,特定,2025/03/11,2025/03/13,100,861.8,13,--,-133,--
2060,フィード・ワン,PTS(X),信用返済売,６ヵ月,特定,2025/03/11,2025/03/13,100,861.1,13,--,-903,--
2060,フィード・ワン,PTS(X),信用返済売,６ヵ月,特定,2025/03/11,2025/03/13,100,861.1,13,--,-873,--
2060,フィード・ワン,PTS(X),信用返済売,６ヵ月,特定,2025/03/11,2025/03/13,100,861.7,13,--,-223,--
2060,フィード・ワン,PTS(O),信用返済売,６ヵ月,特定,2025/03/11,2025/03/13,100,861.7,13,--,-173,--
2060,フィード・ワン,PTS(O),信用返済売,６ヵ月,特定,2025/03/11,2025/03/13,100,861.1,13,--,-273,--
6135,牧野フライス製作所,PTS(O),信用返済売,６ヵ月,特定,2025/03/11,2025/03/13,100,"11,804",89,--,"9,411",--
6135,牧野フライス製作所,東証,信用返済売,６ヵ月,特定,2025/03/11,2025/03/13,100,"12,010",89,--,"29,911",--
6135,牧野フライス製作所,東証,信用返済売,６ヵ月,特定,2025/03/11,2025/03/13,200,"12,010",179,--,"60,021",--
6857,アドバンテスト,東証,信用返済売,６ヵ月,特定,2025/03/11,2025/03/13,100,"7,882",59,--,"8,181",--
6857,アドバンテスト,東証,信用返済売,６ヵ月,特定,2025/03/11,2025/03/13,100,"7,921",60,--,"3,640",--
6857,アドバンテスト,東証,信用返済売,６ヵ月,特定,2025/03/11,2025/03/13,100,"7,881",59,--,"8,081",--
6857,アドバンテスト,東証,信用返済売,６ヵ月,特定,2025/03/11,2025/03/13,200,"7,882",119,--,"16,361",--
6857,アドバンテスト,PTS(O),信用返済売,６ヵ月,特定,2025/03/11,2025/03/13,100,"7,442.2",118,--,"-28,328",--
6857,アドバンテスト,東証,信用返済売,６ヵ月,特定,2025/03/11,2025/03/13,100,"7,921",60,--,"3,440",--
6857,アドバンテスト,東証,信用返済売,６ヵ月,特定,2025/03/11,2025/03/13,200,"7,921",120,--,"7,080",--
6920,レーザーテック,PTS(X),信用返済売,６ヵ月,特定,2025/03/11,2025/03/13,100,"15,181.6",231,--,"7,449",--
6920,レーザーテック,PTS(O),信用返済売,６ヵ月,特定,2025/03/11,2025/03/13,100,"15,181.8",112,--,"56,778",--
6920,レーザーテック,PTS(X),信用返済売,６ヵ月,特定,2025/03/11,2025/03/13,100,"15,181.8",113,--,"39,827",--
6920,レーザーテック,PTS(X),信用返済売,６ヵ月,特定,2025/03/11,2025/03/13,100,"15,181.8",114,--,"20,006",--
6920,レーザーテック,PTS(X),信用返済売,６ヵ月,特定,2025/03/11,2025/03/13,100,"15,181.6",114,--,"19,766",--
6920,レーザーテック,PTS(X),信用返済売,６ヵ月,特定,2025/03/11,2025/03/13,100,"15,181.7",114,--,"19,776",--
6920,レーザーテック,東証,信用返済売,６ヵ月,特定,2025/03/11,2025/03/13,200,"15,150",232,--,"-6,232",--
6920,レーザーテック,東証,信用返済売,６ヵ月,特定,2025/03/11,2025/03/13,100,"15,150",116,--,"-3,106",--
6920,レーザーテック,東証,信用返済売,６ヵ月,特定,2025/03/11,2025/03/13,100,"15,150",116,--,"-3,066",--
6920,レーザーテック,東証,信用返済売,６ヵ月,特定,2025/03/11,2025/03/13,100,"15,150",116,--,"-3,116",--
186A,アストロスケールホールディングス,PTS(O),信用新規買,６ヵ月,特定,2025/03/11,2025/03/13,"1,000",760.5,--,--,--,--
186A,アストロスケールホールディングス,東証,信用新規買,６ヵ月,特定,2025/03/11,2025/03/13,"1,000",775,--,--,--,--
186A,アストロスケールホールディングス,東証,信用新規買,６ヵ月,特定,2025/03/11,2025/03/13,800,775,--,--,--,--
186A,アストロスケールホールディングス,PTS(O),信用新規買,６ヵ月,特定,2025/03/11,2025/03/13,200,775,--,--,--,--
3382,セブン＆アイ・ホールディングス,PTS(X),信用新規買,６ヵ月,特定,2025/03/11,2025/03/13,100,"2,111.7",--,--,--,--
3382,セブン＆アイ・ホールディングス,PTS(O),信用新規買,６ヵ月,特定,2025/03/11,2025/03/13,100,"2,111.5",--,--,--,--
3382,セブン＆アイ・ホールディングス,PTS(X),信用新規買,６ヵ月,特定,2025/03/11,2025/03/13,100,"2,111.6",--,--,--,--
3382,セブン＆アイ・ホールディングス,PTS(X),信用新規買,６ヵ月,特定,2025/03/11,2025/03/13,100,"2,132.2",--,--,--,--
3382,セブン＆アイ・ホールディングス,PTS(X),信用新規買,６ヵ月,特定,2025/03/11,2025/03/13,100,"2,111.3",--,--,--,--
3382,セブン＆アイ・ホールディングス,PTS(X),信用新規買,６ヵ月,特定,2025/03/11,2025/03/13,200,"2,111.4",--,--,--,--
3382,セブン＆アイ・ホールディングス,PTS(X),信用新規買,６ヵ月,特定,2025/03/11,2025/03/13,200,"2,111.5",--,--,--,--
3382,セブン＆アイ・ホールディングス,PTS(X),信用新規買,６ヵ月,特定,2025/03/11,2025/03/13,100,"2,111.6",--,--,--,--
6135,牧野フライス製作所,PTS(O),信用新規買,６ヵ月,特定,2025/03/11,2025/03/13,300,"11,709",--,--,--,--
6135,牧野フライス製作所,PTS(X),信用新規買,６ヵ月,特定,2025/03/11,2025/03/13,100,"11,710",--,--,--,--
6857,アドバンテスト,東証,信用新規買,６ヵ月,特定,2025/03/11,2025/03/13,200,"7,885",--,--,--,--
6857,アドバンテスト,東証,信用新規買,６ヵ月,特定,2025/03/11,2025/03/13,200,"7,886",--,--,--,--
6857,アドバンテスト,PTS(O),信用新規買,６ヵ月,特定,2025/03/11,2025/03/13,200,"7,799.6",--,--,--,--
6857,アドバンテスト,PTS(X),信用新規買,６ヵ月,特定,2025/03/11,2025/03/13,200,"7,799.6",--,--,--,--
6857,アドバンテスト,東証,信用新規買,６ヵ月,特定,2025/03/11,2025/03/13,100,"7,884",--,--,--,--
6920,レーザーテック,PTS(J),信用新規買,６ヵ月,特定,2025/03/11,2025/03/13,100,"15,179.5",--,--,--,--
6920,レーザーテック,PTS(O),信用新規買,６ヵ月,特定,2025/03/11,2025/03/13,100,"15,179.9",--,--,--,--
6920,レーザーテック,PTS(X),信用新規買,６ヵ月,特定,2025/03/11,2025/03/13,200,"15,180",--,--,--,--
6920,レーザーテック,PTS(O),信用新規買,６ヵ月,特定,2025/03/11,2025/03/13,100,"14,782.4",--,--,--,--
6920,レーザーテック,PTS(O),信用新規買,６ヵ月,特定,2025/03/11,2025/03/13,100,"14,612.9",--,--,--,--
6920,レーザーテック,PTS(O),信用新規買,６ヵ月,特定,2025/03/11,2025/03/13,100,"14,980.6",--,--,--,--
6920,レーザーテック,東証,信用新規買,６ヵ月,特定,2025/03/11,2025/03/13,200,"15,180",--,--,--,--
6920,レーザーテック,PTS(O),信用新規買,６ヵ月,特定,2025/03/11,2025/03/13,200,"14,982.8",--,--,--,--
2763,エフティグループ,東証,現物売,--,特定,2025/03/10,2025/03/12,200,"1,183",--,--,"236,600",--
2767,円谷フィールズホールディングス,東証,現物売,--,特定,2025/03/10,2025/03/12,200,"1,630",--,--,"326,000",--
4208,ＵＢＥ,東証,現物売,--,特定,2025/03/10,2025/03/12,100,"2,340",--,--,"234,000",--
5802,住友電気工業,東証,現物売,--,特定,2025/03/10,2025/03/12,100,"2,680",--,--,"268,000",--
5930,文化シヤッター,東証,現物売,--,特定,2025/03/10,2025/03/12,100,"1,890",--,--,"189,000",--
7839,ＳＨＯＥＩ,東証,現物売,--,特定,2025/03/10,2025/03/12,100,"1,845",--,--,"184,500",--
7994,オカムラ,東証,現物売,--,特定,2025/03/10,2025/03/12,100,"2,038",--,--,"203,800",--
6920,レーザーテック,東証,信用新規売,６ヵ月,特定,2025/03/10,2025/03/12,200,"14,095",--,--,--,--
6920,レーザーテック,PTS(X),信用新規売,６ヵ月,特定,2025/03/10,2025/03/12,100,"13,935.9",--,--,--,--
6920,レーザーテック,PTS(O),信用新規売,６ヵ月,特定,2025/03/10,2025/03/12,100,"13,940",--,--,--,--
6920,レーザーテック,PTS(O),信用新規売,６ヵ月,特定,2025/03/10,2025/03/12,100,"13,937.3",--,--,--,--
6920,レーザーテック,PTS(X),信用新規売,６ヵ月,特定,2025/03/10,2025/03/12,200,"13,936",--,--,--,--
7974,任天堂,PTS(X),信用新規売,６ヵ月,特定,2025/03/10,2025/03/12,100,"10,100.2",--,--,--,--
7974,任天堂,PTS(X),信用新規売,６ヵ月,特定,2025/03/10,2025/03/12,700,"10,100.1",--,--,--,--
7974,任天堂,PTS(O),信用新規売,６ヵ月,特定,2025/03/10,2025/03/12,100,"10,100.1",--,--,--,--
7974,任天堂,PTS(O),信用新規売,６ヵ月,特定,2025/03/10,2025/03/12,100,"10,100.6",--,--,--,--
3382,セブン＆アイ・ホールディングス,東証,信用返済売,６ヵ月,特定,2025/03/10,2025/03/12,600,"2,150.5",99,--,"-6,039",--
3382,セブン＆アイ・ホールディングス,東証,信用返済売,６ヵ月,特定,2025/03/10,2025/03/12,100,"2,150",16,--,"-1,036",--
3382,セブン＆アイ・ホールディングス,PTS(X),信用返済売,６ヵ月,特定,2025/03/10,2025/03/12,700,"2,150.5",116,--,"-7,046",--
3382,セブン＆アイ・ホールディングス,PTS(O),信用返済売,６ヵ月,特定,2025/03/10,2025/03/12,300,"2,150.5",49,--,"-2,929",--
3382,セブン＆アイ・ホールディングス,PTS(O),信用返済売,６ヵ月,特定,2025/03/10,2025/03/12,100,"2,150.6",16,--,-956,--
3382,セブン＆アイ・ホールディングス,PTS(X),信用返済売,６ヵ月,特定,2025/03/10,2025/03/12,700,"2,150.6",115,--,"-6,765",--
3382,セブン＆アイ・ホールディングス,PTS(X),信用返済売,６ヵ月,特定,2025/03/10,2025/03/12,100,"2,150.6",16,--,-966,--
3382,セブン＆アイ・ホールディングス,PTS(O),信用返済売,６ヵ月,特定,2025/03/10,2025/03/12,100,"2,150.5",16,--,"-1,006",--
3382,セブン＆アイ・ホールディングス,PTS(X),信用返済売,６ヵ月,特定,2025/03/10,2025/03/12,100,"2,150.7",16,--,-946,--
3382,セブン＆アイ・ホールディングス,東証,信用返済売,６ヵ月,特定,2025/03/10,2025/03/12,200,"2,150",33,--,"-2,073",--
3382,セブン＆アイ・ホールディングス,東証,信用返済売,６ヵ月,特定,2025/03/10,2025/03/12,100,"2,150.5",16,--,-996,--
3382,セブン＆アイ・ホールディングス,東証,信用返済売,６ヵ月,特定,2025/03/10,2025/03/12,900,"2,150.5",149,--,"-8,969",--
6135,牧野フライス製作所,東証,信用返済売,６ヵ月,特定,2025/03/10,2025/03/12,300,"12,580",285,--,"56,715",--
6135,牧野フライス製作所,東証,信用返済売,６ヵ月,特定,2025/03/10,2025/03/12,100,"12,050",93,--,"-12,693",--
6135,牧野フライス製作所,東証,信用返済売,６ヵ月,特定,2025/03/10,2025/03/12,100,"12,050",93,--,"-12,693",--
6857,アドバンテスト,東証,信用返済売,６ヵ月,特定,2025/03/10,2025/03/12,100,"7,746",59,--,"2,291",--
6857,アドバンテスト,東証,信用返済売,６ヵ月,特定,2025/03/10,2025/03/12,200,"7,789",118,--,"12,782",--
6857,アドバンテスト,東証,信用返済売,６ヵ月,特定,2025/03/10,2025/03/12,200,"7,746",118,--,"4,202",--
6857,アドバンテスト,東証,信用返済売,６ヵ月,特定,2025/03/10,2025/03/12,500,"7,712",293,--,"26,207",--
6857,アドバンテスト,東証,信用返済売,６ヵ月,特定,2025/03/10,2025/03/12,100,"7,712",58,--,"2,942",--
6920,レーザーテック,東証,信用返済売,６ヵ月,特定,2025/03/10,2025/03/12,200,"15,100",220,--,"150,800",--
6920,レーザーテック,東証,信用返済売,６ヵ月,特定,2025/03/10,2025/03/12,100,"14,415",109,--,"15,411",--
6920,レーザーテック,東証,信用返済売,６ヵ月,特定,2025/03/10,2025/03/12,100,"14,415",109,--,"15,461",--
6920,レーザーテック,PTS(X),信用返済売,６ヵ月,特定,2025/03/10,2025/03/12,100,"14,940.5",110,--,"59,550",--
6920,レーザーテック,PTS(X),信用返済売,６ヵ月,特定,2025/03/10,2025/03/12,100,"14,416.2",109,--,"15,661",--
6920,レーザーテック,PTS(X),信用返済売,６ヵ月,特定,2025/03/10,2025/03/12,100,"13,960.3",108,--,"-13,028",--
6920,レーザーテック,PTS(O),信用返済売,６ヵ月,特定,2025/03/10,2025/03/12,100,"14,940.6",110,--,"59,460",--
6920,レーザーテック,PTS(O),信用返済売,６ヵ月,特定,2025/03/10,2025/03/12,100,"14,416.3",109,--,"15,671",--
6920,レーザーテック,PTS(X),信用返済売,６ヵ月,特定,2025/03/10,2025/03/12,100,"14,940.5",110,--,"59,450",--
6920,レーザーテック,PTS(O),信用返済売,６ヵ月,特定,2025/03/10,2025/03/12,100,"13,963.6",108,--,"-12,708",--
6920,レーザーテック,PTS(X),信用返済売,６ヵ月,特定,2025/03/10,2025/03/12,100,"13,963.5",108,--,"-12,428",--
6920,レーザーテック,PTS(O),信用返済売,６ヵ月,特定,2025/03/10,2025/03/12,100,"14,416.3",109,--,"15,661",--
6920,レーザーテック,PTS(X),信用返済売,６ヵ月,特定,2025/03/10,2025/03/12,200,"14,416.1",218,--,"31,162",--
6920,レーザーテック,PTS(O),信用返済売,６ヵ月,特定,2025/03/10,2025/03/12,100,"13,963.5",108,--,"-12,708",--
6920,レーザーテック,PTS(X),信用返済売,６ヵ月,特定,2025/03/10,2025/03/12,100,"13,960.4",108,--,"-13,058",--
6920,レーザーテック,PTS(O),信用返済売,６ヵ月,特定,2025/03/10,2025/03/12,100,"13,963.6",108,--,"-12,418",--
6920,レーザーテック,PTS(O),信用返済売,６ヵ月,特定,2025/03/10,2025/03/12,100,"13,963.6",108,--,"-12,738",--
6920,レーザーテック,東証,信用返済売,６ヵ月,特定,2025/03/10,2025/03/12,100,"15,100",110,--,"75,410",--
6920,レーザーテック,東証,信用返済売,６ヵ月,特定,2025/03/10,2025/03/12,100,"15,210",115,--,"10,405",--
6920,レーザーテック,東証,信用返済売,６ヵ月,特定,2025/03/10,2025/03/12,100,"15,210",115,--,"10,405",--
8035,東京エレクトロン,東証,信用返済売,６ヵ月,特定,2025/03/10,2025/03/12,100,"21,475",165,--,"-7,615",--
8035,東京エレクトロン,東証,信用返済売,６ヵ月,特定,2025/03/10,2025/03/12,100,"21,475",165,--,"-7,615",--
8035,東京エレクトロン,PTS(O),信用返済売,６ヵ月,特定,2025/03/10,2025/03/12,100,"21,588.3",163,--,"33,007",--
8035,東京エレクトロン,PTS(O),信用返済売,６ヵ月,特定,2025/03/10,2025/03/12,100,"21,605.1",163,--,"34,677",--
8035,東京エレクトロン,PTS(O),信用返済売,６ヵ月,特定,2025/03/10,2025/03/12,100,"21,588.7",163,--,"33,047",--
2060,フィード・ワン,PTS(X),信用新規買,６ヵ月,特定,2025/03/10,2025/03/12,100,863,--,--,--,--
2060,フィード・ワン,PTS(X),信用新規買,６ヵ月,特定,2025/03/10,2025/03/12,100,863.8,--,--,--,--
2060,フィード・ワン,PTS(O),信用新規買,６ヵ月,特定,2025/03/10,2025/03/12,100,863.8,--,--,--,--
2060,フィード・ワン,PTS(X),信用新規買,６ヵ月,特定,2025/03/10,2025/03/12,100,863.6,--,--,--,--
2060,フィード・ワン,PTS(X),信用新規買,６ヵ月,特定,2025/03/10,2025/03/12,100,863.3,--,--,--,--
2060,フィード・ワン,PTS(X),信用新規買,６ヵ月,特定,2025/03/10,2025/03/12,100,863.7,--,--,--,--
2060,フィード・ワン,PTS(X),信用新規買,６ヵ月,特定,2025/03/10,2025/03/12,100,869.6,--,--,--,--
2060,フィード・ワン,PTS(O),信用新規買,６ヵ月,特定,2025/03/10,2025/03/12,100,869.9,--,--,--,--
2060,フィード・ワン,PTS(O),信用新規買,６ヵ月,特定,2025/03/10,2025/03/12,100,863.3,--,--,--,--
2060,フィード・ワン,PTS(O),信用新規買,６ヵ月,特定,2025/03/10,2025/03/12,100,862.9,--,--,--,--
2060,フィード・ワン,PTS(O),信用新規買,６ヵ月,特定,2025/03/10,2025/03/12,100,869.4,--,--,--,--
2060,フィード・ワン,PTS(O),信用新規買,６ヵ月,特定,2025/03/10,2025/03/12,100,869.5,--,--,--,--
2060,フィード・ワン,東証,信用新規買,６ヵ月,特定,2025/03/10,2025/03/12,100,870,--,--,--,--
2060,フィード・ワン,PTS(O),信用新規買,６ヵ月,特定,2025/03/10,2025/03/12,100,869.7,--,--,--,--
2060,フィード・ワン,PTS(X),信用新規買,６ヵ月,特定,2025/03/10,2025/03/12,100,869.7,--,--,--,--
3382,セブン＆アイ・ホールディングス,PTS(O),信用新規買,６ヵ月,特定,2025/03/10,2025/03/12,100,"2,160",--,--,--,--
3382,セブン＆アイ・ホールディングス,PTS(X),信用新規買,６ヵ月,特定,2025/03/10,2025/03/12,100,"2,160",--,--,--,--
3382,セブン＆アイ・ホールディングス,PTS(X),信用新規買,６ヵ月,特定,2025/03/10,2025/03/12,"1,400","2,160.4",--,--,--,--
3382,セブン＆アイ・ホールディングス,PTS(X),信用新規買,６ヵ月,特定,2025/03/10,2025/03/12,"1,000","2,160.1",--,--,--,--
3382,セブン＆アイ・ホールディングス,PTS(O),信用新規買,６ヵ月,特定,2025/03/10,2025/03/12,100,"2,160.3",--,--,--,--
3382,セブン＆アイ・ホールディングス,PTS(X),信用新規買,６ヵ月,特定,2025/03/10,2025/03/12,200,"2,160.2",--,--,--,--
3382,セブン＆アイ・ホールディングス,PTS(O),信用新規買,６ヵ月,特定,2025/03/10,2025/03/12,100,"2,160.2",--,--,--,--
3382,セブン＆アイ・ホールディングス,PTS(X),信用新規買,６ヵ月,特定,2025/03/10,2025/03/12,900,"2,160.3",--,--,--,--
3382,セブン＆アイ・ホールディングス,PTS(O),信用新規買,６ヵ月,特定,2025/03/10,2025/03/12,100,"2,160.1",--,--,--,--
6135,牧野フライス製作所,PTS(O),信用新規買,６ヵ月,特定,2025/03/10,2025/03/12,300,"12,390",--,--,--,--
6135,牧野フライス製作所,PTS(X),信用新規買,６ヵ月,特定,2025/03/10,2025/03/12,100,"12,176",--,--,--,--
6135,牧野フライス製作所,東証,信用新規買,６ヵ月,特定,2025/03/10,2025/03/12,200,"12,820",--,--,--,--
6135,牧野フライス製作所,PTS(O),信用新規買,６ヵ月,特定,2025/03/10,2025/03/12,200,"12,176",--,--,--,--
6135,牧野フライス製作所,PTS(O),信用新規買,６ヵ月,特定,2025/03/10,2025/03/12,200,"12,287",--,--,--,--
6857,アドバンテスト,PTS(O),信用新規買,６ヵ月,特定,2025/03/10,2025/03/12,100,"7,724.3",--,--,--,--
6857,アドバンテスト,PTS(O),信用新規買,６ヵ月,特定,2025/03/10,2025/03/12,100,"7,682",--,--,--,--
6857,アドバンテスト,PTS(X),信用新規買,６ヵ月,特定,2025/03/10,2025/03/12,200,"7,724.4",--,--,--,--
6857,アドバンテスト,PTS(O),信用新規買,６ヵ月,特定,2025/03/10,2025/03/12,100,"7,722.5",--,--,--,--
6857,アドバンテスト,PTS(X),信用新規買,６ヵ月,特定,2025/03/10,2025/03/12,200,"7,724.5",--,--,--,--
6857,アドバンテスト,東証,信用新規買,６ヵ月,特定,2025/03/10,2025/03/12,500,"7,659",--,--,--,--
6920,レーザーテック,PTS(X),信用新規買,６ヵ月,特定,2025/03/10,2025/03/12,200,"14,089.5",--,--,--,--
6920,レーザーテック,PTS(X),信用新規買,６ヵ月,特定,2025/03/10,2025/03/12,400,"14,344.9",--,--,--,--
6920,レーザーテック,PTS(X),信用新規買,６ヵ月,特定,2025/03/10,2025/03/12,100,"14,344.8",--,--,--,--
6920,レーザーテック,PTS(O),信用新規買,６ヵ月,特定,2025/03/10,2025/03/12,100,"14,343.9",--,--,--,--
6920,レーザーテック,PTS(O),信用新規買,６ヵ月,特定,2025/03/10,2025/03/12,100,"14,258.6",--,--,--,--
6920,レーザーテック,PTS(O),信用新規買,６ヵ月,特定,2025/03/10,2025/03/12,200,"14,089.9",--,--,--,--
6920,レーザーテック,PTS(X),信用新規買,６ヵ月,特定,2025/03/10,2025/03/12,100,"14,259.3",--,--,--,--
6920,レーザーテック,PTS(O),信用新規買,６ヵ月,特定,2025/03/10,2025/03/12,200,"15,104.8",--,--,--,--
6920,レーザーテック,PTS(X),信用新規買,６ヵ月,特定,2025/03/10,2025/03/12,100,"14,089.6",--,--,--,--
6920,レーザーテック,PTS(X),信用新規買,６ヵ月,特定,2025/03/10,2025/03/12,200,"14,259.2",--,--,--,--
6920,レーザーテック,PTS(O),信用新規買,６ヵ月,特定,2025/03/10,2025/03/12,200,"14,086.7",--,--,--,--
6920,レーザーテック,PTS(O),信用新規買,６ヵ月,特定,2025/03/10,2025/03/12,200,"14,258.5",--,--,--,--
6920,レーザーテック,PTS(X),信用新規買,６ヵ月,特定,2025/03/10,2025/03/12,100,"15,104.8",--,--,--,--
6920,レーザーテック,PTS(X),信用新規買,６ヵ月,特定,2025/03/10,2025/03/12,100,"14,259.8",--,--,--,--
8035,東京エレクトロン,PTS(O),信用新規買,６ヵ月,特定,2025/03/10,2025/03/12,200,"21,549.5",--,--,--,--
8035,東京エレクトロン,PTS(O),信用新規買,６ヵ月,特定,2025/03/10,2025/03/12,200,"21,256.6",--,--,--,--
8035,東京エレクトロン,PTS(X),信用新規買,６ヵ月,特定,2025/03/10,2025/03/12,100,"21,256.7",--,--,--,--
6920,レーザーテック,PTS(O),信用返済買,６ヵ月,特定,2025/03/10,2025/03/12,100,"13,879.3",42,--,"6,028",--
6920,レーザーテック,PTS(O),信用返済買,６ヵ月,特定,2025/03/10,2025/03/12,200,"14,259.2",84,--,"-32,924",--
6920,レーザーテック,PTS(O),信用返済買,６ヵ月,特定,2025/03/10,2025/03/12,100,"14,259.7",42,--,"-32,412",--
6920,レーザーテック,PTS(O),信用返済買,６ヵ月,特定,2025/03/10,2025/03/12,100,"13,901.5",41,--,"3,409",--
6920,レーザーテック,PTS(O),信用返済買,６ヵ月,特定,2025/03/10,2025/03/12,100,"14,259.7",41,--,"-32,421",--
6920,レーザーテック,PTS(O),信用返済買,６ヵ月,特定,2025/03/10,2025/03/12,100,"13,879.3",42,--,"5,758",--
7974,任天堂,PTS(X),信用返済買,６ヵ月,特定,2025/03/10,2025/03/12,200,"10,021.7",60,--,"15,620",--
7974,任天堂,PTS(X),信用返済買,６ヵ月,特定,2025/03/10,2025/03/12,100,"10,021.7",30,--,"7,810",--
7974,任天堂,PTS(O),信用返済買,６ヵ月,特定,2025/03/10,2025/03/12,200,"10,020",60,--,"15,960",--
7974,任天堂,PTS(O),信用返済買,６ヵ月,特定,2025/03/10,2025/03/12,100,"10,043.3",30,--,"5,700",--
7974,任天堂,PTS(O),信用返済買,６ヵ月,特定,2025/03/10,2025/03/12,100,"10,043.3",30,--,"5,660",--
7974,任天堂,PTS(X),信用返済買,６ヵ月,特定,2025/03/10,2025/03/12,300,"10,020",91,--,"23,939",--
7012,川崎重工業,PTS(X),信用新規売,６ヵ月,特定,2025/03/07,2025/03/11,300,"8,732",--,--,--,--
7012,川崎重工業,PTS(X),信用新規売,６ヵ月,特定,2025/03/07,2025/03/11,100,"8,731.2",--,--,--,--
7012,川崎重工業,PTS(O),信用新規売,６ヵ月,特定,2025/03/07,2025/03/11,100,"8,730.8",--,--,--,--
7012,川崎重工業,PTS(X),信用新規売,６ヵ月,特定,2025/03/07,2025/03/11,100,"8,723.9",--,--,--,--
7012,川崎重工業,PTS(J),信用新規売,６ヵ月,特定,2025/03/07,2025/03/11,200,"8,723.8",--,--,--,--
7012,川崎重工業,PTS(X),信用新規売,６ヵ月,特定,2025/03/07,2025/03/11,100,"8,724",--,--,--,--
7012,川崎重工業,PTS(J),信用新規売,６ヵ月,特定,2025/03/07,2025/03/11,100,"8,732.7",--,--,--,--
7012,川崎重工業,PTS(O),信用新規売,６ヵ月,特定,2025/03/07,2025/03/11,100,"8,732.1",--,--,--,--
7012,川崎重工業,PTS(J),信用新規売,６ヵ月,特定,2025/03/07,2025/03/11,200,"8,723.5",--,--,--,--
7012,川崎重工業,PTS(O),信用新規売,６ヵ月,特定,2025/03/07,2025/03/11,200,"8,732.1",--,--,--,--
7012,川崎重工業,東証,信用新規売,６ヵ月,特定,2025/03/07,2025/03/11,400,"8,723",--,--,--,--
7012,川崎重工業,PTS(X),信用新規売,６ヵ月,特定,2025/03/07,2025/03/11,100,"8,733",--,--,--,--
7012,川崎重工業,PTS(X),信用新規売,６ヵ月,特定,2025/03/07,2025/03/11,200,"8,736.9",--,--,--,--
3382,セブン＆アイ・ホールディングス,PTS(O),信用返済売,６ヵ月,特定,2025/03/07,2025/03/11,100,"2,049",32,--,"-6,562",--
3382,セブン＆アイ・ホールディングス,東証,信用返済売,６ヵ月,特定,2025/03/07,2025/03/11,100,"2,049",32,--,"-7,852",--
3382,セブン＆アイ・ホールディングス,東証,信用返済売,６ヵ月,特定,2025/03/07,2025/03/11,100,"2,048.5",33,--,"-12,683",--
3382,セブン＆アイ・ホールディングス,東証,信用返済売,６ヵ月,特定,2025/03/07,2025/03/11,400,"2,048.5",134,--,"-55,934",--
3382,セブン＆アイ・ホールディングス,東証,信用返済売,６ヵ月,特定,2025/03/07,2025/03/11,100,"2,049",33,--,"-12,623",--
3382,セブン＆アイ・ホールディングス,東証,信用返済売,６ヵ月,特定,2025/03/07,2025/03/11,200,"2,049",65,--,"-15,785",--
3382,セブン＆アイ・ホールディングス,東証,信用返済売,６ヵ月,特定,2025/03/07,2025/03/11,100,"2,049",32,--,"-7,882",--
3382,セブン＆アイ・ホールディングス,東証,信用返済売,６ヵ月,特定,2025/03/07,2025/03/11,100,"2,048.5",33,--,"-12,693",--
3382,セブン＆アイ・ホールディングス,東証,信用返済売,６ヵ月,特定,2025/03/07,2025/03/11,100,"2,049",32,--,"-7,842",--
3382,セブン＆アイ・ホールディングス,東証,信用返済売,６ヵ月,特定,2025/03/07,2025/03/11,400,"2,049",130,--,"-30,570",--
3382,セブン＆アイ・ホールディングス,東証,信用返済売,６ヵ月,特定,2025/03/07,2025/03/11,200,"2,049",64,--,"-13,144",--
3382,セブン＆アイ・ホールディングス,東証,信用返済売,６ヵ月,特定,2025/03/07,2025/03/11,100,"2,049",32,--,"-7,632",--
3844,コムチュア,PTS(X),信用返済売,６ヵ月,特定,2025/03/07,2025/03/11,100,"1,823.5",70,--,-420,--
3844,コムチュア,PTS(O),信用返済売,６ヵ月,特定,2025/03/07,2025/03/11,100,"1,823.5",70,--,-420,--
3844,コムチュア,PTS(X),信用返済売,６ヵ月,特定,2025/03/07,2025/03/11,100,"1,823.4",70,--,-420,--
4626,太陽ホールディングス,PTS(O),信用返済売,６ヵ月,特定,2025/03/07,2025/03/11,100,"4,051",241,--,"10,959",--
4631,ＤＩＣ,PTS(X),信用返済売,６ヵ月,特定,2025/03/07,2025/03/11,100,"3,268.5",196,--,"6,294",--
4673,川崎地質,東証,信用返済売,６ヵ月,特定,2025/03/07,2025/03/11,100,"2,929",140,--,"-13,240",--
4673,川崎地質,東証,信用返済売,６ヵ月,特定,2025/03/07,2025/03/11,100,"2,929",144,--,"-21,744",--
4783,ＮＣＤ,東証,信用返済売,６ヵ月,特定,2025/03/07,2025/03/11,100,"2,720",167,--,"-1,157",--
4783,ＮＣＤ,東証,信用返済売,６ヵ月,特定,2025/03/07,2025/03/11,100,"2,726",166,--,"1,354",--
4783,ＮＣＤ,東証,信用返済売,６ヵ月,特定,2025/03/07,2025/03/11,200,"2,725",333,--,"1,267",--
4783,ＮＣＤ,東証,信用返済売,６ヵ月,特定,2025/03/07,2025/03/11,100,"2,726",166,--,"1,344",--
4783,ＮＣＤ,PTS(O),信用返済売,６ヵ月,特定,2025/03/07,2025/03/11,100,"2,726",166,--,"1,334",--
6135,牧野フライス製作所,PTS(O),信用返済売,６ヵ月,特定,2025/03/07,2025/03/11,100,"11,321",517,--,"6,683",--
6254,野村マイクロ・サイエンス,東証,信用返済売,６ヵ月,特定,2025/03/07,2025/03/11,400,"2,422",112,--,"-24,512",--
6254,野村マイクロ・サイエンス,PTS(O),信用返済売,６ヵ月,特定,2025/03/07,2025/03/11,200,"2,422.1",56,--,"-12,236",--
6254,野村マイクロ・サイエンス,PTS(O),信用返済売,６ヵ月,特定,2025/03/07,2025/03/11,100,"2,422.1",28,--,"-6,078",--
6254,野村マイクロ・サイエンス,PTS(X),信用返済売,６ヵ月,特定,2025/03/07,2025/03/11,200,"2,422",56,--,"-12,256",--
6254,野村マイクロ・サイエンス,東証,信用返済売,６ヵ月,特定,2025/03/07,2025/03/11,100,"2,422",28,--,"-6,128",--
6319,シンニッタン,PTS(X),信用返済売,６ヵ月,特定,2025/03/07,2025/03/11,800,405.4,49,--,-449,--
6319,シンニッタン,PTS(X),信用返済売,６ヵ月,特定,2025/03/07,2025/03/11,100,405.3,6,--,-76,--
6319,シンニッタン,PTS(X),信用返済売,６ヵ月,特定,2025/03/07,2025/03/11,100,405.4,6,--,-56,--
6319,シンニッタン,PTS(O),信用返済売,６ヵ月,特定,2025/03/07,2025/03/11,400,405.3,24,--,-304,--
6319,シンニッタン,PTS(X),信用返済売,６ヵ月,特定,2025/03/07,2025/03/11,100,405.4,6,--,-56,--
6319,シンニッタン,PTS(X),信用返済売,６ヵ月,特定,2025/03/07,2025/03/11,600,405.3,37,--,-397,--
6319,シンニッタン,PTS(O),信用返済売,６ヵ月,特定,2025/03/07,2025/03/11,300,405.3,18,--,-228,--
6319,シンニッタン,PTS(J),信用返済売,６ヵ月,特定,2025/03/07,2025/03/11,500,405.1,31,--,-431,--
6319,シンニッタン,PTS(X),信用返済売,６ヵ月,特定,2025/03/07,2025/03/11,"1,100",405,68,--,"-1,168",--
6758,ソニーグループ,PTS(X),信用返済売,６ヵ月,特定,2025/03/07,2025/03/11,100,"3,544.1",27,--,43,--
6758,ソニーグループ,PTS(X),信用返済売,６ヵ月,特定,2025/03/07,2025/03/11,100,"3,544.2",27,--,73,--
6758,ソニーグループ,PTS(X),信用返済売,６ヵ月,特定,2025/03/07,2025/03/11,100,"3,544.2",27,--,73,--
6758,ソニーグループ,PTS(X),信用返済売,６ヵ月,特定,2025/03/07,2025/03/11,100,"3,544.2",27,--,83,--
6758,ソニーグループ,PTS(X),信用返済売,６ヵ月,特定,2025/03/07,2025/03/11,100,"3,544.1",27,--,53,--
6758,ソニーグループ,PTS(X),信用返済売,６ヵ月,特定,2025/03/07,2025/03/11,300,"3,544.1",81,--,-621,--
6857,アドバンテスト,PTS(O),信用返済売,６ヵ月,特定,2025/03/07,2025/03/11,100,"7,535.4",57,--,-967,--
6857,アドバンテスト,PTS(O),信用返済売,６ヵ月,特定,2025/03/07,2025/03/11,100,"7,535.3",57,--,-977,--
6857,アドバンテスト,PTS(O),信用返済売,６ヵ月,特定,2025/03/07,2025/03/11,200,"7,563",597,--,"-46,397",--
6920,レーザーテック,PTS(O),信用返済売,６ヵ月,特定,2025/03/07,2025/03/11,100,"13,850.5",105,--,"12,455",--
6920,レーザーテック,PTS(O),信用返済売,６ヵ月,特定,2025/03/07,2025/03/11,100,"13,706.7",513,--,"30,237",--
6920,レーザーテック,PTS(O),信用返済売,６ヵ月,特定,2025/03/07,2025/03/11,100,"13,962.7",105,--,"23,715",--
6920,レーザーテック,PTS(X),信用返済売,６ヵ月,特定,2025/03/07,2025/03/11,100,"13,850.3",105,--,"12,455",--
6920,レーザーテック,PTS(O),信用返済売,６ヵ月,特定,2025/03/07,2025/03/11,200,"13,962.6",210,--,"47,330",--
6920,レーザーテック,PTS(X),信用返済売,６ヵ月,特定,2025/03/07,2025/03/11,100,"13,850.4",105,--,"12,535",--
6920,レーザーテック,PTS(X),信用返済売,６ヵ月,特定,2025/03/07,2025/03/11,200,"13,962.5",210,--,"47,510",--
6920,レーザーテック,PTS(O),信用返済売,６ヵ月,特定,2025/03/07,2025/03/11,100,"13,850.5",105,--,"12,485",--
6920,レーザーテック,PTS(X),信用返済売,６ヵ月,特定,2025/03/07,2025/03/11,100,"13,850.3",105,--,"12,445",--
6957,芝浦電子,PTS(X),信用返済売,６ヵ月,特定,2025/03/07,2025/03/11,100,"4,560",264,--,"1,336",--
6957,芝浦電子,PTS(X),信用返済売,６ヵ月,特定,2025/03/07,2025/03/11,100,"4,560.5",264,--,"1,486",--
6957,芝浦電子,PTS(X),信用返済売,６ヵ月,特定,2025/03/07,2025/03/11,100,"4,560",264,--,"1,436",--
6961,エンプラス,PTS(O),信用返済売,６ヵ月,特定,2025/03/07,2025/03/11,100,"4,886.5",298,--,"1,352",--
6961,エンプラス,PTS(O),信用返済売,６ヵ月,特定,2025/03/07,2025/03/11,100,"4,886.5",298,--,"1,352",--
7003,三井Ｅ＆Ｓ,PTS(O),信用返済売,６ヵ月,特定,2025/03/07,2025/03/11,100,"1,797",71,--,"-5,551",--
7003,三井Ｅ＆Ｓ,PTS(X),信用返済売,６ヵ月,特定,2025/03/07,2025/03/11,100,"1,797.1",71,--,"-5,541",--
7003,三井Ｅ＆Ｓ,東証,信用返済売,６ヵ月,特定,2025/03/07,2025/03/11,300,"1,797",213,--,"-16,623",--
7172,ジャパンインベストメントアドバイザー,東証,信用返済売,６ヵ月,特定,2025/03/07,2025/03/11,100,"1,749",108,--,"-2,808",--
7172,ジャパンインベストメントアドバイザー,PTS(O),信用返済売,６ヵ月,特定,2025/03/07,2025/03/11,100,"1,749.1",108,--,"-2,788",--
7172,ジャパンインベストメントアドバイザー,東証,信用返済売,６ヵ月,特定,2025/03/07,2025/03/11,200,"1,749",217,--,"-5,617",--
7172,ジャパンインベストメントアドバイザー,PTS(O),信用返済売,６ヵ月,特定,2025/03/07,2025/03/11,100,"1,749",108,--,"-2,808",--
7172,ジャパンインベストメントアドバイザー,PTS(X),信用返済売,６ヵ月,特定,2025/03/07,2025/03/11,200,"1,749",217,--,"-5,597",--
7172,ジャパンインベストメントアドバイザー,PTS(O),信用返済売,６ヵ月,特定,2025/03/07,2025/03/11,100,"1,749.1",108,--,"-2,788",--
7735,ＳＣＲＥＥＮホールディングス,東証,信用返済売,６ヵ月,特定,2025/03/07,2025/03/11,100,"10,690",82,--,"-5,582",--
7735,ＳＣＲＥＥＮホールディングス,東証,信用返済売,６ヵ月,特定,2025/03/07,2025/03/11,100,"10,690",82,--,"-5,582",--
7735,ＳＣＲＥＥＮホールディングス,東証,信用返済売,６ヵ月,特定,2025/03/07,2025/03/11,100,"10,690",83,--,"-15,333",--
7735,ＳＣＲＥＥＮホールディングス,東証,信用返済売,６ヵ月,特定,2025/03/07,2025/03/11,100,"10,690",83,--,"-15,183",--
7735,ＳＣＲＥＥＮホールディングス,東証,信用返済売,６ヵ月,特定,2025/03/07,2025/03/11,100,"10,690",83,--,"-15,383",--
7735,ＳＣＲＥＥＮホールディングス,PTS(X),信用返済売,６ヵ月,特定,2025/03/07,2025/03/11,100,"10,739.5",82,--,"-1,432",--
7735,ＳＣＲＥＥＮホールディングス,東証,信用返済売,６ヵ月,特定,2025/03/07,2025/03/11,100,"10,690",82,--,"-5,532",--
7735,ＳＣＲＥＥＮホールディングス,東証,信用返済売,６ヵ月,特定,2025/03/07,2025/03/11,200,"10,690",164,--,"-11,064",--
7735,ＳＣＲＥＥＮホールディングス,PTS(X),信用返済売,６ヵ月,特定,2025/03/07,2025/03/11,100,"10,810.5",436,--,"-57,636",--
7735,ＳＣＲＥＥＮホールディングス,東証,信用返済売,６ヵ月,特定,2025/03/07,2025/03/11,100,"10,690",83,--,"-15,483",--
7735,ＳＣＲＥＥＮホールディングス,PTS(O),信用返済売,６ヵ月,特定,2025/03/07,2025/03/11,100,"10,811",428,--,"-35,578",--
7735,ＳＣＲＥＥＮホールディングス,東証,信用返済売,６ヵ月,特定,2025/03/07,2025/03/11,100,"10,690",83,--,"-15,383",--
7974,任天堂,PTS(O),信用返済売,６ヵ月,特定,2025/03/07,2025/03/11,100,"10,335.1",78,--,"5,022",--
7974,任天堂,PTS(O),信用返済売,６ヵ月,特定,2025/03/07,2025/03/11,100,"10,335.1",78,--,"5,022",--
7974,任天堂,PTS(X),信用返済売,６ヵ月,特定,2025/03/07,2025/03/11,200,"10,335.1",157,--,"10,063",--
7974,任天堂,PTS(O),信用返済売,６ヵ月,特定,2025/03/07,2025/03/11,300,"10,337.3",236,--,"15,754",--
7974,任天堂,PTS(X),信用返済売,６ヵ月,特定,2025/03/07,2025/03/11,200,"10,335.1",157,--,"9,963",--
7974,任天堂,PTS(X),信用返済売,６ヵ月,特定,2025/03/07,2025/03/11,100,"10,335.1",78,--,"5,032",--
7974,任天堂,東証,信用返済売,６ヵ月,特定,2025/03/07,2025/03/11,100,"10,340",78,--,"5,712",--
7974,任天堂,東証,信用返済売,６ヵ月,特定,2025/03/07,2025/03/11,100,"10,340",78,--,"5,502",--
7974,任天堂,東証,信用返済売,６ヵ月,特定,2025/03/07,2025/03/11,100,"10,340",78,--,"5,502",--
7974,任天堂,東証,信用返済売,６ヵ月,特定,2025/03/07,2025/03/11,200,"10,295",158,--,"-13,458",--
7974,任天堂,東証,信用返済売,６ヵ月,特定,2025/03/07,2025/03/11,300,"10,340",236,--,"17,164",--
7974,任天堂,東証,信用返済売,６ヵ月,特定,2025/03/07,2025/03/11,100,"10,295",79,--,"-5,579",--
7974,任天堂,東証,信用返済売,６ヵ月,特定,2025/03/07,2025/03/11,100,"10,340",78,--,"5,692",--
7974,任天堂,東証,信用返済売,６ヵ月,特定,2025/03/07,2025/03/11,100,"10,340",78,--,"5,492",--
7974,任天堂,東証,信用返済売,６ヵ月,特定,2025/03/07,2025/03/11,200,"10,295",158,--,"-11,158",--
7974,任天堂,PTS(X),信用返済売,６ヵ月,特定,2025/03/07,2025/03/11,500,"10,295.1",396,--,"-27,846",--
7974,任天堂,PTS(O),信用返済売,６ヵ月,特定,2025/03/07,2025/03/11,200,"10,295",158,--,"-11,158",--
6758,ソニーグループ,PTS(X),信用新規買,６ヵ月,特定,2025/03/07,2025/03/11,100,"3,543.2",--,--,--,--
6758,ソニーグループ,PTS(X),信用新規買,６ヵ月,特定,2025/03/07,2025/03/11,100,"3,543.4",--,--,--,--
6758,ソニーグループ,PTS(X),信用新規買,６ヵ月,特定,2025/03/07,2025/03/11,300,"3,545.9",--,--,--,--
6758,ソニーグループ,PTS(X),信用新規買,６ヵ月,特定,2025/03/07,2025/03/11,100,"3,543.3",--,--,--,--
6758,ソニーグループ,PTS(O),信用新規買,６ヵ月,特定,2025/03/07,2025/03/11,100,"3,543.1",--,--,--,--
6758,ソニーグループ,PTS(O),信用新規買,６ヵ月,特定,2025/03/07,2025/03/11,100,"3,543.2",--,--,--,--
6857,アドバンテスト,PTS(O),信用新規買,６ヵ月,特定,2025/03/07,2025/03/11,200,"7,544.5",--,--,--,--
6920,レーザーテック,PTS(O),信用新規買,６ヵ月,特定,2025/03/07,2025/03/11,200,"13,723.9",--,--,--,--
6920,レーザーテック,PTS(X),信用新規買,６ヵ月,特定,2025/03/07,2025/03/11,100,"13,724.8",--,--,--,--
6920,レーザーテック,PTS(X),信用新規買,６ヵ月,特定,2025/03/07,2025/03/11,300,"13,724.9",--,--,--,--
6920,レーザーテック,PTS(X),信用新規買,６ヵ月,特定,2025/03/07,2025/03/11,100,"13,724.5",--,--,--,--
6920,レーザーテック,PTS(O),信用新規買,６ヵ月,特定,2025/03/07,2025/03/11,100,"13,724",--,--,--,--
6920,レーザーテック,PTS(X),信用新規買,６ヵ月,特定,2025/03/07,2025/03/11,100,"13,724.7",--,--,--,--
6920,レーザーテック,PTS(X),信用新規買,６ヵ月,特定,2025/03/07,2025/03/11,100,"13,724.6",--,--,--,--
7735,ＳＣＲＥＥＮホールディングス,PTS(X),信用新規買,６ヵ月,特定,2025/03/07,2025/03/11,100,"10,843",--,--,--,--
7735,ＳＣＲＥＥＮホールディングス,PTS(O),信用新規買,６ヵ月,特定,2025/03/07,2025/03/11,100,"10,843",--,--,--,--
7735,ＳＣＲＥＥＮホールディングス,PTS(X),信用新規買,６ヵ月,特定,2025/03/07,2025/03/11,100,"10,753",--,--,--,--
7735,ＳＣＲＥＥＮホールディングス,PTS(O),信用新規買,６ヵ月,特定,2025/03/07,2025/03/11,100,"10,841",--,--,--,--
7735,ＳＣＲＥＥＮホールディングス,PTS(X),信用新規買,６ヵ月,特定,2025/03/07,2025/03/11,100,"10,842.5",--,--,--,--
7735,ＳＣＲＥＥＮホールディングス,PTS(O),信用新規買,６ヵ月,特定,2025/03/07,2025/03/11,200,"10,744.5",--,--,--,--
7735,ＳＣＲＥＥＮホールディングス,PTS(X),信用新規買,６ヵ月,特定,2025/03/07,2025/03/11,100,"10,745",--,--,--,--
7735,ＳＣＲＥＥＮホールディングス,PTS(X),信用新規買,６ヵ月,特定,2025/03/07,2025/03/11,100,"10,844",--,--,--,--
7735,ＳＣＲＥＥＮホールディングス,PTS(J),信用新規買,６ヵ月,特定,2025/03/07,2025/03/11,100,"10,745",--,--,--,--
7735,ＳＣＲＥＥＮホールディングス,PTS(X),信用新規買,６ヵ月,特定,2025/03/07,2025/03/11,100,"10,744.5",--,--,--,--
7974,任天堂,PTS(J),信用新規買,６ヵ月,特定,2025/03/07,2025/03/11,200,"10,284.5",--,--,--,--
7974,任天堂,PTS(X),信用新規買,６ヵ月,特定,2025/03/07,2025/03/11,300,"10,282",--,--,--,--
7974,任天堂,PTS(O),信用新規買,６ヵ月,特定,2025/03/07,2025/03/11,100,"10,282.3",--,--,--,--
7974,任天堂,PTS(J),信用新規買,６ヵ月,特定,2025/03/07,2025/03/11,200,"10,284",--,--,--,--
7974,任天堂,PTS(X),信用新規買,６ヵ月,特定,2025/03/07,2025/03/11,100,"10,284.1",--,--,--,--
7974,任天堂,PTS(X),信用新規買,６ヵ月,特定,2025/03/07,2025/03/11,100,"10,284.2",--,--,--,--
7974,任天堂,PTS(O),信用新規買,６ヵ月,特定,2025/03/07,2025/03/11,100,"10,284.3",--,--,--,--
7974,任天堂,PTS(X),信用新規買,６ヵ月,特定,2025/03/07,2025/03/11,200,"10,350",--,--,--,--
7974,任天堂,PTS(O),信用新規買,６ヵ月,特定,2025/03/07,2025/03/11,100,"10,284.2",--,--,--,--
7974,任天堂,PTS(X),信用新規買,６ヵ月,特定,2025/03/07,2025/03/11,100,"10,282.1",--,--,--,--
7974,任天堂,PTS(O),信用新規買,６ヵ月,特定,2025/03/07,2025/03/11,100,"10,284.1",--,--,--,--
7974,任天堂,PTS(X),信用新規買,６ヵ月,特定,2025/03/07,2025/03/11,400,"10,284",--,--,--,--
7974,任天堂,PTS(O),信用新規買,６ヵ月,特定,2025/03/07,2025/03/11,200,"10,361.5",--,--,--,--
7974,任天堂,東証,信用新規買,６ヵ月,特定,2025/03/07,2025/03/11,800,"10,350",--,--,--,--
7012,川崎重工業,PTS(O),信用返済買,６ヵ月,特定,2025/03/07,2025/03/11,200,"8,749",52,--,"-5,152",--
7012,川崎重工業,PTS(X),信用返済買,６ヵ月,特定,2025/03/07,2025/03/11,100,"8,748.1",26,--,"-1,626",--
7012,川崎重工業,PTS(O),信用返済買,６ヵ月,特定,2025/03/07,2025/03/11,100,"8,748.3",26,--,"-1,646",--
7012,川崎重工業,PTS(X),信用返済買,６ヵ月,特定,2025/03/07,2025/03/11,100,"8,748.4",26,--,"-1,666",--
7012,川崎重工業,PTS(O),信用返済買,６ヵ月,特定,2025/03/07,2025/03/11,100,"8,748.2",26,--,"-1,636",--
7012,川崎重工業,PTS(O),信用返済買,６ヵ月,特定,2025/03/07,2025/03/11,100,"8,748.9",26,--,"-1,796",--
7012,川崎重工業,PTS(O),信用返済買,６ヵ月,特定,2025/03/07,2025/03/11,100,"8,748.9",26,--,"-1,716",--
7012,川崎重工業,PTS(O),信用返済買,６ヵ月,特定,2025/03/07,2025/03/11,100,"8,748.4",26,--,"-1,666",--
7012,川崎重工業,PTS(J),信用返済買,６ヵ月,特定,2025/03/07,2025/03/11,100,"8,749",26,--,"-1,626",--
7012,川崎重工業,東証,信用返済買,６ヵ月,特定,2025/03/07,2025/03/11,100,"8,749",26,--,"-2,536",--
7012,川崎重工業,東証,信用返済買,６ヵ月,特定,2025/03/07,2025/03/11,100,"8,749",26,--,"-1,846",--
7012,川崎重工業,東証,信用返済買,６ヵ月,特定,2025/03/07,2025/03/11,100,"8,749",26,--,"-2,526",--
7012,川崎重工業,東証,信用返済買,６ヵ月,特定,2025/03/07,2025/03/11,200,"8,749",52,--,"-5,092",--
7012,川崎重工業,東証,信用返済買,６ヵ月,特定,2025/03/07,2025/03/11,400,"8,749",105,--,"-10,505",--
7012,川崎重工業,PTS(O),信用返済買,６ヵ月,特定,2025/03/07,2025/03/11,100,"8,748.2",26,--,"-1,576",--
7012,川崎重工業,PTS(X),信用返済買,６ヵ月,特定,2025/03/07,2025/03/11,200,"8,748",52,--,"-2,272",--
5253,カバー,東証,信用新規売,６ヵ月,特定,2025/03/06,2025/03/10,100,"2,821",--,--,--,--
5253,カバー,東証,信用新規売,６ヵ月,特定,2025/03/06,2025/03/10,100,"2,818",--,--,--,--
5253,カバー,東証,信用新規売,６ヵ月,特定,2025/03/06,2025/03/10,100,"2,821",--,--,--,--
5253,カバー,東証,信用新規売,６ヵ月,特定,2025/03/06,2025/03/10,100,"2,824",--,--,--,--
5253,カバー,東証,信用新規売,６ヵ月,特定,2025/03/06,2025/03/10,100,"2,821",--,--,--,--
2160,ジーエヌアイグループ,PTS(O),信用返済売,６ヵ月,特定,2025/03/06,2025/03/10,100,"2,574.6",75,--,"9,885",--
4704,トレンドマイクロ,PTS(X),信用返済売,６ヵ月,特定,2025/03/06,2025/03/10,100,"11,039.5",263,--,-963,--
6254,野村マイクロ・サイエンス,PTS(O),信用返済売,６ヵ月,特定,2025/03/06,2025/03/10,100,"2,501",49,--,"-9,549",--
6254,野村マイクロ・サイエンス,PTS(O),信用返済売,６ヵ月,特定,2025/03/06,2025/03/10,100,"2,501.5",49,--,"-9,499",--
6254,野村マイクロ・サイエンス,PTS(O),信用返済売,６ヵ月,特定,2025/03/06,2025/03/10,200,"2,501.3",99,--,"-19,039",--
6254,野村マイクロ・サイエンス,PTS(O),信用返済売,６ヵ月,特定,2025/03/06,2025/03/10,100,"2,501.2",49,--,"-9,529",--
6254,野村マイクロ・サイエンス,東証,信用返済売,６ヵ月,特定,2025/03/06,2025/03/10,200,"2,501",99,--,"-19,099",--
6254,野村マイクロ・サイエンス,PTS(X),信用返済売,６ヵ月,特定,2025/03/06,2025/03/10,100,"2,501.1",49,--,"-9,539",--
6254,野村マイクロ・サイエンス,PTS(X),信用返済売,６ヵ月,特定,2025/03/06,2025/03/10,100,"2,501.2",49,--,"-9,529",--
6254,野村マイクロ・サイエンス,PTS(J),信用返済売,６ヵ月,特定,2025/03/06,2025/03/10,100,"2,501.1",49,--,"-9,539",--
6857,アドバンテスト,PTS(X),信用返済売,６ヵ月,特定,2025/03/06,2025/03/10,100,"7,706.4",58,--,"2,982",--
6857,アドバンテスト,PTS(X),信用返済売,６ヵ月,特定,2025/03/06,2025/03/10,100,"7,706.5",58,--,"2,992",--
6857,アドバンテスト,東証,信用返済売,６ヵ月,特定,2025/03/06,2025/03/10,100,"7,688",58,--,"1,142",--
7012,川崎重工業,東証,信用返済売,６ヵ月,特定,2025/03/06,2025/03/10,100,"9,136",69,--,"13,771",--
7735,ＳＣＲＥＥＮホールディングス,PTS(X),信用返済売,６ヵ月,特定,2025/03/06,2025/03/10,200,"10,819",164,--,"18,036",--
7735,ＳＣＲＥＥＮホールディングス,PTS(X),信用返済売,６ヵ月,特定,2025/03/06,2025/03/10,100,"10,903",83,--,717,--
7735,ＳＣＲＥＥＮホールディングス,PTS(O),信用返済売,６ヵ月,特定,2025/03/06,2025/03/10,100,"10,741",82,--,"1,268",--
7735,ＳＣＲＥＥＮホールディングス,PTS(X),信用返済売,６ヵ月,特定,2025/03/06,2025/03/10,100,"10,758.5",83,--,"-9,933",--
7735,ＳＣＲＥＥＮホールディングス,PTS(X),信用返済売,６ヵ月,特定,2025/03/06,2025/03/10,100,"10,758.5",83,--,"-10,233",--
7735,ＳＣＲＥＥＮホールディングス,PTS(X),信用返済売,６ヵ月,特定,2025/03/06,2025/03/10,100,"10,904",83,--,817,--
7735,ＳＣＲＥＥＮホールディングス,PTS(X),信用返済売,６ヵ月,特定,2025/03/06,2025/03/10,100,"10,903",84,--,"-16,084",--
7735,ＳＣＲＥＥＮホールディングス,東証,信用返済売,６ヵ月,特定,2025/03/06,2025/03/10,100,"10,885",84,--,"-17,884",--
7735,ＳＣＲＥＥＮホールディングス,PTS(X),信用返済売,６ヵ月,特定,2025/03/06,2025/03/10,100,"10,872",83,--,"1,467",--
3382,セブン＆アイ・ホールディングス,PTS(X),信用新規買,６ヵ月,特定,2025/03/06,2025/03/10,100,"2,127.5",--,--,--,--
3382,セブン＆アイ・ホールディングス,PTS(X),信用新規買,６ヵ月,特定,2025/03/06,2025/03/10,100,"2,114.3",--,--,--,--
3382,セブン＆アイ・ホールディングス,PTS(X),信用新規買,６ヵ月,特定,2025/03/06,2025/03/10,400,"2,125.1",--,--,--,--
3382,セブン＆アイ・ホールディングス,PTS(X),信用新規買,６ヵ月,特定,2025/03/06,2025/03/10,100,"2,125",--,--,--,--
3382,セブン＆アイ・ホールディングス,PTS(O),信用新規買,６ヵ月,特定,2025/03/06,2025/03/10,100,"2,175.1",--,--,--,--
3382,セブン＆アイ・ホールディングス,PTS(O),信用新規買,６ヵ月,特定,2025/03/06,2025/03/10,100,"2,127.1",--,--,--,--
3382,セブン＆アイ・ホールディングス,PTS(O),信用新規買,６ヵ月,特定,2025/03/06,2025/03/10,100,"2,175",--,--,--,--
3382,セブン＆アイ・ホールディングス,PTS(X),信用新規買,６ヵ月,特定,2025/03/06,2025/03/10,200,"2,114.4",--,--,--,--
3382,セブン＆アイ・ホールディングス,PTS(O),信用新規買,６ヵ月,特定,2025/03/06,2025/03/10,100,"2,174.9",--,--,--,--
3382,セブン＆アイ・ホールディングス,PTS(X),信用新規買,６ヵ月,特定,2025/03/06,2025/03/10,200,"2,127.6",--,--,--,--
3382,セブン＆アイ・ホールディングス,東証,信用新規買,６ヵ月,特定,2025/03/06,2025/03/10,400,"2,188",--,--,--,--
3382,セブン＆アイ・ホールディングス,PTS(O),信用新規買,６ヵ月,特定,2025/03/06,2025/03/10,100,"2,127.2",--,--,--,--
6254,野村マイクロ・サイエンス,東証,信用新規買,６ヵ月,特定,2025/03/06,2025/03/10,800,"2,483",--,--,--,--
6254,野村マイクロ・サイエンス,PTS(J),信用新規買,６ヵ月,特定,2025/03/06,2025/03/10,100,"2,482.6",--,--,--,--
6254,野村マイクロ・サイエンス,PTS(X),信用新規買,６ヵ月,特定,2025/03/06,2025/03/10,100,"2,483",--,--,--,--
6319,シンニッタン,PTS(O),信用新規買,６ヵ月,特定,2025/03/06,2025/03/10,400,406,--,--,--,--
6319,シンニッタン,PTS(O),信用新規買,６ヵ月,特定,2025/03/06,2025/03/10,100,405.9,--,--,--,--
6319,シンニッタン,PTS(O),信用新規買,６ヵ月,特定,2025/03/06,2025/03/10,100,405.9,--,--,--,--
6319,シンニッタン,PTS(J),信用新規買,６ヵ月,特定,2025/03/06,2025/03/10,"1,900",405.9,--,--,--,--
6319,シンニッタン,PTS(X),信用新規買,６ヵ月,特定,2025/03/06,2025/03/10,"1,500",406,--,--,--,--
6857,アドバンテスト,PTS(O),信用新規買,６ヵ月,特定,2025/03/06,2025/03/10,100,"7,676",--,--,--,--
6857,アドバンテスト,東証,信用新規買,６ヵ月,特定,2025/03/06,2025/03/10,200,"7,676",--,--,--,--
7012,川崎重工業,PTS(O),信用新規買,６ヵ月,特定,2025/03/06,2025/03/10,100,"8,997.6",--,--,--,--
7735,ＳＣＲＥＥＮホールディングス,東証,信用新規買,６ヵ月,特定,2025/03/06,2025/03/10,200,"10,895",--,--,--,--
7735,ＳＣＲＥＥＮホールディングス,東証,信用新規買,６ヵ月,特定,2025/03/06,2025/03/10,100,"10,860",--,--,--,--
7735,ＳＣＲＥＥＮホールディングス,PTS(O),信用新規買,６ヵ月,特定,2025/03/06,2025/03/10,100,"11,063",--,--,--,--
7735,ＳＣＲＥＥＮホールディングス,PTS(X),信用新規買,６ヵ月,特定,2025/03/06,2025/03/10,100,"10,856.5",--,--,--,--
7735,ＳＣＲＥＥＮホールディングス,PTS(X),信用新規買,６ヵ月,特定,2025/03/06,2025/03/10,100,"10,727.5",--,--,--,--
7735,ＳＣＲＥＥＮホールディングス,PTS(X),信用新規買,６ヵ月,特定,2025/03/06,2025/03/10,100,"10,857",--,--,--,--
7735,ＳＣＲＥＥＮホールディングス,PTS(X),信用新規買,６ヵ月,特定,2025/03/06,2025/03/10,100,"11,063",--,--,--,--
7735,ＳＣＲＥＥＮホールディングス,PTS(X),信用新規買,６ヵ月,特定,2025/03/06,2025/03/10,200,"10,728",--,--,--,--
5253,カバー,PTS(O),信用返済買,６ヵ月,特定,2025/03/06,2025/03/10,100,"2,788.7",8,--,"3,522",--
5253,カバー,PTS(X),信用返済買,６ヵ月,特定,2025/03/06,2025/03/10,100,"2,787.4",8,--,"3,352",--
5253,カバー,PTS(X),信用返済買,６ヵ月,特定,2025/03/06,2025/03/10,100,"2,787.5",8,--,"3,042",--
5253,カバー,PTS(O),信用返済買,６ヵ月,特定,2025/03/06,2025/03/10,100,"2,787.4",8,--,"3,352",--
5253,カバー,PTS(O),信用返済買,６ヵ月,特定,2025/03/06,2025/03/10,100,"2,788.7",8,--,"3,222",--
1963,日揮ホールディングス,PTS(X),信用返済売,６ヵ月,特定,2025/03/05,2025/03/07,100,"1,142.4",8,--,592,--
1963,日揮ホールディングス,PTS(O),信用返済売,６ヵ月,特定,2025/03/05,2025/03/07,100,"1,142.5",8,--,592,--
1963,日揮ホールディングス,PTS(O),信用返済売,６ヵ月,特定,2025/03/05,2025/03/07,100,"1,142.3",8,--,622,--
1963,日揮ホールディングス,PTS(X),信用返済売,６ヵ月,特定,2025/03/05,2025/03/07,100,"1,142.1",8,--,452,--
1963,日揮ホールディングス,PTS(X),信用返済売,６ヵ月,特定,2025/03/05,2025/03/07,100,"1,142.5",8,--,642,--
1963,日揮ホールディングス,PTS(X),信用返済売,６ヵ月,特定,2025/03/05,2025/03/07,100,"1,142.4",8,--,602,--
1963,日揮ホールディングス,PTS(X),信用返済売,６ヵ月,特定,2025/03/05,2025/03/07,200,"1,142.2",17,--,923,--
1963,日揮ホールディングス,PTS(X),信用返済売,６ヵ月,特定,2025/03/05,2025/03/07,100,"1,142.5",8,--,592,--
1963,日揮ホールディングス,PTS(X),信用返済売,６ヵ月,特定,2025/03/05,2025/03/07,100,"1,142.3",8,--,582,--
1963,日揮ホールディングス,PTS(O),信用返済売,６ヵ月,特定,2025/03/05,2025/03/07,100,"1,142.1",8,--,562,--
1963,日揮ホールディングス,PTS(O),信用返済売,６ヵ月,特定,2025/03/05,2025/03/07,100,"1,142.2",8,--,572,--
1963,日揮ホールディングス,PTS(X),信用返済売,６ヵ月,特定,2025/03/05,2025/03/07,200,"1,142.1",17,--,903,--
1963,日揮ホールディングス,PTS(X),信用返済売,６ヵ月,特定,2025/03/05,2025/03/07,100,"1,142.4",8,--,632,--
2160,ジーエヌアイグループ,PTS(O),信用返済売,６ヵ月,特定,2025/03/05,2025/03/07,100,"2,621.2",20,--,400,--
2160,ジーエヌアイグループ,PTS(X),信用返済売,６ヵ月,特定,2025/03/05,2025/03/07,100,"2,621.1",20,--,410,--
3443,川田テクノロジーズ,PTS(O),信用返済売,６ヵ月,特定,2025/03/05,2025/03/07,100,"3,021",92,--,508,--
6857,アドバンテスト,東証,信用返済売,６ヵ月,特定,2025/03/05,2025/03/07,200,"7,795",119,--,481,--
6857,アドバンテスト,PTS(O),信用返済売,６ヵ月,特定,2025/03/05,2025/03/07,100,"7,927",60,--,"6,930",--
6857,アドバンテスト,東証,信用返済売,６ヵ月,特定,2025/03/05,2025/03/07,100,"7,788",59,--,-459,--
6857,アドバンテスト,東証,信用返済売,６ヵ月,特定,2025/03/05,2025/03/07,100,"7,771",119,--,581,--
6857,アドバンテスト,PTS(O),信用返済売,６ヵ月,特定,2025/03/05,2025/03/07,100,"7,926.7",60,--,"6,890",--
6857,アドバンテスト,東証,信用返済売,６ヵ月,特定,2025/03/05,2025/03/07,100,"7,771",119,--,481,--
6857,アドバンテスト,東証,信用返済売,６ヵ月,特定,2025/03/05,2025/03/07,100,"7,772",119,--,681,--
7003,三井Ｅ＆Ｓ,PTS(X),信用返済売,６ヵ月,特定,2025/03/05,2025/03/07,100,"1,818",13,--,"5,537",--
7003,三井Ｅ＆Ｓ,PTS(X),信用返済売,６ヵ月,特定,2025/03/05,2025/03/07,200,"1,818",27,--,"11,053",--
7003,三井Ｅ＆Ｓ,PTS(O),信用返済売,６ヵ月,特定,2025/03/05,2025/03/07,100,"1,818",13,--,"5,537",--
7003,三井Ｅ＆Ｓ,東証,信用返済売,６ヵ月,特定,2025/03/05,2025/03/07,100,"1,818",13,--,"5,537",--
7012,川崎重工業,PTS(X),信用返済売,６ヵ月,特定,2025/03/05,2025/03/07,100,"8,645.1",66,--,"-1,346",--
7012,川崎重工業,東証,信用返済売,６ヵ月,特定,2025/03/05,2025/03/07,100,"8,542",66,--,"-6,596",--
7012,川崎重工業,PTS(X),信用返済売,６ヵ月,特定,2025/03/05,2025/03/07,100,"8,645.2",65,--,"7,455",--
7012,川崎重工業,PTS(X),信用返済売,６ヵ月,特定,2025/03/05,2025/03/07,100,"8,569.3",65,--,-35,--
7013,ＩＨＩ,PTS(O),信用返済売,６ヵ月,特定,2025/03/05,2025/03/07,100,"10,870.5",83,--,"3,667",--
7261,マツダ,東証,信用返済売,６ヵ月,特定,2025/03/05,2025/03/07,100,"1,028.5",7,--,-7,--
7261,マツダ,東証,信用返済売,６ヵ月,特定,2025/03/05,2025/03/07,100,"1,028.5",7,--,-7,--
7261,マツダ,PTS(X),信用返済売,６ヵ月,特定,2025/03/05,2025/03/07,100,"1,028.6",7,--,3,--
7261,マツダ,PTS(X),信用返済売,６ヵ月,特定,2025/03/05,2025/03/07,700,"1,028.5",55,--,-55,--
7735,ＳＣＲＥＥＮホールディングス,PTS(X),信用返済売,６ヵ月,特定,2025/03/05,2025/03/07,100,"11,545.5",88,--,"-4,238",--
7735,ＳＣＲＥＥＮホールディングス,東証,信用返済売,６ヵ月,特定,2025/03/05,2025/03/07,200,"11,135",341,--,"-1,141",--
1963,日揮ホールディングス,東証,信用新規買,６ヵ月,特定,2025/03/05,2025/03/07,200,"1,136.5",--,--,--,--
1963,日揮ホールディングス,東証,信用新規買,６ヵ月,特定,2025/03/05,2025/03/07,200,"1,136",--,--,--,--
1963,日揮ホールディングス,PTS(O),信用新規買,６ヵ月,特定,2025/03/05,2025/03/07,100,"1,136.3",--,--,--,--
1963,日揮ホールディングス,PTS(J),信用新規買,６ヵ月,特定,2025/03/05,2025/03/07,100,"1,137.5",--,--,--,--
1963,日揮ホールディングス,PTS(O),信用新規買,６ヵ月,特定,2025/03/05,2025/03/07,100,"1,136",--,--,--,--
1963,日揮ホールディングス,PTS(X),信用新規買,６ヵ月,特定,2025/03/05,2025/03/07,400,"1,136.4",--,--,--,--
1963,日揮ホールディングス,東証,信用新規買,６ヵ月,特定,2025/03/05,2025/03/07,400,"1,137.5",--,--,--,--
2160,ジーエヌアイグループ,東証,信用新規買,６ヵ月,特定,2025/03/05,2025/03/07,100,"2,475",--,--,--,--
2160,ジーエヌアイグループ,東証,信用新規買,６ヵ月,特定,2025/03/05,2025/03/07,100,"2,617",--,--,--,--
2160,ジーエヌアイグループ,PTS(O),信用新規買,６ヵ月,特定,2025/03/05,2025/03/07,100,"2,616.8",--,--,--,--
3844,コムチュア,PTS(X),信用新規買,６ヵ月,特定,2025/03/05,2025/03/07,100,"1,826.9",--,--,--,--
3844,コムチュア,東証,信用新規買,６ヵ月,特定,2025/03/05,2025/03/07,200,"1,827",--,--,--,--
4704,トレンドマイクロ,PTS(X),信用新規買,６ヵ月,特定,2025/03/05,2025/03/07,100,"11,046.5",--,--,--,--
6254,野村マイクロ・サイエンス,東証,信用新規買,６ヵ月,特定,2025/03/05,2025/03/07,"1,000","2,596",--,--,--,--
6857,アドバンテスト,PTS(O),信用新規買,６ヵ月,特定,2025/03/05,2025/03/07,200,"7,792",--,--,--,--
6857,アドバンテスト,東証,信用新規買,６ヵ月,特定,2025/03/05,2025/03/07,300,"7,792",--,--,--,--
6857,アドバンテスト,PTS(O),信用新規買,６ヵ月,特定,2025/03/05,2025/03/07,100,"7,857.2",--,--,--,--
6857,アドバンテスト,PTS(X),信用新規買,６ヵ月,特定,2025/03/05,2025/03/07,100,"7,857.1",--,--,--,--
6920,レーザーテック,PTS(O),信用新規買,６ヵ月,特定,2025/03/05,2025/03/07,100,"13,399.2",--,--,--,--
7003,三井Ｅ＆Ｓ,PTS(X),信用新規買,６ヵ月,特定,2025/03/05,2025/03/07,200,"1,762.6",--,--,--,--
7003,三井Ｅ＆Ｓ,PTS(X),信用新規買,６ヵ月,特定,2025/03/05,2025/03/07,200,"1,851.8",--,--,--,--
7003,三井Ｅ＆Ｓ,PTS(O),信用新規買,６ヵ月,特定,2025/03/05,2025/03/07,300,"1,762.5",--,--,--,--
7003,三井Ｅ＆Ｓ,PTS(O),信用新規買,６ヵ月,特定,2025/03/05,2025/03/07,300,"1,851.7",--,--,--,--
7012,川崎重工業,PTS(X),信用新規買,６ヵ月,特定,2025/03/05,2025/03/07,100,"8,657.9",--,--,--,--
7012,川崎重工業,東証,信用新規買,６ヵ月,特定,2025/03/05,2025/03/07,100,"8,569",--,--,--,--
7012,川崎重工業,東証,信用新規買,６ヵ月,特定,2025/03/05,2025/03/07,100,"8,570",--,--,--,--
7012,川崎重工業,PTS(O),信用新規買,６ヵ月,特定,2025/03/05,2025/03/07,100,"8,607.3",--,--,--,--
7013,ＩＨＩ,PTS(J),信用新規買,６ヵ月,特定,2025/03/05,2025/03/07,100,"10,833",--,--,--,--
7261,マツダ,PTS(O),信用新規買,６ヵ月,特定,2025/03/05,2025/03/07,100,"1,028.5",--,--,--,--
7261,マツダ,東証,信用新規買,６ヵ月,特定,2025/03/05,2025/03/07,900,"1,028.5",--,--,--,--
7735,ＳＣＲＥＥＮホールディングス,PTS(X),信用新規買,６ヵ月,特定,2025/03/05,2025/03/07,100,"11,587",--,--,--,--
7735,ＳＣＲＥＥＮホールディングス,PTS(X),信用新規買,６ヵ月,特定,2025/03/05,2025/03/07,100,"11,382.5",--,--,--,--
7735,ＳＣＲＥＥＮホールディングス,PTS(X),信用新規買,６ヵ月,特定,2025/03/05,2025/03/07,100,"11,162.5",--,--,--,--
3382,セブン＆アイ・ホールディングス,PTS(X),信用新規売,６ヵ月,特定,2025/03/04,2025/03/06,100,"2,070.1",--,--,--,--
3382,セブン＆アイ・ホールディングス,PTS(O),信用新規売,６ヵ月,特定,2025/03/04,2025/03/06,100,"2,070.2",--,--,--,--
3382,セブン＆アイ・ホールディングス,PTS(X),信用新規売,６ヵ月,特定,2025/03/04,2025/03/06,300,"2,047.5",--,--,--,--
3382,セブン＆アイ・ホールディングス,PTS(X),信用新規売,６ヵ月,特定,2025/03/04,2025/03/06,600,"1,963.6",--,--,--,--
3382,セブン＆アイ・ホールディングス,PTS(O),信用新規売,６ヵ月,特定,2025/03/04,2025/03/06,100,"1,963.7",--,--,--,--
3382,セブン＆アイ・ホールディングス,東証,信用新規売,６ヵ月,特定,2025/03/04,2025/03/06,"1,800","2,070",--,--,--,--
3382,セブン＆アイ・ホールディングス,東証,信用新規売,６ヵ月,特定,2025/03/04,2025/03/06,700,"2,047.5",--,--,--,--
3382,セブン＆アイ・ホールディングス,東証,信用新規売,６ヵ月,特定,2025/03/04,2025/03/06,300,"1,963.5",--,--,--,--
2501,サッポロホールディングス,PTS(O),信用返済売,６ヵ月,特定,2025/03/04,2025/03/06,100,"7,913",132,--,-592,--
3382,セブン＆アイ・ホールディングス,東証,信用返済売,６ヵ月,特定,2025/03/04,2025/03/06,100,"2,034",15,--,"-1,685",--
3382,セブン＆アイ・ホールディングス,PTS(X),信用返済売,６ヵ月,特定,2025/03/04,2025/03/06,100,"2,034.1",15,--,"-1,665",--
3382,セブン＆アイ・ホールディングス,PTS(O),信用返済売,６ヵ月,特定,2025/03/04,2025/03/06,100,"2,034.2",15,--,"-1,675",--
3382,セブン＆アイ・ホールディングス,東証,信用返済売,６ヵ月,特定,2025/03/04,2025/03/06,200,"2,034",31,--,"-3,371",--
3382,セブン＆アイ・ホールディングス,東証,信用返済売,６ヵ月,特定,2025/03/04,2025/03/06,400,"2,034",62,--,"-6,782",--
3382,セブン＆アイ・ホールディングス,PTS(X),信用返済売,６ヵ月,特定,2025/03/04,2025/03/06,100,"2,034.1",15,--,"-1,695",--
3844,コムチュア,PTS(X),信用返済売,６ヵ月,特定,2025/03/04,2025/03/06,100,"1,801.3",41,--,"-1,801",--
3844,コムチュア,PTS(X),信用返済売,６ヵ月,特定,2025/03/04,2025/03/06,100,"1,801.2",41,--,"-1,811",--
4298,プロトコーポレーション,PTS(X),信用返済売,６ヵ月,特定,2025/03/04,2025/03/06,100,"2,117.4",49,--,"-1,309",--
4298,プロトコーポレーション,PTS(X),信用返済売,６ヵ月,特定,2025/03/04,2025/03/06,200,"2,117.5",98,--,"-2,598",--
4298,プロトコーポレーション,PTS(O),信用返済売,６ヵ月,特定,2025/03/04,2025/03/06,200,"2,117.5",98,--,"-2,598",--
6254,野村マイクロ・サイエンス,PTS(X),信用返済売,６ヵ月,特定,2025/03/04,2025/03/06,100,"2,606.3",41,--,"-8,211",--
6254,野村マイクロ・サイエンス,PTS(X),信用返済売,６ヵ月,特定,2025/03/04,2025/03/06,100,"2,606.2",41,--,"-8,201",--
6254,野村マイクロ・サイエンス,東証,信用返済売,６ヵ月,特定,2025/03/04,2025/03/06,300,"2,606",125,--,"-25,025",--
6254,野村マイクロ・サイエンス,PTS(X),信用返済売,６ヵ月,特定,2025/03/04,2025/03/06,100,"2,606.1",41,--,"-8,331",--
6254,野村マイクロ・サイエンス,PTS(O),信用返済売,６ヵ月,特定,2025/03/04,2025/03/06,100,"2,606.5",41,--,"-8,111",--
6254,野村マイクロ・サイエンス,PTS(X),信用返済売,６ヵ月,特定,2025/03/04,2025/03/06,100,"2,606.4",41,--,"-8,101",--
6254,野村マイクロ・サイエンス,PTS(O),信用返済売,６ヵ月,特定,2025/03/04,2025/03/06,200,"2,606.5",83,--,"-16,383",--
6857,アドバンテスト,PTS(X),信用返済売,６ヵ月,特定,2025/03/04,2025/03/06,100,"7,589.4",57,--,"6,183",--
6857,アドバンテスト,PTS(J),信用返済売,６ヵ月,特定,2025/03/04,2025/03/06,100,"7,765.1",58,--,"17,202",--
6857,アドバンテスト,PTS(O),信用返済売,６ヵ月,特定,2025/03/04,2025/03/06,100,"7,589.5",57,--,"6,193",--
6857,アドバンテスト,PTS(O),信用返済売,６ヵ月,特定,2025/03/04,2025/03/06,100,"7,765.5",58,--,"17,222",--
6857,アドバンテスト,PTS(O),信用返済売,６ヵ月,特定,2025/03/04,2025/03/06,100,"7,589.1",57,--,"6,153",--
6857,アドバンテスト,PTS(X),信用返済売,６ヵ月,特定,2025/03/04,2025/03/06,100,"7,589.5",57,--,"6,193",--
6857,アドバンテスト,PTS(O),信用返済売,６ヵ月,特定,2025/03/04,2025/03/06,100,"7,765.1",58,--,"17,172",--
6857,アドバンテスト,PTS(O),信用返済売,６ヵ月,特定,2025/03/04,2025/03/06,100,"7,765",58,--,"17,152",--
6857,アドバンテスト,PTS(X),信用返済売,６ヵ月,特定,2025/03/04,2025/03/06,100,"7,765.5",58,--,"17,242",--
6857,アドバンテスト,東証,信用返済売,６ヵ月,特定,2025/03/04,2025/03/06,100,"7,765",58,--,"10,242",--
6857,アドバンテスト,東証,信用返済売,６ヵ月,特定,2025/03/04,2025/03/06,100,"7,402",57,--,"-9,557",--
6857,アドバンテスト,PTS(O),信用返済売,６ヵ月,特定,2025/03/04,2025/03/06,100,"7,589.6",57,--,"6,203",--
6857,アドバンテスト,東証,信用返済売,６ヵ月,特定,2025/03/04,2025/03/06,100,"7,402",57,--,"-9,557",--
6857,アドバンテスト,東証,信用返済売,６ヵ月,特定,2025/03/04,2025/03/06,300,"7,401",374,--,"-219,074",--
6857,アドバンテスト,東証,信用返済売,６ヵ月,特定,2025/03/04,2025/03/06,200,"7,401",115,--,"-19,915",--
6857,アドバンテスト,東証,信用返済売,６ヵ月,特定,2025/03/04,2025/03/06,200,"7,776",119,--,"2,281",--
6857,アドバンテスト,東証,信用返済売,６ヵ月,特定,2025/03/04,2025/03/06,100,"7,765",58,--,"12,052",--
6957,芝浦電子,PTS(X),信用返済売,６ヵ月,特定,2025/03/04,2025/03/06,100,"4,529.5",104,--,-654,--
6957,芝浦電子,PTS(X),信用返済売,６ヵ月,特定,2025/03/04,2025/03/06,100,"4,529",104,--,-704,--
7011,三菱重工業,東証,信用返済売,６ヵ月,特定,2025/03/04,2025/03/06,100,"2,249.5",17,--,-357,--
7011,三菱重工業,東証,信用返済売,６ヵ月,特定,2025/03/04,2025/03/06,200,"2,249.5",34,--,-714,--
7011,三菱重工業,東証,信用返済売,６ヵ月,特定,2025/03/04,2025/03/06,600,"2,249.5",103,--,"-2,203",--
7011,三菱重工業,PTS(X),信用返済売,６ヵ月,特定,2025/03/04,2025/03/06,100,"2,249.5",17,--,-357,--
7011,三菱重工業,PTS(X),信用返済売,６ヵ月,特定,2025/03/04,2025/03/06,700,"2,250.6",120,--,"9,750",--
7011,三菱重工業,PTS(X),信用返済売,６ヵ月,特定,2025/03/04,2025/03/06,100,"2,250.6",17,--,"1,393",--
7011,三菱重工業,PTS(O),信用返済売,６ヵ月,特定,2025/03/04,2025/03/06,100,"2,250.7",17,--,"1,403",--
7011,三菱重工業,PTS(X),信用返済売,６ヵ月,特定,2025/03/04,2025/03/06,100,"2,250.6",17,--,"1,343",--
7013,ＩＨＩ,PTS(X),信用返済売,６ヵ月,特定,2025/03/04,2025/03/06,100,"10,324.5",79,--,"-1,579",--
7732,トプコン,PTS(O),信用返済売,６ヵ月,特定,2025/03/04,2025/03/06,100,"2,816.3",64,--,-134,--
7735,ＳＣＲＥＥＮホールディングス,東証,信用返済売,６ヵ月,特定,2025/03/04,2025/03/06,100,"10,915",82,--,"16,568",--
7735,ＳＣＲＥＥＮホールディングス,東証,信用返済売,６ヵ月,特定,2025/03/04,2025/03/06,100,"10,915",82,--,"16,568",--
7735,ＳＣＲＥＥＮホールディングス,PTS(X),信用返済売,６ヵ月,特定,2025/03/04,2025/03/06,100,"11,137.5",83,--,"22,217",--
7735,ＳＣＲＥＥＮホールディングス,PTS(X),信用返済売,６ヵ月,特定,2025/03/04,2025/03/06,100,"11,137",84,--,"13,766",--
7735,ＳＣＲＥＥＮホールディングス,東証,信用返済売,６ヵ月,特定,2025/03/04,2025/03/06,200,"11,160",170,--,"3,930",--
7735,ＳＣＲＥＥＮホールディングス,東証,信用返済売,６ヵ月,特定,2025/03/04,2025/03/06,200,"10,915",164,--,"32,936",--
7735,ＳＣＲＥＥＮホールディングス,PTS(J),信用返済売,６ヵ月,特定,2025/03/04,2025/03/06,100,"11,137.5",84,--,"13,816",--
7735,ＳＣＲＥＥＮホールディングス,PTS(J),信用返済売,６ヵ月,特定,2025/03/04,2025/03/06,100,"11,137.5",83,--,"22,267",--
7735,ＳＣＲＥＥＮホールディングス,PTS(X),信用返済売,６ヵ月,特定,2025/03/04,2025/03/06,100,"11,137",84,--,"13,716",--
7735,ＳＣＲＥＥＮホールディングス,PTS(O),信用返済売,６ヵ月,特定,2025/03/04,2025/03/06,100,"11,138",83,--,"22,317",--
7735,ＳＣＲＥＥＮホールディングス,PTS(X),信用返済売,６ヵ月,特定,2025/03/04,2025/03/06,100,"11,138",83,--,"22,317",--
7735,ＳＣＲＥＥＮホールディングス,PTS(X),信用返済売,６ヵ月,特定,2025/03/04,2025/03/06,100,"11,136.5",84,--,"13,616",--
8905,イオンモール,東証,信用返済売,６ヵ月,特定,2025/03/04,2025/03/06,500,"2,318",89,--,"-3,839",--
8905,イオンモール,東証,信用返済売,６ヵ月,特定,2025/03/04,2025/03/06,100,"2,318",17,--,-717,--
8905,イオンモール,東証,信用返済売,６ヵ月,特定,2025/03/04,2025/03/06,100,"2,318",17,--,-717,--
8905,イオンモール,東証,信用返済売,６ヵ月,特定,2025/03/04,2025/03/06,300,"2,318",53,--,"-2,453",--
3382,セブン＆アイ・ホールディングス,PTS(X),信用新規買,６ヵ月,特定,2025/03/04,2025/03/06,100,"2,050.9",--,--,--,--
3382,セブン＆アイ・ホールディングス,PTS(X),信用新規買,６ヵ月,特定,2025/03/04,2025/03/06,200,"2,050.7",--,--,--,--
3382,セブン＆アイ・ホールディングス,PTS(X),信用新規買,６ヵ月,特定,2025/03/04,2025/03/06,100,"2,050.6",--,--,--,--
3382,セブン＆アイ・ホールディングス,PTS(X),信用新規買,６ヵ月,特定,2025/03/04,2025/03/06,500,"2,050.8",--,--,--,--
3382,セブン＆アイ・ホールディングス,PTS(O),信用新規買,６ヵ月,特定,2025/03/04,2025/03/06,100,"2,050.7",--,--,--,--
4673,川崎地質,PTS(X),信用新規買,６ヵ月,特定,2025/03/04,2025/03/06,100,"3,145",--,--,--,--
4673,川崎地質,東証,信用新規買,６ヵ月,特定,2025/03/04,2025/03/06,100,"3,060",--,--,--,--
6135,牧野フライス製作所,PTS(O),信用新規買,６ヵ月,特定,2025/03/04,2025/03/06,100,"11,249",--,--,--,--
6857,アドバンテスト,PTS(O),信用新規買,６ヵ月,特定,2025/03/04,2025/03/06,100,"7,764",--,--,--,--
6857,アドバンテスト,PTS(O),信用新規買,６ヵ月,特定,2025/03/04,2025/03/06,200,"7,527",--,--,--,--
6857,アドバンテスト,PTS(O),信用新規買,６ヵ月,特定,2025/03/04,2025/03/06,100,"7,592.7",--,--,--,--
6857,アドバンテスト,PTS(O),信用新規買,６ヵ月,特定,2025/03/04,2025/03/06,100,"7,662",--,--,--,--
6857,アドバンテスト,PTS(X),信用新規買,６ヵ月,特定,2025/03/04,2025/03/06,100,"7,592.9",--,--,--,--
6857,アドバンテスト,PTS(X),信用新規買,６ヵ月,特定,2025/03/04,2025/03/06,100,"7,592.8",--,--,--,--
6857,アドバンテスト,PTS(O),信用新規買,６ヵ月,特定,2025/03/04,2025/03/06,100,"7,643.9",--,--,--,--
6857,アドバンテスト,PTS(O),信用新規買,６ヵ月,特定,2025/03/04,2025/03/06,100,"7,497",--,--,--,--
6857,アドバンテスト,PTS(X),信用新規買,６ヵ月,特定,2025/03/04,2025/03/06,100,"7,592.5",--,--,--,--
6857,アドバンテスト,PTS(O),信用新規買,６ヵ月,特定,2025/03/04,2025/03/06,100,"7,592.5",--,--,--,--
6857,アドバンテスト,東証,信用新規買,６ヵ月,特定,2025/03/04,2025/03/06,300,"7,527",--,--,--,--
6857,アドバンテスト,東証,信用新規買,６ヵ月,特定,2025/03/04,2025/03/06,100,"7,497",--,--,--,--
6857,アドバンテスト,東証,信用新規買,６ヵ月,特定,2025/03/04,2025/03/06,300,"7,764",--,--,--,--
6857,アドバンテスト,東証,信用新規買,６ヵ月,特定,2025/03/04,2025/03/06,200,"7,500",--,--,--,--
6857,アドバンテスト,東証,信用新規買,６ヵ月,特定,2025/03/04,2025/03/06,100,"7,765",--,--,--,--
6957,芝浦電子,PTS(O),信用新規買,６ヵ月,特定,2025/03/04,2025/03/06,100,"4,543",--,--,--,--
6957,芝浦電子,PTS(X),信用新規買,６ヵ月,特定,2025/03/04,2025/03/06,100,"4,544",--,--,--,--
6957,芝浦電子,PTS(X),信用新規買,６ヵ月,特定,2025/03/04,2025/03/06,100,"4,543",--,--,--,--
7011,三菱重工業,PTS(O),信用新規買,６ヵ月,特定,2025/03/04,2025/03/06,100,"2,252.9",--,--,--,--
7011,三菱重工業,PTS(X),信用新規買,６ヵ月,特定,2025/03/04,2025/03/06,100,"2,236.5",--,--,--,--
7011,三菱重工業,PTS(O),信用新規買,６ヵ月,特定,2025/03/04,2025/03/06,600,"2,253",--,--,--,--
7011,三菱重工業,PTS(X),信用新規買,６ヵ月,特定,2025/03/04,2025/03/06,300,"2,252.9",--,--,--,--
7011,三菱重工業,東証,信用新規買,６ヵ月,特定,2025/03/04,2025/03/06,100,"2,237",--,--,--,--
7011,三菱重工業,東証,信用新規買,６ヵ月,特定,2025/03/04,2025/03/06,800,"2,236.5",--,--,--,--
7013,ＩＨＩ,PTS(X),信用新規買,６ヵ月,特定,2025/03/04,2025/03/06,100,"10,339.5",--,--,--,--
7735,ＳＣＲＥＥＮホールディングス,PTS(X),信用新規買,６ヵ月,特定,2025/03/04,2025/03/06,100,"10,914",--,--,--,--
7735,ＳＣＲＥＥＮホールディングス,PTS(X),信用新規買,６ヵ月,特定,2025/03/04,2025/03/06,100,"10,999.5",--,--,--,--
7735,ＳＣＲＥＥＮホールディングス,PTS(O),信用新規買,６ヵ月,特定,2025/03/04,2025/03/06,200,"11,139",--,--,--,--
7735,ＳＣＲＥＥＮホールディングス,PTS(O),信用新規買,６ヵ月,特定,2025/03/04,2025/03/06,100,"10,748.5",--,--,--,--
7735,ＳＣＲＥＥＮホールディングス,PTS(O),信用新規買,６ヵ月,特定,2025/03/04,2025/03/06,200,"10,914",--,--,--,--
7735,ＳＣＲＥＥＮホールディングス,PTS(X),信用新規買,６ヵ月,特定,2025/03/04,2025/03/06,100,"10,914.5",--,--,--,--
7735,ＳＣＲＥＥＮホールディングス,PTS(O),信用新規買,６ヵ月,特定,2025/03/04,2025/03/06,100,"10,999",--,--,--,--
7735,ＳＣＲＥＥＮホールディングス,PTS(X),信用新規買,６ヵ月,特定,2025/03/04,2025/03/06,200,"11,139.5",--,--,--,--
7735,ＳＣＲＥＥＮホールディングス,PTS(O),信用新規買,６ヵ月,特定,2025/03/04,2025/03/06,200,"10,998.5",--,--,--,--
7735,ＳＣＲＥＥＮホールディングス,PTS(X),信用新規買,６ヵ月,特定,2025/03/04,2025/03/06,200,"10,749.5",--,--,--,--
7735,ＳＣＲＥＥＮホールディングス,PTS(X),信用新規買,６ヵ月,特定,2025/03/04,2025/03/06,100,"10,748.5",--,--,--,--
8905,イオンモール,東証,信用新規買,６ヵ月,特定,2025/03/04,2025/03/06,500,"2,325.5",--,--,--,--
8905,イオンモール,東証,信用新規買,６ヵ月,特定,2025/03/04,2025/03/06,100,"2,325",--,--,--,--
8905,イオンモール,東証,信用新規買,６ヵ月,特定,2025/03/04,2025/03/06,300,"2,326",--,--,--,--
8905,イオンモール,PTS(O),信用新規買,６ヵ月,特定,2025/03/04,2025/03/06,100,"2,325",--,--,--,--
2432,ディー・エヌ・エー,PTS(X),信用返済買,６ヵ月,特定,2025/03/04,2025/03/06,100,"3,663.4",22,--,"2,438",--
2432,ディー・エヌ・エー,PTS(X),信用返済買,６ヵ月,特定,2025/03/04,2025/03/06,300,"3,663.7",66,--,"6,924",--
2432,ディー・エヌ・エー,PTS(X),信用返済買,６ヵ月,特定,2025/03/04,2025/03/06,200,"3,663.6",44,--,"4,836",--
2432,ディー・エヌ・エー,PTS(X),信用返済買,６ヵ月,特定,2025/03/04,2025/03/06,100,"3,663.5",22,--,"2,428",--
2432,ディー・エヌ・エー,PTS(X),信用返済買,６ヵ月,特定,2025/03/04,2025/03/06,100,"3,663.8",22,--,"2,198",--
2432,ディー・エヌ・エー,PTS(O),信用返済買,６ヵ月,特定,2025/03/04,2025/03/06,200,"3,663.3",44,--,"4,896",--
3382,セブン＆アイ・ホールディングス,PTS(X),信用返済買,６ヵ月,特定,2025/03/04,2025/03/06,300,"2,030.9",18,--,"4,962",--
3382,セブン＆アイ・ホールディングス,PTS(O),信用返済買,６ヵ月,特定,2025/03/04,2025/03/06,100,"1,949.3",6,--,"12,064",--
3382,セブン＆アイ・ホールディングス,PTS(O),信用返済買,６ヵ月,特定,2025/03/04,2025/03/06,100,"1,967",5,--,-355,--
3382,セブン＆アイ・ホールディングス,PTS(X),信用返済買,６ヵ月,特定,2025/03/04,2025/03/06,100,"1,949.4",6,--,"12,054",--
3382,セブン＆アイ・ホールディングス,PTS(O),信用返済買,６ヵ月,特定,2025/03/04,2025/03/06,100,"1,962.4",6,--,"10,754",--
3382,セブン＆アイ・ホールディングス,東証,信用返済買,６ヵ月,特定,2025/03/04,2025/03/06,100,"1,967.5",5,--,-385,--
3382,セブン＆アイ・ホールディングス,東証,信用返済買,６ヵ月,特定,2025/03/04,2025/03/06,400,"2,031",24,--,"6,576",--
3382,セブン＆アイ・ホールディングス,PTS(O),信用返済買,６ヵ月,特定,2025/03/04,2025/03/06,100,"1,962.5",6,--,"10,744",--
3382,セブン＆アイ・ホールディングス,東証,信用返済買,６ヵ月,特定,2025/03/04,2025/03/06,800,"1,949.5",49,--,"96,351",--
3382,セブン＆アイ・ホールディングス,東証,信用返済買,６ヵ月,特定,2025/03/04,2025/03/06,100,"1,962.5",6,--,"10,764",--
3382,セブン＆アイ・ホールディングス,東証,信用返済買,６ヵ月,特定,2025/03/04,2025/03/06,300,"2,031",18,--,"4,932",--
3382,セブン＆アイ・ホールディングス,東証,信用返済買,６ヵ月,特定,2025/03/04,2025/03/06,500,"1,962.5",31,--,"53,719",--
3382,セブン＆アイ・ホールディングス,東証,信用返済買,６ヵ月,特定,2025/03/04,2025/03/06,100,"1,967",5,--,-355,--
3382,セブン＆アイ・ホールディングス,東証,信用返済買,６ヵ月,特定,2025/03/04,2025/03/06,100,"1,967.5",5,--,-405,--
3382,セブン＆アイ・ホールディングス,東証,信用返済買,６ヵ月,特定,2025/03/04,2025/03/06,600,"1,967.5",35,--,"-2,375",--
3382,セブン＆アイ・ホールディングス,東証,信用返済買,６ヵ月,特定,2025/03/04,2025/03/06,100,"1,962.5",6,--,"10,754",--
3382,セブン＆アイ・ホールディングス,PTS(X),信用返済買,６ヵ月,特定,2025/03/04,2025/03/06,100,"1,962.5",6,--,"10,744",--
2432,ディー・エヌ・エー,PTS(O),信用新規売,６ヵ月,特定,2025/03/03,2025/03/05,200,"3,862",--,--,--,--
2432,ディー・エヌ・エー,PTS(X),信用新規売,６ヵ月,特定,2025/03/03,2025/03/05,100,"3,680.1",--,--,--,--
2432,ディー・エヌ・エー,PTS(X),信用新規売,６ヵ月,特定,2025/03/03,2025/03/05,100,"3,672.4",--,--,--,--
2432,ディー・エヌ・エー,PTS(O),信用新規売,６ヵ月,特定,2025/03/03,2025/03/05,100,"3,746.1",--,--,--,--
2432,ディー・エヌ・エー,PTS(X),信用新規売,６ヵ月,特定,2025/03/03,2025/03/05,100,"3,672.3",--,--,--,--
2432,ディー・エヌ・エー,東証,信用新規売,６ヵ月,特定,2025/03/03,2025/03/05,200,"3,861",--,--,--,--
2432,ディー・エヌ・エー,東証,信用新規売,６ヵ月,特定,2025/03/03,2025/03/05,100,"3,686",--,--,--,--
2432,ディー・エヌ・エー,東証,信用新規売,６ヵ月,特定,2025/03/03,2025/03/05,500,"3,675",--,--,--,--
2432,ディー・エヌ・エー,東証,信用新規売,６ヵ月,特定,2025/03/03,2025/03/05,200,"3,862",--,--,--,--
2432,ディー・エヌ・エー,東証,信用新規売,６ヵ月,特定,2025/03/03,2025/03/05,600,"3,688",--,--,--,--
2432,ディー・エヌ・エー,東証,信用新規売,６ヵ月,特定,2025/03/03,2025/03/05,300,"3,676",--,--,--,--
2432,ディー・エヌ・エー,東証,信用新規売,６ヵ月,特定,2025/03/03,2025/03/05,300,"3,687",--,--,--,--
2432,ディー・エヌ・エー,東証,信用新規売,６ヵ月,特定,2025/03/03,2025/03/05,100,"3,746",--,--,--,--
2432,ディー・エヌ・エー,東証,信用新規売,６ヵ月,特定,2025/03/03,2025/03/05,800,"3,680",--,--,--,--
2432,ディー・エヌ・エー,PTS(O),信用新規売,６ヵ月,特定,2025/03/03,2025/03/05,100,"3,863.7",--,--,--,--
2432,ディー・エヌ・エー,PTS(X),信用新規売,６ヵ月,特定,2025/03/03,2025/03/05,200,"3,746.1",--,--,--,--
2432,ディー・エヌ・エー,PTS(X),信用新規売,６ヵ月,特定,2025/03/03,2025/03/05,100,"3,760.3",--,--,--,--
2432,ディー・エヌ・エー,PTS(O),信用新規売,６ヵ月,特定,2025/03/03,2025/03/05,200,"3,863.8",--,--,--,--
2432,ディー・エヌ・エー,PTS(J),信用新規売,６ヵ月,特定,2025/03/03,2025/03/05,100,"3,746.2",--,--,--,--
2432,ディー・エヌ・エー,PTS(O),信用新規売,６ヵ月,特定,2025/03/03,2025/03/05,100,"3,680.1",--,--,--,--
2432,ディー・エヌ・エー,PTS(O),信用新規売,６ヵ月,特定,2025/03/03,2025/03/05,100,"3,760.3",--,--,--,--
2432,ディー・エヌ・エー,PTS(O),信用新規売,６ヵ月,特定,2025/03/03,2025/03/05,100,"3,764.5",--,--,--,--
3382,セブン＆アイ・ホールディングス,東証,信用新規売,６ヵ月,特定,2025/03/03,2025/03/05,700,"2,177",--,--,--,--
3382,セブン＆アイ・ホールディングス,東証,信用新規売,６ヵ月,特定,2025/03/03,2025/03/05,400,"2,177.5",--,--,--,--
3382,セブン＆アイ・ホールディングス,PTS(X),信用新規売,６ヵ月,特定,2025/03/03,2025/03/05,100,"2,177.1",--,--,--,--
3382,セブン＆アイ・ホールディングス,PTS(X),信用新規売,６ヵ月,特定,2025/03/03,2025/03/05,100,"2,158.3",--,--,--,--
3382,セブン＆アイ・ホールディングス,PTS(X),信用新規売,６ヵ月,特定,2025/03/03,2025/03/05,100,"2,158.4",--,--,--,--
3382,セブン＆アイ・ホールディングス,PTS(X),信用新規売,６ヵ月,特定,2025/03/03,2025/03/05,300,"2,188.6",--,--,--,--
3382,セブン＆アイ・ホールディングス,PTS(X),信用新規売,６ヵ月,特定,2025/03/03,2025/03/05,100,"2,177.1",--,--,--,--
3382,セブン＆アイ・ホールディングス,PTS(J),信用新規売,６ヵ月,特定,2025/03/03,2025/03/05,100,"2,177",--,--,--,--
3382,セブン＆アイ・ホールディングス,PTS(X),信用新規売,６ヵ月,特定,2025/03/03,2025/03/05,200,"2,177",--,--,--,--
3382,セブン＆アイ・ホールディングス,PTS(O),信用新規売,６ヵ月,特定,2025/03/03,2025/03/05,"1,000","2,189",--,--,--,--
3382,セブン＆アイ・ホールディングス,東証,信用新規売,６ヵ月,特定,2025/03/03,2025/03/05,600,"2,177",--,--,--,--
3382,セブン＆アイ・ホールディングス,東証,信用新規売,６ヵ月,特定,2025/03/03,2025/03/05,600,"2,177",--,--,--,--
3382,セブン＆アイ・ホールディングス,PTS(X),信用新規売,６ヵ月,特定,2025/03/03,2025/03/05,200,"2,177",--,--,--,--
3382,セブン＆アイ・ホールディングス,PTS(X),信用新規売,６ヵ月,特定,2025/03/03,2025/03/05,200,"2,162.9",--,--,--,--
3382,セブン＆アイ・ホールディングス,PTS(O),信用新規売,６ヵ月,特定,2025/03/03,2025/03/05,100,"2,162.9",--,--,--,--
3382,セブン＆アイ・ホールディングス,PTS(O),信用新規売,６ヵ月,特定,2025/03/03,2025/03/05,700,"2,188.6",--,--,--,--
9697,カプコン,PTS(X),信用新規売,６ヵ月,特定,2025/03/03,2025/03/05,100,"3,665.7",--,--,--,--
9697,カプコン,東証,信用新規売,６ヵ月,特定,2025/03/03,2025/03/05,200,"3,649",--,--,--,--
9697,カプコン,PTS(X),信用新規売,６ヵ月,特定,2025/03/03,2025/03/05,100,"3,665.6",--,--,--,--
9697,カプコン,PTS(X),信用新規売,６ヵ月,特定,2025/03/03,2025/03/05,200,"3,665.4",--,--,--,--
9697,カプコン,PTS(O),信用新規売,６ヵ月,特定,2025/03/03,2025/03/05,100,"3,665.6",--,--,--,--
2327,日鉄ソリューションズ,PTS(X),信用返済売,６ヵ月,特定,2025/03/03,2025/03/05,100,"3,976.7",60,--,"6,020",--
2327,日鉄ソリューションズ,PTS(X),信用返済売,６ヵ月,特定,2025/03/03,2025/03/05,100,"3,976.8",60,--,"6,020",--
325A,ＴＥＮＴＩＡＬ,東証,信用返済売,６ヵ月,特定,2025/03/03,2025/03/05,200,"2,896",46,--,"-32,846",--
325A,ＴＥＮＴＩＡＬ,PTS(O),信用返済売,６ヵ月,特定,2025/03/03,2025/03/05,100,"2,896",23,--,"-16,423",--
3382,セブン＆アイ・ホールディングス,東証,信用返済売,６ヵ月,特定,2025/03/03,2025/03/05,100,"2,188",17,--,"-2,917",--
3382,セブン＆アイ・ホールディングス,東証,信用返済売,６ヵ月,特定,2025/03/03,2025/03/05,100,"2,188",17,--,"-3,217",--
3382,セブン＆アイ・ホールディングス,東証,信用返済売,６ヵ月,特定,2025/03/03,2025/03/05,100,"2,188",17,--,"-2,947",--
3382,セブン＆アイ・ホールディングス,東証,信用返済売,６ヵ月,特定,2025/03/03,2025/03/05,700,"2,188.5",118,--,"-18,248",--
3382,セブン＆アイ・ホールディングス,東証,信用返済売,６ヵ月,特定,2025/03/03,2025/03/05,200,"2,188",34,--,"-6,534",--
3382,セブン＆アイ・ホールディングス,東証,信用返済売,６ヵ月,特定,2025/03/03,2025/03/05,100,"2,188",17,--,"-2,967",--
3382,セブン＆アイ・ホールディングス,東証,信用返済売,６ヵ月,特定,2025/03/03,2025/03/05,100,"2,188",17,--,"-2,967",--
3382,セブン＆アイ・ホールディングス,東証,信用返済売,６ヵ月,特定,2025/03/03,2025/03/05,100,"2,188",17,--,"-2,957",--
3382,セブン＆アイ・ホールディングス,東証,信用返済売,６ヵ月,特定,2025/03/03,2025/03/05,100,"2,188",17,--,"-2,957",--
3382,セブン＆アイ・ホールディングス,東証,信用返済売,６ヵ月,特定,2025/03/03,2025/03/05,100,"2,188",17,--,"-3,197",--
3382,セブン＆アイ・ホールディングス,東証,信用返済売,６ヵ月,特定,2025/03/03,2025/03/05,100,"2,188.5",17,--,"-2,917",--
3382,セブン＆アイ・ホールディングス,東証,信用返済売,６ヵ月,特定,2025/03/03,2025/03/05,100,"2,188.5",17,--,"-2,857",--
3382,セブン＆アイ・ホールディングス,東証,信用返済売,６ヵ月,特定,2025/03/03,2025/03/05,100,"2,187.5",17,--,"-3,317",--
3382,セブン＆アイ・ホールディングス,東証,信用返済売,６ヵ月,特定,2025/03/03,2025/03/05,200,"2,188",34,--,"-5,934",--
3382,セブン＆アイ・ホールディングス,東証,信用返済売,６ヵ月,特定,2025/03/03,2025/03/05,200,"2,188",34,--,"-6,534",--
3382,セブン＆アイ・ホールディングス,東証,信用返済売,６ヵ月,特定,2025/03/03,2025/03/05,100,"2,188.5",16,--,"-2,596",--
3382,セブン＆アイ・ホールディングス,東証,信用返済売,６ヵ月,特定,2025/03/03,2025/03/05,100,"2,188",17,--,"-3,247",--
3382,セブン＆アイ・ホールディングス,東証,信用返済売,６ヵ月,特定,2025/03/03,2025/03/05,100,"2,188",17,--,"-3,237",--
3382,セブン＆アイ・ホールディングス,東証,信用返済売,６ヵ月,特定,2025/03/03,2025/03/05,100,"2,189",16,--,"-2,466",--
3382,セブン＆アイ・ホールディングス,東証,信用返済売,６ヵ月,特定,2025/03/03,2025/03/05,100,"2,188",17,--,"-3,207",--
3382,セブン＆アイ・ホールディングス,東証,信用返済売,６ヵ月,特定,2025/03/03,2025/03/05,100,"2,189",16,--,"-2,546",--
5803,フジクラ,東証,信用返済売,６ヵ月,特定,2025/03/03,2025/03/05,100,"6,313",48,--,452,--
5803,フジクラ,東証,信用返済売,６ヵ月,特定,2025/03/03,2025/03/05,100,"6,313",48,--,"1,052",--
5803,フジクラ,東証,信用返済売,６ヵ月,特定,2025/03/03,2025/03/05,100,"6,313",48,--,"1,062",--
5803,フジクラ,東証,信用返済売,６ヵ月,特定,2025/03/03,2025/03/05,100,"6,313",48,--,"1,062",--
5803,フジクラ,PTS(O),信用返済売,６ヵ月,特定,2025/03/03,2025/03/05,200,"6,313.1",96,--,"2,144",--
5803,フジクラ,PTS(J),信用返済売,６ヵ月,特定,2025/03/03,2025/03/05,100,"6,313.1",48,--,"1,162",--
5803,フジクラ,PTS(O),信用返済売,６ヵ月,特定,2025/03/03,2025/03/05,100,"6,313.2",48,--,"1,152",--
5803,フジクラ,PTS(O),信用返済売,６ヵ月,特定,2025/03/03,2025/03/05,100,"6,313.9",48,--,"1,232",--
5803,フジクラ,PTS(O),信用返済売,６ヵ月,特定,2025/03/03,2025/03/05,100,"6,313",48,--,432,--
5803,フジクラ,PTS(X),信用返済売,６ヵ月,特定,2025/03/03,2025/03/05,100,"6,313.9",48,--,"1,242",--
5803,フジクラ,PTS(O),信用返済売,６ヵ月,特定,2025/03/03,2025/03/05,100,"6,313.2",48,--,"1,152",--
6448,ブラザー工業,PTS(O),信用返済売,６ヵ月,特定,2025/03/03,2025/03/05,200,"2,948",45,--,"-2,045",--
6448,ブラザー工業,東証,信用返済売,６ヵ月,特定,2025/03/03,2025/03/05,100,"2,948",22,--,"-1,222",--
6448,ブラザー工業,PTS(O),信用返済売,６ヵ月,特定,2025/03/03,2025/03/05,100,"2,948",22,--,"-1,022",--
6857,アドバンテスト,PTS(X),信用返済売,６ヵ月,特定,2025/03/03,2025/03/05,200,"8,092.5",124,--,-4,--
6857,アドバンテスト,PTS(O),信用返済売,６ヵ月,特定,2025/03/03,2025/03/05,100,"8,092.5",62,--,-2,--
6857,アドバンテスト,東証,信用返済売,６ヵ月,特定,2025/03/03,2025/03/05,200,"8,051",247,--,"-1,247",--
6857,アドバンテスト,東証,信用返済売,６ヵ月,特定,2025/03/03,2025/03/05,300,"8,051",187,--,"-25,087",--
6857,アドバンテスト,PTS(O),信用返済売,６ヵ月,特定,2025/03/03,2025/03/05,100,"8,092.4",62,--,-12,--
6857,アドバンテスト,PTS(X),信用返済売,６ヵ月,特定,2025/03/03,2025/03/05,100,"8,092",62,--,-52,--
7013,ＩＨＩ,東証,信用返済売,６ヵ月,特定,2025/03/03,2025/03/05,100,"9,309",71,--,"-1,121",--
7013,ＩＨＩ,PTS(O),信用返済売,６ヵ月,特定,2025/03/03,2025/03/05,200,"9,309",142,--,"-2,262",--
7735,ＳＣＲＥＥＮホールディングス,PTS(X),信用返済売,６ヵ月,特定,2025/03/03,2025/03/05,100,"10,750",83,--,"-13,333",--
7735,ＳＣＲＥＥＮホールディングス,PTS(X),信用返済売,６ヵ月,特定,2025/03/03,2025/03/05,100,"10,750.5",163,--,"8,587",--
9697,カプコン,PTS(X),信用返済売,６ヵ月,特定,2025/03/03,2025/03/05,100,"3,675",29,--,"-13,429",--
9697,カプコン,PTS(O),信用返済売,６ヵ月,特定,2025/03/03,2025/03/05,100,"3,675.2",29,--,"-13,409",--
9697,カプコン,PTS(X),信用返済売,６ヵ月,特定,2025/03/03,2025/03/05,100,"3,675.1",29,--,"-13,419",--
9697,カプコン,東証,信用返済売,６ヵ月,特定,2025/03/03,2025/03/05,300,"3,675",87,--,"-40,287",--
9697,カプコン,PTS(O),信用返済売,６ヵ月,特定,2025/03/03,2025/03/05,200,"3,675",58,--,"-26,858",--
9697,カプコン,東証,信用返済売,６ヵ月,特定,2025/03/03,2025/03/05,200,"3,674",58,--,"-27,058",--
325A,ＴＥＮＴＩＡＬ,東証,信用新規買,６ヵ月,特定,2025/03/03,2025/03/05,300,"3,060",--,--,--,--
3382,セブン＆アイ・ホールディングス,東証,信用新規買,６ヵ月,特定,2025/03/03,2025/03/05,200,"2,220.5",--,--,--,--
3382,セブン＆アイ・ホールディングス,PTS(X),信用新規買,６ヵ月,特定,2025/03/03,2025/03/05,100,"2,217.4",--,--,--,--
3382,セブン＆アイ・ホールディングス,PTS(X),信用新規買,６ヵ月,特定,2025/03/03,2025/03/05,100,"2,216.9",--,--,--,--
3382,セブン＆アイ・ホールディングス,PTS(O),信用新規買,６ヵ月,特定,2025/03/03,2025/03/05,100,"2,219.8",--,--,--,--
3382,セブン＆アイ・ホールディングス,PTS(O),信用新規買,６ヵ月,特定,2025/03/03,2025/03/05,100,"2,217.4",--,--,--,--
3382,セブン＆アイ・ホールディングス,PTS(J),信用新規買,６ヵ月,特定,2025/03/03,2025/03/05,100,"2,217.5",--,--,--,--
3382,セブン＆アイ・ホールディングス,PTS(X),信用新規買,６ヵ月,特定,2025/03/03,2025/03/05,100,"2,220.3",--,--,--,--
3382,セブン＆アイ・ホールディングス,PTS(X),信用新規買,６ヵ月,特定,2025/03/03,2025/03/05,100,"2,217.3",--,--,--,--
3382,セブン＆アイ・ホールディングス,PTS(X),信用新規買,６ヵ月,特定,2025/03/03,2025/03/05,100,"2,220.2",--,--,--,--
3382,セブン＆アイ・ホールディングス,PTS(O),信用新規買,６ヵ月,特定,2025/03/03,2025/03/05,100,"2,217.5",--,--,--,--
3382,セブン＆アイ・ホールディングス,PTS(X),信用新規買,６ヵ月,特定,2025/03/03,2025/03/05,100,"2,217",--,--,--,--
3382,セブン＆アイ・ホールディングス,PTS(X),信用新規買,６ヵ月,特定,2025/03/03,2025/03/05,100,"2,219.9",--,--,--,--
3382,セブン＆アイ・ホールディングス,PTS(O),信用新規買,６ヵ月,特定,2025/03/03,2025/03/05,100,"2,214.3",--,--,--,--
3382,セブン＆アイ・ホールディングス,PTS(X),信用新規買,６ヵ月,特定,2025/03/03,2025/03/05,700,"2,214.4",--,--,--,--
3382,セブン＆アイ・ホールディングス,PTS(O),信用新規買,６ヵ月,特定,2025/03/03,2025/03/05,200,"2,220.5",--,--,--,--
3382,セブン＆アイ・ホールディングス,PTS(X),信用新規買,６ヵ月,特定,2025/03/03,2025/03/05,100,"2,213.5",--,--,--,--
3382,セブン＆アイ・ホールディングス,PTS(J),信用新規買,６ヵ月,特定,2025/03/03,2025/03/05,100,"2,220.5",--,--,--,--
3382,セブン＆アイ・ホールディングス,PTS(X),信用新規買,６ヵ月,特定,2025/03/03,2025/03/05,100,"2,214.3",--,--,--,--
3382,セブン＆アイ・ホールディングス,PTS(X),信用新規買,６ヵ月,特定,2025/03/03,2025/03/05,100,"2,220",--,--,--,--
3382,セブン＆アイ・ホールディングス,東証,信用新規買,６ヵ月,特定,2025/03/03,2025/03/05,300,"2,217.5",--,--,--,--
5803,フジクラ,PTS(X),信用新規買,６ヵ月,特定,2025/03/03,2025/03/05,100,"6,308",--,--,--,--
5803,フジクラ,PTS(O),信用新規買,６ヵ月,特定,2025/03/03,2025/03/05,300,"6,301.9",--,--,--,--
5803,フジクラ,PTS(O),信用新規買,６ヵ月,特定,2025/03/03,2025/03/05,100,"6,301.2",--,--,--,--
5803,フジクラ,PTS(O),信用新規買,６ヵ月,特定,2025/03/03,2025/03/05,100,"6,301",--,--,--,--
5803,フジクラ,PTS(O),信用新規買,６ヵ月,特定,2025/03/03,2025/03/05,100,"6,308.2",--,--,--,--
5803,フジクラ,PTS(X),信用新規買,６ヵ月,特定,2025/03/03,2025/03/05,100,"6,301.2",--,--,--,--
5803,フジクラ,PTS(X),信用新規買,６ヵ月,特定,2025/03/03,2025/03/05,100,"6,301",--,--,--,--
5803,フジクラ,PTS(J),信用新規買,６ヵ月,特定,2025/03/03,2025/03/05,100,"6,301.9",--,--,--,--
5803,フジクラ,PTS(O),信用新規買,６ヵ月,特定,2025/03/03,2025/03/05,100,"6,302",--,--,--,--
5803,フジクラ,PTS(X),信用新規買,６ヵ月,特定,2025/03/03,2025/03/05,100,"6,301.1",--,--,--,--
6448,ブラザー工業,PTS(O),信用新規買,６ヵ月,特定,2025/03/03,2025/03/05,100,"2,958",--,--,--,--
6448,ブラザー工業,東証,信用新規買,６ヵ月,特定,2025/03/03,2025/03/05,200,"2,958",--,--,--,--
6448,ブラザー工業,東証,信用新規買,６ヵ月,特定,2025/03/03,2025/03/05,100,"2,960",--,--,--,--
6857,アドバンテスト,東証,信用新規買,６ヵ月,特定,2025/03/03,2025/03/05,300,"8,134",--,--,--,--
6857,アドバンテスト,PTS(X),信用新規買,６ヵ月,特定,2025/03/03,2025/03/05,500,"8,091.9",--,--,--,--
6857,アドバンテスト,東証,信用新規買,６ヵ月,特定,2025/03/03,2025/03/05,300,"8,130",--,--,--,--
7013,ＩＨＩ,PTS(X),信用新規買,６ヵ月,特定,2025/03/03,2025/03/05,200,"9,319.6",--,--,--,--
7013,ＩＨＩ,PTS(X),信用新規買,６ヵ月,特定,2025/03/03,2025/03/05,100,"9,319.5",--,--,--,--
7735,ＳＣＲＥＥＮホールディングス,PTS(O),信用新規買,６ヵ月,特定,2025/03/03,2025/03/05,100,"10,882.5",--,--,--,--
9697,カプコン,東証,信用新規買,６ヵ月,特定,2025/03/03,2025/03/05,"1,000","3,809",--,--,--,--
2432,ディー・エヌ・エー,東証,信用返済買,６ヵ月,特定,2025/03/03,2025/03/05,100,"3,760",11,--,"10,089",--
2432,ディー・エヌ・エー,東証,信用返済買,６ヵ月,特定,2025/03/03,2025/03/05,100,"3,760",11,--,"10,189",--
2432,ディー・エヌ・エー,東証,信用返済買,６ヵ月,特定,2025/03/03,2025/03/05,100,"3,717",11,--,"2,889",--
2432,ディー・エヌ・エー,東証,信用返済買,６ヵ月,特定,2025/03/03,2025/03/05,300,"3,680",33,--,-33,--
2432,ディー・エヌ・エー,東証,信用返済買,６ヵ月,特定,2025/03/03,2025/03/05,100,"3,687",11,--,"-1,481",--
2432,ディー・エヌ・エー,東証,信用返済買,６ヵ月,特定,2025/03/03,2025/03/05,200,"3,718",22,--,"5,598",--
2432,ディー・エヌ・エー,東証,信用返済買,６ヵ月,特定,2025/03/03,2025/03/05,100,"3,687",11,--,"-1,471",--
2432,ディー・エヌ・エー,東証,信用返済買,６ヵ月,特定,2025/03/03,2025/03/05,300,"3,686",33,--,"-3,333",--
2432,ディー・エヌ・エー,東証,信用返済買,６ヵ月,特定,2025/03/03,2025/03/05,100,"3,718",11,--,"2,809",--
2432,ディー・エヌ・エー,東証,信用返済買,６ヵ月,特定,2025/03/03,2025/03/05,200,"3,760",23,--,"20,377",--
2432,ディー・エヌ・エー,PTS(O),信用返済買,６ヵ月,特定,2025/03/03,2025/03/05,100,"3,759.9",11,--,"10,099",--
2432,ディー・エヌ・エー,PTS(X),信用返済買,６ヵ月,特定,2025/03/03,2025/03/05,100,"3,716.6",11,--,"4,779",--
2432,ディー・エヌ・エー,PTS(X),信用返済買,６ヵ月,特定,2025/03/03,2025/03/05,100,"3,679.9",11,--,-1,--
2432,ディー・エヌ・エー,PTS(O),信用返済買,６ヵ月,特定,2025/03/03,2025/03/05,100,"3,679.9",11,--,-1,--
2432,ディー・エヌ・エー,PTS(O),信用返済買,６ヵ月,特定,2025/03/03,2025/03/05,200,"3,685.8",22,--,"-1,182",--
2432,ディー・エヌ・エー,PTS(J),信用返済買,６ヵ月,特定,2025/03/03,2025/03/05,100,"3,685.9",11,--,"-1,101",--
2432,ディー・エヌ・エー,PTS(O),信用返済買,６ヵ月,特定,2025/03/03,2025/03/05,100,"3,685.9",11,--,"-1,001",--
2432,ディー・エヌ・エー,PTS(O),信用返済買,６ヵ月,特定,2025/03/03,2025/03/05,200,"3,759.9",23,--,"20,757",--
2432,ディー・エヌ・エー,PTS(O),信用返済買,６ヵ月,特定,2025/03/03,2025/03/05,100,"3,759.9",11,--,"10,199",--
2432,ディー・エヌ・エー,PTS(O),信用返済買,６ヵ月,特定,2025/03/03,2025/03/05,100,"3,759.9",11,--,"10,369",--
2432,ディー・エヌ・エー,PTS(X),信用返済買,６ヵ月,特定,2025/03/03,2025/03/05,100,"3,685.6",11,--,-971,--
2432,ディー・エヌ・エー,PTS(O),信用返済買,６ヵ月,特定,2025/03/03,2025/03/05,100,"3,685.8",11,--,-581,--
2432,ディー・エヌ・エー,PTS(J),信用返済買,６ヵ月,特定,2025/03/03,2025/03/05,100,"3,685.7",11,--,-571,--
2432,ディー・エヌ・エー,PTS(J),信用返済買,６ヵ月,特定,2025/03/03,2025/03/05,100,"3,685.9",11,--,"-1,001",--
2432,ディー・エヌ・エー,PTS(X),信用返済買,６ヵ月,特定,2025/03/03,2025/03/05,100,"3,685.7",11,--,"-1,081",--
2432,ディー・エヌ・エー,PTS(O),信用返済買,６ヵ月,特定,2025/03/03,2025/03/05,100,"3,716.6",11,--,"4,359",--
2432,ディー・エヌ・エー,PTS(O),信用返済買,６ヵ月,特定,2025/03/03,2025/03/05,100,"3,716.9",11,--,"4,329",--
2432,ディー・エヌ・エー,PTS(X),信用返済買,６ヵ月,特定,2025/03/03,2025/03/05,100,"3,683.7",11,--,-381,--
2432,ディー・エヌ・エー,東証,信用返済買,６ヵ月,特定,2025/03/03,2025/03/05,100,"3,717",11,--,"2,899",--
3382,セブン＆アイ・ホールディングス,東証,信用返済買,６ヵ月,特定,2025/03/03,2025/03/05,600,"2,181.5",39,--,"-2,739",--
3382,セブン＆アイ・ホールディングス,東証,信用返済買,６ヵ月,特定,2025/03/03,2025/03/05,600,"2,181.5",39,--,"-2,739",--
3382,セブン＆アイ・ホールディングス,PTS(O),信用返済買,６ヵ月,特定,2025/03/03,2025/03/05,200,"2,185.1",13,--,687,--
3382,セブン＆アイ・ホールディングス,PTS(J),信用返済買,６ヵ月,特定,2025/03/03,2025/03/05,200,"2,185.3",13,--,727,--
3382,セブン＆アイ・ホールディングス,PTS(X),信用返済買,６ヵ月,特定,2025/03/03,2025/03/05,300,"2,185.2",19,--,"1,001",--
3382,セブン＆アイ・ホールディングス,PTS(X),信用返済買,６ヵ月,特定,2025/03/03,2025/03/05,200,"2,185",13,--,707,--
3382,セブン＆アイ・ホールディングス,PTS(X),信用返済買,６ヵ月,特定,2025/03/03,2025/03/05,100,"2,185",6,--,354,--
3382,セブン＆アイ・ホールディングス,東証,信用返済買,６ヵ月,特定,2025/03/03,2025/03/05,700,"2,181.5",45,--,"-3,195",--
3382,セブン＆アイ・ホールディングス,東証,信用返済買,６ヵ月,特定,2025/03/03,2025/03/05,100,"2,182",6,--,-496,--
3382,セブン＆アイ・ホールディングス,東証,信用返済買,６ヵ月,特定,2025/03/03,2025/03/05,100,"2,182",6,--,-496,--
3382,セブン＆アイ・ホールディングス,東証,信用返済買,６ヵ月,特定,2025/03/03,2025/03/05,400,"2,182",26,--,"-1,826",--
3382,セブン＆アイ・ホールディングス,東証,信用返済買,６ヵ月,特定,2025/03/03,2025/03/05,100,"2,182",6,--,-506,--
3382,セブン＆アイ・ホールディングス,東証,信用返済買,６ヵ月,特定,2025/03/03,2025/03/05,200,"2,182",13,--,"-1,013",--
3382,セブン＆アイ・ホールディングス,東証,信用返済買,６ヵ月,特定,2025/03/03,2025/03/05,200,"2,182",13,--,"-1,013",--
3382,セブン＆アイ・ホールディングス,PTS(X),信用返済買,６ヵ月,特定,2025/03/03,2025/03/05,200,"2,158.2",13,--,"6,147",--
3382,セブン＆アイ・ホールディングス,PTS(X),信用返済買,６ヵ月,特定,2025/03/03,2025/03/05,200,"2,185",13,--,787,--
3382,セブン＆アイ・ホールディングス,PTS(O),信用返済買,６ヵ月,特定,2025/03/03,2025/03/05,100,"2,158.2",6,--,"3,074",--
3382,セブン＆アイ・ホールディングス,PTS(X),信用返済買,６ヵ月,特定,2025/03/03,2025/03/05,100,"2,158.3",6,--,"3,064",--
3382,セブン＆アイ・ホールディングス,PTS(X),信用返済買,６ヵ月,特定,2025/03/03,2025/03/05,100,"2,185.4",6,--,"-2,706",--
3382,セブン＆アイ・ホールディングス,PTS(O),信用返済買,６ヵ月,特定,2025/03/03,2025/03/05,100,"2,185",6,--,394,--
3382,セブン＆アイ・ホールディングス,PTS(X),信用返済買,６ヵ月,特定,2025/03/03,2025/03/05,200,"2,185.1",13,--,687,--
3382,セブン＆アイ・ホールディングス,PTS(X),信用返済買,６ヵ月,特定,2025/03/03,2025/03/05,100,"2,185.4",6,--,"-2,256",--
3382,セブン＆アイ・ホールディングス,PTS(X),信用返済買,６ヵ月,特定,2025/03/03,2025/03/05,100,"2,185.4",6,--,"-2,256",--
3382,セブン＆アイ・ホールディングス,PTS(X),信用返済買,６ヵ月,特定,2025/03/03,2025/03/05,100,"2,185.4",6,--,"-2,716",--
3382,セブン＆アイ・ホールディングス,PTS(X),信用返済買,６ヵ月,特定,2025/03/03,2025/03/05,100,"2,158.1",6,--,"3,084",--
3382,セブン＆アイ・ホールディングス,PTS(X),信用返済買,６ヵ月,特定,2025/03/03,2025/03/05,100,"2,185.3",6,--,"-2,246",--
9697,カプコン,東証,信用返済買,６ヵ月,特定,2025/03/03,2025/03/05,200,"3,719",21,--,"-14,021",--
9697,カプコン,PTS(X),信用返済買,６ヵ月,特定,2025/03/03,2025/03/05,100,"3,717.9",11,--,"-5,261",--
9697,カプコン,PTS(O),信用返済買,６ヵ月,特定,2025/03/03,2025/03/05,100,"3,717.8",11,--,"-5,251",--
9697,カプコン,東証,信用返済買,６ヵ月,特定,2025/03/03,2025/03/05,100,"3,719",11,--,"-5,351",--
9697,カプコン,東証,信用返済買,６ヵ月,特定,2025/03/03,2025/03/05,100,"3,718",11,--,"-5,241",--
9697,カプコン,PTS(O),信用返済買,６ヵ月,特定,2025/03/03,2025/03/05,100,"3,717.9",11,--,"-5,241",--
3382,セブン＆アイ・ホールディングス,PTS(O),現物売,--,特定,2025/02/28,2025/03/04,100,"2,140.6",--,--,"214,060",--
8016,オンワードホールディングス,PTS(O),現物売,--,特定,2025/02/28,2025/03/04,300,539.4,--,--,"161,820",--
8016,オンワードホールディングス,PTS(X),現物売,--,特定,2025/02/28,2025/03/04,100,539.3,--,--,"53,930",--
8016,オンワードホールディングス,PTS(X),現物売,--,特定,2025/02/28,2025/03/04,100,539.2,--,--,"53,920",--
8016,オンワードホールディングス,PTS(X),現物売,--,特定,2025/02/28,2025/03/04,200,539.4,--,--,"107,880",--
8016,オンワードホールディングス,PTS(X),現物売,--,特定,2025/02/28,2025/03/04,200,539.5,--,--,"107,900",--
6857,アドバンテスト,PTS(X),信用新規売,６ヵ月,特定,2025/02/28,2025/03/04,100,"8,025.1",--,--,--,--
6857,アドバンテスト,東証,信用新規売,６ヵ月,特定,2025/02/28,2025/03/04,300,"8,030",--,--,--,--
6857,アドバンテスト,東証,信用新規売,６ヵ月,特定,2025/02/28,2025/03/04,100,"8,025",--,--,--,--
6857,アドバンテスト,東証,信用新規売,６ヵ月,特定,2025/02/28,2025/03/04,100,"8,024",--,--,--,--
6857,アドバンテスト,東証,信用新規売,６ヵ月,特定,2025/02/28,2025/03/04,800,"8,035",--,--,--,--
6857,アドバンテスト,東証,信用新規売,６ヵ月,特定,2025/02/28,2025/03/04,"1,200","8,036",--,--,--,--
1515,日鉄鉱業,PTS(O),信用返済売,６ヵ月,特定,2025/02/28,2025/03/04,100,"5,714",915,--,"51,585",--
2221,岩塚製菓,PTS(O),信用返済売,６ヵ月,特定,2025/02/28,2025/03/04,100,"2,799.3",168,--,"5,462",--
2501,サッポロホールディングス,PTS(X),信用返済売,６ヵ月,特定,2025/02/28,2025/03/04,100,"8,011.5",494,--,"98,556",--
2760,東京エレクトロン　デバイス,東証,信用返済売,６ヵ月,特定,2025/02/28,2025/03/04,100,"3,180","1,389",--,"28,851",--
2760,東京エレクトロン　デバイス,東証,信用返済売,６ヵ月,特定,2025/02/28,2025/03/04,100,"3,180","1,389",--,"28,841",--
2760,東京エレクトロン　デバイス,東証,信用返済売,６ヵ月,特定,2025/02/28,2025/03/04,200,"3,175","2,778",--,"56,762",--
2760,東京エレクトロン　デバイス,PTS(O),信用返済売,６ヵ月,特定,2025/02/28,2025/03/04,100,"3,180","1,498",--,"28,852",--
3382,セブン＆アイ・ホールディングス,PTS(X),信用返済売,６ヵ月,特定,2025/02/28,2025/03/04,300,"2,124.9",97,--,"4,373",--
3382,セブン＆アイ・ホールディングス,PTS(X),信用返済売,６ヵ月,特定,2025/02/28,2025/03/04,300,"2,124.8",450,--,"-80,220",--
3382,セブン＆アイ・ホールディングス,PTS(O),信用返済売,６ヵ月,特定,2025/02/28,2025/03/04,100,"2,124.6",187,--,"-27,807",--
3382,セブン＆アイ・ホールディングス,PTS(X),信用返済売,６ヵ月,特定,2025/02/28,2025/03/04,100,"2,124.8",187,--,"-27,777",--
3382,セブン＆アイ・ホールディングス,PTS(O),信用返済売,６ヵ月,特定,2025/02/28,2025/03/04,200,"2,124.6",374,--,"-55,614",--
3382,セブン＆アイ・ホールディングス,PTS(O),信用返済売,６ヵ月,特定,2025/02/28,2025/03/04,100,"2,124.6",187,--,"-27,787",--
3382,セブン＆アイ・ホールディングス,PTS(X),信用返済売,６ヵ月,特定,2025/02/28,2025/03/04,100,"2,125",32,--,"1,468",--
3382,セブン＆アイ・ホールディングス,PTS(X),信用返済売,６ヵ月,特定,2025/02/28,2025/03/04,100,"2,124.9",150,--,"-26,730",--
3382,セブン＆アイ・ホールディングス,PTS(O),信用返済売,６ヵ月,特定,2025/02/28,2025/03/04,100,"2,124.7",187,--,"-27,787",--
3382,セブン＆アイ・ホールディングス,PTS(O),信用返済売,６ヵ月,特定,2025/02/28,2025/03/04,100,"2,125",150,--,"-26,720",--
3382,セブン＆アイ・ホールディングス,PTS(O),信用返済売,６ヵ月,特定,2025/02/28,2025/03/04,100,"2,125.1",32,--,"1,478",--
3382,セブン＆アイ・ホールディングス,PTS(O),信用返済売,６ヵ月,特定,2025/02/28,2025/03/04,100,"2,124.6",187,--,"-27,807",--
3382,セブン＆アイ・ホールディングス,東証,信用返済売,６ヵ月,特定,2025/02/28,2025/03/04,100,"2,124.5",187,--,"-27,807",--
3382,セブン＆アイ・ホールディングス,東証,信用返済売,６ヵ月,特定,2025/02/28,2025/03/04,200,"2,124.5",374,--,"-55,614",--
3443,川田テクノロジーズ,PTS(X),信用返済売,６ヵ月,特定,2025/02/28,2025/03/04,100,"2,997.2",573,--,"31,957",--
3443,川田テクノロジーズ,PTS(X),信用返済売,６ヵ月,特定,2025/02/28,2025/03/04,100,"2,997.1",574,--,"31,626",--
3844,コムチュア,PTS(X),信用返済売,６ヵ月,特定,2025/02/28,2025/03/04,100,"1,830.9",198,--,"-15,758",--
3844,コムチュア,東証,信用返済売,６ヵ月,特定,2025/02/28,2025/03/04,200,"1,815",27,--,-807,--
3844,コムチュア,PTS(O),信用返済売,６ヵ月,特定,2025/02/28,2025/03/04,100,"1,830.9",198,--,"-15,748",--
4298,プロトコーポレーション,PTS(X),信用返済売,６ヵ月,特定,2025/02/28,2025/03/04,100,"2,126",198,--,"-2,798",--
4298,プロトコーポレーション,PTS(O),信用返済売,６ヵ月,特定,2025/02/28,2025/03/04,100,"2,126.1",198,--,"-2,788",--
4298,プロトコーポレーション,PTS(O),信用返済売,６ヵ月,特定,2025/02/28,2025/03/04,100,"2,126",198,--,"-2,798",--
4298,プロトコーポレーション,東証,信用返済売,６ヵ月,特定,2025/02/28,2025/03/04,100,"2,126",198,--,"-3,688",--
4516,日本新薬,PTS(O),信用返済売,６ヵ月,特定,2025/02/28,2025/03/04,100,"3,958.2",394,--,326,--
4626,太陽ホールディングス,PTS(X),信用返済売,６ヵ月,特定,2025/02/28,2025/03/04,100,"4,026.5",370,--,-470,--
4631,ＤＩＣ,PTS(X),信用返済売,６ヵ月,特定,2025/02/28,2025/03/04,100,"3,185",306,--,"-15,206",--
4676,フジ・メディア・ホールディングス,東証,信用返済売,無期限,特定,2025/02/28,2025/03/04,100,"2,462.5",167,--,"-26,517",--
4676,フジ・メディア・ホールディングス,PTS(O),信用返済売,無期限,特定,2025/02/28,2025/03/04,200,"2,463.4",334,--,"-52,854",--
4676,フジ・メディア・ホールディングス,東証,信用返済売,無期限,特定,2025/02/28,2025/03/04,100,"2,463",167,--,"-26,467",--
4676,フジ・メディア・ホールディングス,東証,信用返済売,無期限,特定,2025/02/28,2025/03/04,100,"2,463.5",167,--,"-26,417",--
4676,フジ・メディア・ホールディングス,PTS(X),信用返済売,無期限,特定,2025/02/28,2025/03/04,200,"2,463.1",334,--,"-52,914",--
4676,フジ・メディア・ホールディングス,PTS(J),信用返済売,無期限,特定,2025/02/28,2025/03/04,100,"2,463.1",167,--,"-26,457",--
4676,フジ・メディア・ホールディングス,PTS(O),信用返済売,無期限,特定,2025/02/28,2025/03/04,200,"2,463.1",334,--,"-52,914",--
4783,ＮＣＤ,PTS(O),信用返済売,６ヵ月,特定,2025/02/28,2025/03/04,100,"2,652.2",274,--,"9,626",--
4783,ＮＣＤ,PTS(O),信用返済売,６ヵ月,特定,2025/02/28,2025/03/04,200,"2,652.3",542,--,"25,018",--
4783,ＮＣＤ,PTS(O),信用返済売,６ヵ月,特定,2025/02/28,2025/03/04,100,"2,652.3",271,--,"12,519",--
4911,資生堂,PTS(X),信用返済売,６ヵ月,特定,2025/02/28,2025/03/04,100,"2,697.2",221,--,"29,099",--
4911,資生堂,PTS(X),信用返済売,６ヵ月,特定,2025/02/28,2025/03/04,100,"2,697.3",221,--,"29,099",--
5715,古河機械金属,PTS(X),信用返済売,無期限,特定,2025/02/28,2025/03/04,100,"2,064.4",137,--,"-18,497",--
5715,古河機械金属,PTS(O),信用返済売,無期限,特定,2025/02/28,2025/03/04,100,"2,064.4",137,--,"-18,497",--
6135,牧野フライス製作所,PTS(O),信用返済売,６ヵ月,特定,2025/02/28,2025/03/04,100,"11,563","4,129",--,"-16,729",--
6254,野村マイクロ・サイエンス,東証,信用返済売,６ヵ月,特定,2025/02/28,2025/03/04,100,"2,571",19,--,-79,--
6254,野村マイクロ・サイエンス,東証,信用返済売,無期限,特定,2025/02/28,2025/03/04,200,"2,573",314,--,"2,486",--
6254,野村マイクロ・サイエンス,東証,信用返済売,６ヵ月,特定,2025/02/28,2025/03/04,100,"2,570",19,--,-319,--
6254,野村マイクロ・サイエンス,東証,信用返済売,無期限,特定,2025/02/28,2025/03/04,500,"2,574",784,--,"7,216",--
6254,野村マイクロ・サイエンス,東証,信用返済売,６ヵ月,特定,2025/02/28,2025/03/04,300,"2,570",59,--,-539,--
6254,野村マイクロ・サイエンス,東証,信用返済売,６ヵ月,特定,2025/02/28,2025/03/04,300,"2,570",59,--,-959,--
6254,野村マイクロ・サイエンス,東証,信用返済売,無期限,特定,2025/02/28,2025/03/04,300,"2,574",471,--,"4,029",--
6254,野村マイクロ・サイエンス,東証,信用返済売,６ヵ月,特定,2025/02/28,2025/03/04,100,"2,570",19,--,-189,--
6254,野村マイクロ・サイエンス,東証,信用返済売,６ヵ月,特定,2025/02/28,2025/03/04,100,"2,570",19,--,-319,--
6857,アドバンテスト,PTS(O),信用返済売,６ヵ月,特定,2025/02/28,2025/03/04,300,"8,039.1",185,--,"-6,455",--
6857,アドバンテスト,PTS(O),信用返済売,６ヵ月,特定,2025/02/28,2025/03/04,100,"8,096",61,--,"4,039",--
6857,アドバンテスト,PTS(O),信用返済売,６ヵ月,特定,2025/02/28,2025/03/04,100,"8,112.1",62,--,"2,828",--
6857,アドバンテスト,PTS(J),信用返済売,６ヵ月,特定,2025/02/28,2025/03/04,100,"8,039.1",61,--,"-2,151",--
6857,アドバンテスト,PTS(X),信用返済売,６ヵ月,特定,2025/02/28,2025/03/04,200,"8,052.2",124,--,"-12,884",--
6857,アドバンテスト,PTS(O),信用返済売,６ヵ月,特定,2025/02/28,2025/03/04,100,"8,052.5",62,--,"-6,412",--
6857,アドバンテスト,PTS(O),信用返済売,６ヵ月,特定,2025/02/28,2025/03/04,100,"8,103",61,--,"3,559",--
6857,アドバンテスト,PTS(O),信用返済売,６ヵ月,特定,2025/02/28,2025/03/04,100,"8,095",61,--,"3,939",--
6857,アドバンテスト,東証,信用返済売,６ヵ月,特定,2025/02/28,2025/03/04,100,"8,112","1,368",--,"-52,168",--
6857,アドバンテスト,東証,信用返済売,６ヵ月,特定,2025/02/28,2025/03/04,100,"8,103",61,--,"3,269",--
6857,アドバンテスト,東証,信用返済売,６ヵ月,特定,2025/02/28,2025/03/04,800,"8,116",494,--,"47,506",--
6857,アドバンテスト,東証,信用返済売,６ヵ月,特定,2025/02/28,2025/03/04,100,"8,112",63,--,"-15,063",--
6857,アドバンテスト,東証,信用返済売,６ヵ月,特定,2025/02/28,2025/03/04,500,"8,039",309,--,"-10,809",--
6857,アドバンテスト,東証,信用返済売,６ヵ月,特定,2025/02/28,2025/03/04,500,"8,116",308,--,"30,192",--
6857,アドバンテスト,東証,信用返済売,６ヵ月,特定,2025/02/28,2025/03/04,100,"8,112",62,--,"-8,252",--
6857,アドバンテスト,東証,信用返済売,６ヵ月,特定,2025/02/28,2025/03/04,100,"8,112",62,--,"-8,242",--
6857,アドバンテスト,PTS(O),信用返済売,６ヵ月,特定,2025/02/28,2025/03/04,100,"8,097.4",61,--,"4,179",--
6857,アドバンテスト,PTS(O),信用返済売,６ヵ月,特定,2025/02/28,2025/03/04,100,"8,052.6",62,--,"-6,402",--
6857,アドバンテスト,PTS(O),信用返済売,６ヵ月,特定,2025/02/28,2025/03/04,100,"8,112",62,--,"2,798",--
6857,アドバンテスト,PTS(O),信用返済売,６ヵ月,特定,2025/02/28,2025/03/04,100,"8,097.2",61,--,"4,159",--
6857,アドバンテスト,PTS(X),信用返済売,６ヵ月,特定,2025/02/28,2025/03/04,200,"8,084.1",123,--,"5,697",--
6857,アドバンテスト,PTS(O),信用返済売,６ヵ月,特定,2025/02/28,2025/03/04,100,"8,039.3",61,--,"-2,131",--
6857,アドバンテスト,PTS(X),信用返済売,６ヵ月,特定,2025/02/28,2025/03/04,100,"8,092",61,--,"3,639",--
6857,アドバンテスト,PTS(O),信用返済売,６ヵ月,特定,2025/02/28,2025/03/04,100,"8,112.2",62,--,"2,838",--
6857,アドバンテスト,PTS(X),信用返済売,６ヵ月,特定,2025/02/28,2025/03/04,200,"8,052.4",124,--,"-12,844",--
6857,アドバンテスト,PTS(O),信用返済売,６ヵ月,特定,2025/02/28,2025/03/04,100,"8,097.2",61,--,"4,159",--
6857,アドバンテスト,東証,信用返済売,６ヵ月,特定,2025/02/28,2025/03/04,200,"8,112",124,--,"1,476",--
6857,アドバンテスト,PTS(X),信用返済売,６ヵ月,特定,2025/02/28,2025/03/04,300,"8,052.1",186,--,"-19,356",--
6857,アドバンテスト,PTS(X),信用返済売,６ヵ月,特定,2025/02/28,2025/03/04,100,"8,052.1",62,--,"-6,452",--
6857,アドバンテスト,PTS(O),信用返済売,６ヵ月,特定,2025/02/28,2025/03/04,100,"8,094",61,--,"3,839",--
6857,アドバンテスト,PTS(O),信用返済売,６ヵ月,特定,2025/02/28,2025/03/04,100,"8,097.5",61,--,"4,189",--
6927,ヘリオス　テクノ　ホールディング,東証,信用返済売,無期限,特定,2025/02/28,2025/03/04,100,910,685,--,"-2,985",--
6927,ヘリオス　テクノ　ホールディング,PTS(J),信用返済売,無期限,特定,2025/02/28,2025/03/04,100,910.3,292,--,"-2,162",--
6927,ヘリオス　テクノ　ホールディング,PTS(X),信用返済売,無期限,特定,2025/02/28,2025/03/04,100,910.7,292,--,"-2,222",--
6927,ヘリオス　テクノ　ホールディング,PTS(X),信用返済売,無期限,特定,2025/02/28,2025/03/04,100,910.1,402,--,"-2,292",--
6927,ヘリオス　テクノ　ホールディング,PTS(O),信用返済売,無期限,特定,2025/02/28,2025/03/04,100,910.7,292,--,"-2,222",--
6927,ヘリオス　テクノ　ホールディング,PTS(X),信用返済売,無期限,特定,2025/02/28,2025/03/04,200,910.1,"1,370",--,"-5,950",--
6957,芝浦電子,東証,信用返済売,６ヵ月,特定,2025/02/28,2025/03/04,100,"4,525",687,--,"-20,187",--
6957,芝浦電子,PTS(O),信用返済売,６ヵ月,特定,2025/02/28,2025/03/04,100,"4,525",496,--,"-9,996",--
6961,エンプラス,東証,信用返済売,６ヵ月,特定,2025/02/28,2025/03/04,100,"4,885",480,--,"40,670",--
6961,エンプラス,PTS(O),信用返済売,６ヵ月,特定,2025/02/28,2025/03/04,100,"4,885",480,--,"40,670",--
7172,ジャパンインベストメントアドバイザー,東証,信用返済売,６ヵ月,特定,2025/02/28,2025/03/04,100,"1,763",96,--,"-3,446",--
7172,ジャパンインベストメントアドバイザー,PTS(O),信用返済売,６ヵ月,特定,2025/02/28,2025/03/04,100,"1,763",96,--,"-3,426",--
7172,ジャパンインベストメントアドバイザー,PTS(O),信用返済売,６ヵ月,特定,2025/02/28,2025/03/04,100,"1,763",96,--,"-3,436",--
7172,ジャパンインベストメントアドバイザー,東証,信用返済売,６ヵ月,特定,2025/02/28,2025/03/04,100,"1,763",97,--,"-5,677",--
7172,ジャパンインベストメントアドバイザー,東証,信用返済売,６ヵ月,特定,2025/02/28,2025/03/04,100,"1,763",97,--,"-5,677",--
7732,トプコン,PTS(O),信用返済売,６ヵ月,特定,2025/02/28,2025/03/04,100,"2,814.7",280,--,190,--
7732,トプコン,PTS(O),信用返済売,６ヵ月,特定,2025/02/28,2025/03/04,100,"2,814.7",280,--,190,--
7735,ＳＣＲＥＥＮホールディングス,PTS(O),信用返済売,６ヵ月,特定,2025/02/28,2025/03/04,100,"11,040",85,--,"-10,335",--
7735,ＳＣＲＥＥＮホールディングス,PTS(X),信用返済売,６ヵ月,特定,2025/02/28,2025/03/04,100,"10,921",85,--,"-22,235",--
7735,ＳＣＲＥＥＮホールディングス,PTS(O),信用返済売,６ヵ月,特定,2025/02/28,2025/03/04,100,"10,924.5",85,--,"-21,935",--
7735,ＳＣＲＥＥＮホールディングス,PTS(O),信用返済売,６ヵ月,特定,2025/02/28,2025/03/04,100,"11,040","1,135",--,"45,515",--
8078,阪和興業,PTS(O),信用返済売,６ヵ月,特定,2025/02/28,2025/03/04,100,"4,921","1,523",--,"12,077",--
8078,阪和興業,PTS(X),信用返済売,６ヵ月,特定,2025/02/28,2025/03/04,100,"4,927",37,--,263,--
8152,ソマール,東証,信用返済売,６ヵ月,特定,2025/02/28,2025/03/04,100,"6,870",789,--,"43,211",--
2327,日鉄ソリューションズ,PTS(O),信用新規買,６ヵ月,特定,2025/02/28,2025/03/04,100,"3,916",--,--,--,--
2327,日鉄ソリューションズ,PTS(O),信用新規買,６ヵ月,特定,2025/02/28,2025/03/04,100,"3,915.9",--,--,--,--
2501,サッポロホールディングス,PTS(X),信用新規買,６ヵ月,特定,2025/02/28,2025/03/04,100,"7,917.6",--,--,--,--
3443,川田テクノロジーズ,東証,信用新規買,６ヵ月,特定,2025/02/28,2025/03/04,100,"3,015",--,--,--,--
3844,コムチュア,PTS(X),信用新規買,６ヵ月,特定,2025/02/28,2025/03/04,200,"1,818.9",--,--,--,--
3844,コムチュア,PTS(X),信用新規買,６ヵ月,特定,2025/02/28,2025/03/04,200,"1,818.9",--,--,--,--
4298,プロトコーポレーション,東証,信用新規買,６ヵ月,特定,2025/02/28,2025/03/04,500,"2,130",--,--,--,--
4626,太陽ホールディングス,PTS(X),信用新規買,６ヵ月,特定,2025/02/28,2025/03/04,100,"3,939",--,--,--,--
4631,ＤＩＣ,PTS(X),信用新規買,６ヵ月,特定,2025/02/28,2025/03/04,100,"3,203.6",--,--,--,--
4783,ＮＣＤ,PTS(X),信用新規買,６ヵ月,特定,2025/02/28,2025/03/04,100,"2,710.9",--,--,--,--
4783,ＮＣＤ,PTS(X),信用新規買,６ヵ月,特定,2025/02/28,2025/03/04,100,"2,729.9",--,--,--,--
4783,ＮＣＤ,PTS(O),信用新規買,６ヵ月,特定,2025/02/28,2025/03/04,100,"2,710.8",--,--,--,--
4783,ＮＣＤ,東証,信用新規買,６ヵ月,特定,2025/02/28,2025/03/04,200,"2,717",--,--,--,--
4783,ＮＣＤ,東証,信用新規買,６ヵ月,特定,2025/02/28,2025/03/04,100,"2,711",--,--,--,--
6254,野村マイクロ・サイエンス,PTS(J),信用新規買,６ヵ月,特定,2025/02/28,2025/03/04,100,"2,687.8",--,--,--,--
6254,野村マイクロ・サイエンス,東証,信用新規買,６ヵ月,特定,2025/02/28,2025/03/04,300,"2,573",--,--,--,--
6254,野村マイクロ・サイエンス,PTS(X),信用新規買,６ヵ月,特定,2025/02/28,2025/03/04,100,"2,571.6",--,--,--,--
6254,野村マイクロ・サイエンス,PTS(O),信用新規買,６ヵ月,特定,2025/02/28,2025/03/04,100,"2,573",--,--,--,--
6254,野村マイクロ・サイエンス,PTS(J),信用新規買,６ヵ月,特定,2025/02/28,2025/03/04,100,"2,573",--,--,--,--
6254,野村マイクロ・サイエンス,PTS(X),信用新規買,６ヵ月,特定,2025/02/28,2025/03/04,100,"2,687",--,--,--,--
6254,野村マイクロ・サイエンス,PTS(X),信用新規買,６ヵ月,特定,2025/02/28,2025/03/04,100,"2,687.2",--,--,--,--
6254,野村マイクロ・サイエンス,PTS(O),信用新規買,６ヵ月,特定,2025/02/28,2025/03/04,300,"2,571.6",--,--,--,--
6254,野村マイクロ・サイエンス,PTS(X),信用新規買,６ヵ月,特定,2025/02/28,2025/03/04,100,"2,571.7",--,--,--,--
6254,野村マイクロ・サイエンス,東証,信用新規買,６ヵ月,特定,2025/02/28,2025/03/04,400,"2,689",--,--,--,--
6254,野村マイクロ・サイエンス,東証,信用新規買,６ヵ月,特定,2025/02/28,2025/03/04,300,"2,688",--,--,--,--
6857,アドバンテスト,東証,信用新規買,６ヵ月,特定,2025/02/28,2025/03/04,100,"8,262",--,--,--,--
6857,アドバンテスト,東証,信用新規買,６ヵ月,特定,2025/02/28,2025/03/04,"1,000","8,056",--,--,--,--
6857,アドバンテスト,東証,信用新規買,６ヵ月,特定,2025/02/28,2025/03/04,900,"8,116",--,--,--,--
6857,アドバンテスト,PTS(O),信用新規買,６ヵ月,特定,2025/02/28,2025/03/04,100,"8,193.8",--,--,--,--
6857,アドバンテスト,PTS(O),信用新規買,６ヵ月,特定,2025/02/28,2025/03/04,100,"8,116",--,--,--,--
6857,アドバンテスト,PTS(J),信用新規買,６ヵ月,特定,2025/02/28,2025/03/04,100,"8,193.9",--,--,--,--
6857,アドバンテスト,PTS(X),信用新規買,６ヵ月,特定,2025/02/28,2025/03/04,100,"8,083.4",--,--,--,--
6857,アドバンテスト,PTS(X),信用新規買,６ヵ月,特定,2025/02/28,2025/03/04,100,"8,066.8",--,--,--,--
6857,アドバンテスト,PTS(O),信用新規買,６ヵ月,特定,2025/02/28,2025/03/04,100,"8,069.7",--,--,--,--
6857,アドバンテスト,PTS(O),信用新規買,６ヵ月,特定,2025/02/28,2025/03/04,200,"8,083.2",--,--,--,--
6857,アドバンテスト,東証,信用新規買,６ヵ月,特定,2025/02/28,2025/03/04,"1,500","8,055",--,--,--,--
6857,アドバンテスト,東証,信用新規買,６ヵ月,特定,2025/02/28,2025/03/04,"1,000","8,060",--,--,--,--
6857,アドバンテスト,東証,信用新規買,６ヵ月,特定,2025/02/28,2025/03/04,200,"8,104",--,--,--,--
6957,芝浦電子,東証,信用新規買,６ヵ月,特定,2025/02/28,2025/03/04,200,"4,535",--,--,--,--
6961,エンプラス,東証,信用新規買,６ヵ月,特定,2025/02/28,2025/03/04,100,"4,870",--,--,--,--
6961,エンプラス,東証,信用新規買,６ヵ月,特定,2025/02/28,2025/03/04,100,"4,870",--,--,--,--
7172,ジャパンインベストメントアドバイザー,PTS(X),信用新規買,６ヵ月,特定,2025/02/28,2025/03/04,100,"1,776",--,--,--,--
7172,ジャパンインベストメントアドバイザー,PTS(J),信用新規買,６ヵ月,特定,2025/02/28,2025/03/04,100,"1,775.9",--,--,--,--
7172,ジャパンインベストメントアドバイザー,東証,信用新規買,６ヵ月,特定,2025/02/28,2025/03/04,300,"1,776",--,--,--,--
7172,ジャパンインベストメントアドバイザー,PTS(O),信用新規買,６ヵ月,特定,2025/02/28,2025/03/04,300,"1,775.9",--,--,--,--
7732,トプコン,東証,信用新規買,６ヵ月,特定,2025/02/28,2025/03/04,100,"2,817",--,--,--,--
7735,ＳＣＲＥＥＮホールディングス,PTS(O),信用新規買,６ヵ月,特定,2025/02/28,2025/03/04,200,"11,142.5",--,--,--,--
7735,ＳＣＲＥＥＮホールディングス,PTS(X),信用新規買,６ヵ月,特定,2025/02/28,2025/03/04,100,"11,143",--,--,--,--
7735,ＳＣＲＥＥＮホールディングス,PTS(X),信用新規買,６ヵ月,特定,2025/02/28,2025/03/04,100,"10,663",--,--,--,--
8078,阪和興業,PTS(X),信用新規買,６ヵ月,特定,2025/02/28,2025/03/04,100,"4,924",--,--,--,--
6857,アドバンテスト,東証,信用返済買,６ヵ月,特定,2025/02/28,2025/03/04,600,"8,053",145,--,"-10,945",--
6857,アドバンテスト,東証,信用返済買,６ヵ月,特定,2025/02/28,2025/03/04,200,"8,053",48,--,"-3,448",--
6857,アドバンテスト,PTS(X),信用返済買,６ヵ月,特定,2025/02/28,2025/03/04,300,"8,052.7",72,--,"-5,082",--
6857,アドバンテスト,PTS(X),信用返済買,６ヵ月,特定,2025/02/28,2025/03/04,200,"8,052.8",48,--,"-4,608",--
6857,アドバンテスト,PTS(X),信用返済買,６ヵ月,特定,2025/02/28,2025/03/04,200,"8,052.8",48,--,"-3,608",--
6857,アドバンテスト,PTS(X),信用返済買,６ヵ月,特定,2025/02/28,2025/03/04,400,"8,052.6",96,--,"-6,736",--
6857,アドバンテスト,PTS(X),信用返済買,６ヵ月,特定,2025/02/28,2025/03/04,100,"8,052.9",24,--,"-2,914",--
6857,アドバンテスト,PTS(X),信用返済買,６ヵ月,特定,2025/02/28,2025/03/04,100,"8,052.9",24,--,"-2,314",--
6857,アドバンテスト,PTS(O),信用返済買,６ヵ月,特定,2025/02/28,2025/03/04,100,"8,052.9",24,--,"-1,714",--
6857,アドバンテスト,PTS(X),信用返済買,６ヵ月,特定,2025/02/28,2025/03/04,100,"8,052.9",24,--,"-2,814",--
6857,アドバンテスト,PTS(X),信用返済買,６ヵ月,特定,2025/02/28,2025/03/04,200,"8,052.5",48,--,"-3,348",--
6857,アドバンテスト,PTS(X),信用返済買,６ヵ月,特定,2025/02/28,2025/03/04,100,"8,052.9",24,--,"-2,804",--
2160,ジーエヌアイグループ,PTS(X),信用返済売,６ヵ月,特定,2025/02/27,2025/03/03,100,"3,460.5",361,--,"8,689",--
3382,セブン＆アイ・ホールディングス,東証,信用返済売,６ヵ月,特定,2025/02/27,2025/03/03,500,"2,118",80,--,"3,920",--
3382,セブン＆アイ・ホールディングス,東証,信用返済売,６ヵ月,特定,2025/02/27,2025/03/03,500,"2,118",80,--,"3,920",--
3382,セブン＆アイ・ホールディングス,東証,信用返済売,６ヵ月,特定,2025/02/27,2025/03/03,400,"2,119.5",64,--,"4,736",--
3382,セブン＆アイ・ホールディングス,東証,信用返済売,６ヵ月,特定,2025/02/27,2025/03/03,100,"2,119.5",16,--,"1,194",--
3382,セブン＆アイ・ホールディングス,東証,信用返済売,６ヵ月,特定,2025/02/27,2025/03/03,100,"2,123",16,--,"1,534",--
3382,セブン＆アイ・ホールディングス,東証,信用返済売,６ヵ月,特定,2025/02/27,2025/03/03,400,"2,125.5",64,--,"7,136",--
4165,プレイド,PTS(X),信用返済売,６ヵ月,特定,2025/02/27,2025/03/03,100,"1,406.9",59,--,"-13,469",--
4165,プレイド,PTS(O),信用返済売,６ヵ月,特定,2025/02/27,2025/03/03,200,"1,406.9",118,--,"-26,938",--
4165,プレイド,PTS(X),信用返済売,６ヵ月,特定,2025/02/27,2025/03/03,100,"1,406.9",59,--,"-13,639",--
4165,プレイド,PTS(O),信用返済売,６ヵ月,特定,2025/02/27,2025/03/03,200,"1,406.9",118,--,"-27,278",--
4676,フジ・メディア・ホールディングス,PTS(X),信用返済売,６ヵ月,特定,2025/02/27,2025/03/03,100,"2,498.6",19,--,551,--
4676,フジ・メディア・ホールディングス,PTS(X),信用返済売,６ヵ月,特定,2025/02/27,2025/03/03,100,"2,498.5",19,--,531,--
4676,フジ・メディア・ホールディングス,東証,信用返済売,６ヵ月,特定,2025/02/27,2025/03/03,100,"2,498.5",19,--,"-1,749",--
4676,フジ・メディア・ホールディングス,東証,信用返済売,６ヵ月,特定,2025/02/27,2025/03/03,200,"2,498.5",38,--,"-3,538",--
4676,フジ・メディア・ホールディングス,東証,信用返済売,６ヵ月,特定,2025/02/27,2025/03/03,100,"2,498.5",19,--,531,--
4676,フジ・メディア・ホールディングス,PTS(O),信用返済売,６ヵ月,特定,2025/02/27,2025/03/03,100,"2,498.6",19,--,551,--
4676,フジ・メディア・ホールディングス,東証,信用返済売,６ヵ月,特定,2025/02/27,2025/03/03,100,"2,498.5",19,--,"-1,739",--
4676,フジ・メディア・ホールディングス,東証,信用返済売,６ヵ月,特定,2025/02/27,2025/03/03,100,"2,498.5",19,--,"-1,759",--
6526,ソシオネクスト,PTS(O),信用返済売,６ヵ月,特定,2025/02/27,2025/03/03,100,"2,109.7",16,--,"-2,196",--
6526,ソシオネクスト,東証,信用返済売,６ヵ月,特定,2025/02/27,2025/03/03,100,"2,109.5",16,--,"-2,206",--
6526,ソシオネクスト,PTS(X),信用返済売,６ヵ月,特定,2025/02/27,2025/03/03,100,"2,109.7",16,--,"-2,186",--
6526,ソシオネクスト,PTS(O),信用返済売,６ヵ月,特定,2025/02/27,2025/03/03,100,"2,109.8",16,--,"-2,186",--
6526,ソシオネクスト,PTS(X),信用返済売,６ヵ月,特定,2025/02/27,2025/03/03,100,"2,109.8",16,--,"-2,186",--
8035,東京エレクトロン,PTS(X),信用返済売,６ヵ月,特定,2025/02/27,2025/03/03,100,"23,142.6",703,--,"20,057",--
3382,セブン＆アイ・ホールディングス,PTS(O),信用新規買,６ヵ月,特定,2025/02/27,2025/03/03,900,"2,107.5",--,--,--,--
3382,セブン＆アイ・ホールディングス,PTS(O),信用新規買,６ヵ月,特定,2025/02/27,2025/03/03,100,"2,107.4",--,--,--,--
3382,セブン＆アイ・ホールディングス,東証,信用新規買,６ヵ月,特定,2025/02/27,2025/03/03,500,"2,110",--,--,--,--
3382,セブン＆アイ・ホールディングス,東証,信用新規買,６ヵ月,特定,2025/02/27,2025/03/03,"1,000","2,110",--,--,--,--
4676,フジ・メディア・ホールディングス,東証,信用新規買,６ヵ月,特定,2025/02/27,2025/03/03,200,"2,516",--,--,--,--
4676,フジ・メディア・ホールディングス,PTS(O),信用新規買,６ヵ月,特定,2025/02/27,2025/03/03,100,"2,515.7",--,--,--,--
4676,フジ・メディア・ホールディングス,PTS(X),信用新規買,６ヵ月,特定,2025/02/27,2025/03/03,100,"2,515.8",--,--,--,--
4676,フジ・メディア・ホールディングス,PTS(X),信用新規買,６ヵ月,特定,2025/02/27,2025/03/03,100,"2,493",--,--,--,--
4676,フジ・メディア・ホールディングス,PTS(X),信用新規買,６ヵ月,特定,2025/02/27,2025/03/03,100,"2,515.9",--,--,--,--
4676,フジ・メディア・ホールディングス,PTS(O),信用新規買,６ヵ月,特定,2025/02/27,2025/03/03,100,"2,493",--,--,--,--
4676,フジ・メディア・ホールディングス,PTS(O),信用新規買,６ヵ月,特定,2025/02/27,2025/03/03,200,"2,492.9",--,--,--,--
6526,ソシオネクスト,PTS(X),信用新規買,６ヵ月,特定,2025/02/27,2025/03/03,100,"2,131.4",--,--,--,--
6526,ソシオネクスト,PTS(X),信用新規買,６ヵ月,特定,2025/02/27,2025/03/03,300,"2,131.5",--,--,--,--
6526,ソシオネクスト,PTS(O),信用新規買,６ヵ月,特定,2025/02/27,2025/03/03,100,"2,131.4",--,--,--,--
8016,オンワードホールディングス,東証(外),現物売,--,特定,2025/02/26,2025/02/28,200,563.3,--,--,"112,660",--
3382,セブン＆アイ・ホールディングス,PTS(X),現物買,--,特定,2025/02/26,2025/02/28,100,"2,395.3",--,--,"239,530",--
8016,オンワードホールディングス,PTS(O),現物買,--,特定,2025/02/26,2025/02/28,100,563.4,--,--,"56,340",--
8016,オンワードホールディングス,PTS(X),現物買,--,特定,2025/02/26,2025/02/28,100,563.5,--,--,"56,350",--
8016,オンワードホールディングス,PTS(X),現物買,--,特定,2025/02/26,2025/02/28,100,563.4,--,--,"56,340",--
8016,オンワードホールディングス,PTS(X),現物買,--,特定,2025/02/26,2025/02/28,100,563.5,--,--,"56,350",--
8016,オンワードホールディングス,PTS(X),現物買,--,特定,2025/02/26,2025/02/28,100,563.4,--,--,"56,340",--
8016,オンワードホールディングス,PTS(X),現物買,--,特定,2025/02/26,2025/02/28,100,563.5,--,--,"56,350",--
8016,オンワードホールディングス,PTS(X),現物買,--,特定,2025/02/26,2025/02/28,100,563.5,--,--,"56,350",--
8016,オンワードホールディングス,PTS(X),現物買,--,特定,2025/02/26,2025/02/28,100,563.5,--,--,"56,350",--
8016,オンワードホールディングス,PTS(X),現物買,--,特定,2025/02/26,2025/02/28,100,563.4,--,--,"56,340",--
8016,オンワードホールディングス,PTS(X),現物買,--,特定,2025/02/26,2025/02/28,100,563.5,--,--,"56,350",--
8016,オンワードホールディングス,PTS(X),現物買,--,特定,2025/02/26,2025/02/28,100,563.5,--,--,"56,350",--
6254,野村マイクロ・サイエンス,PTS(O),信用返済売,無期限,特定,2025/02/26,2025/02/28,100,"2,574",78,--,"1,822",--
6254,野村マイクロ・サイエンス,PTS(O),信用返済売,無期限,特定,2025/02/26,2025/02/28,100,"2,574",78,--,"1,622",--
9143,ＳＧホールディングス,PTS(O),信用返済売,６ヵ月,特定,2025/02/26,2025/02/28,100,"1,576.1",24,--,306,--
9143,ＳＧホールディングス,PTS(X),信用返済売,６ヵ月,特定,2025/02/26,2025/02/28,100,"1,576.1",24,--,306,--
9143,ＳＧホールディングス,PTS(X),信用返済売,６ヵ月,特定,2025/02/26,2025/02/28,100,"1,576.2",24,--,306,--
9143,ＳＧホールディングス,PTS(O),信用返済売,６ヵ月,特定,2025/02/26,2025/02/28,100,"1,576.2",24,--,306,--
9143,ＳＧホールディングス,PTS(X),信用返済売,６ヵ月,特定,2025/02/26,2025/02/28,100,"1,576.3",24,--,316,--
8035,東京エレクトロン,PTS(O),信用新規買,６ヵ月,特定,2025/02/26,2025/02/28,100,"22,935",--,--,--,--
2221,岩塚製菓,東証,信用返済売,６ヵ月,特定,2025/02/25,2025/02/27,100,"2,707",62,--,"-1,562",--
4165,プレイド,PTS(X),信用返済売,６ヵ月,特定,2025/02/25,2025/02/27,100,"1,542.4",11,--,129,--
5715,古河機械金属,PTS(X),信用返済売,無期限,特定,2025/02/25,2025/02/27,100,"2,097.4",51,--,"-15,011",--
6135,牧野フライス製作所,PTS(O),信用返済売,６ヵ月,特定,2025/02/25,2025/02/27,100,"11,671","3,581",--,"9,519",--
6927,ヘリオス　テクノ　ホールディング,PTS(O),信用返済売,無期限,特定,2025/02/25,2025/02/27,100,897.3,639,--,"-2,709",--
6927,ヘリオス　テクノ　ホールディング,PTS(X),信用返済売,無期限,特定,2025/02/25,2025/02/27,100,897.1,639,--,"-2,829",--
6927,ヘリオス　テクノ　ホールディング,東証,信用返済売,無期限,特定,2025/02/25,2025/02/27,100,897,969,--,"-3,069",--
7201,日産自動車,東証,信用返済売,６ヵ月,特定,2025/02/25,2025/02/27,500,417.4,35,--,"-19,485",--
7201,日産自動車,PTS(X),信用返済売,６ヵ月,特定,2025/02/25,2025/02/27,200,417.6,13,--,"-7,633",--
7201,日産自動車,PTS(O),信用返済売,６ヵ月,特定,2025/02/25,2025/02/27,200,417.6,13,--,"-7,633",--
7201,日産自動車,東証,信用返済売,６ヵ月,特定,2025/02/25,2025/02/27,100,417.5,6,--,"-3,826",--
7201,日産自動車,東証,信用返済売,６ヵ月,特定,2025/02/25,2025/02/27,100,417.6,6,--,"-3,816",--
7201,日産自動車,東証,信用返済売,６ヵ月,特定,2025/02/25,2025/02/27,400,417.5,27,--,"-15,307",--
3382,セブン＆アイ・ホールディングス,PTS(X),信用新規買,６ヵ月,特定,2025/02/25,2025/02/27,500,"2,390.7",--,--,--,--
4165,プレイド,東証,信用新規買,６ヵ月,特定,2025/02/25,2025/02/27,400,"1,541",--,--,--,--
4165,プレイド,PTS(O),信用新規買,６ヵ月,特定,2025/02/25,2025/02/27,300,"1,542.7",--,--,--,--
9143,ＳＧホールディングス,PTS(X),信用新規買,６ヵ月,特定,2025/02/25,2025/02/27,100,"1,572.8",--,--,--,--
9143,ＳＧホールディングス,PTS(X),信用新規買,６ヵ月,特定,2025/02/25,2025/02/27,200,"1,572.9",--,--,--,--
9143,ＳＧホールディングス,PTS(O),信用新規買,６ヵ月,特定,2025/02/25,2025/02/27,100,"1,572.8",--,--,--,--
9143,ＳＧホールディングス,PTS(O),信用新規買,６ヵ月,特定,2025/02/25,2025/02/27,100,"1,572.9",--,--,--,--
2695,くら寿司,東証,信用新規売,日計り,特定,2025/02/21,2025/02/26,200,"3,220",--,--,--,--
2695,くら寿司,PTS(O),信用新規売,６ヵ月,特定,2025/02/21,2025/02/26,100,"3,160.5",--,--,--,--
1813,不動テトラ,PTS(O),信用返済売,６ヵ月,特定,2025/02/21,2025/02/26,100,"2,221.3",16,--,914,--
2221,岩塚製菓,PTS(X),信用返済売,６ヵ月,特定,2025/02/21,2025/02/26,100,"2,788",41,--,"6,569",--
5715,古河機械金属,PTS(X),信用返済売,無期限,特定,2025/02/21,2025/02/26,100,"2,235.4",34,--,"-1,194",--
5715,古河機械金属,PTS(O),信用返済売,無期限,特定,2025/02/21,2025/02/26,100,"2,235.5",34,--,"-1,184",--
1813,不動テトラ,PTS(X),信用新規買,６ヵ月,特定,2025/02/21,2025/02/26,100,"2,212",--,--,--,--
7172,ジャパンインベストメントアドバイザー,PTS(X),信用新規買,６ヵ月,特定,2025/02/21,2025/02/26,100,"1,818.8",--,--,--,--
7172,ジャパンインベストメントアドバイザー,PTS(X),信用新規買,６ヵ月,特定,2025/02/21,2025/02/26,100,"1,796.5",--,--,--,--
7172,ジャパンインベストメントアドバイザー,PTS(O),信用新規買,６ヵ月,特定,2025/02/21,2025/02/26,100,"1,796.3",--,--,--,--
7172,ジャパンインベストメントアドバイザー,PTS(O),信用新規買,６ヵ月,特定,2025/02/21,2025/02/26,100,"1,818.8",--,--,--,--
7172,ジャパンインベストメントアドバイザー,PTS(X),信用新規買,６ヵ月,特定,2025/02/21,2025/02/26,100,"1,796.4",--,--,--,--
7201,日産自動車,PTS(O),信用新規買,６ヵ月,特定,2025/02/21,2025/02/26,100,455.7,--,--,--,--
7201,日産自動車,東証,信用新規買,６ヵ月,特定,2025/02/21,2025/02/26,500,456.3,--,--,--,--
7201,日産自動車,PTS(X),信用新規買,６ヵ月,特定,2025/02/21,2025/02/26,900,455.7,--,--,--,--
2695,くら寿司,PTS(X),信用返済買,６ヵ月,特定,2025/02/21,2025/02/26,100,"3,144.5",9,--,"1,591",--
2695,くら寿司,PTS(O),信用返済買,日計り,特定,2025/02/21,2025/02/26,200,"3,169.5",--,--,"10,100",--
3382,セブン＆アイ・ホールディングス,PTS(X),信用返済売,６ヵ月,特定,2025/02/20,2025/02/25,400,"2,390",957,--,"-4,957",--
3382,セブン＆アイ・ホールディングス,PTS(O),信用返済売,６ヵ月,特定,2025/02/20,2025/02/25,100,"2,390.1",239,--,"-1,229",--
3382,セブン＆アイ・ホールディングス,PTS(X),信用返済売,６ヵ月,特定,2025/02/20,2025/02/25,100,"2,390",166,--,"-2,056",--
3382,セブン＆アイ・ホールディングス,PTS(O),信用返済売,６ヵ月,特定,2025/02/20,2025/02/25,100,"2,390",166,--,"-2,056",--
3382,セブン＆アイ・ホールディングス,東証,信用返済売,６ヵ月,特定,2025/02/20,2025/02/25,200,"2,390",332,--,"-4,112",--
3382,セブン＆アイ・ホールディングス,東証,信用返済売,６ヵ月,特定,2025/02/20,2025/02/25,100,"2,390",166,--,"-2,046",--
4676,フジ・メディア・ホールディングス,東証,信用返済売,６ヵ月,特定,2025/02/20,2025/02/25,100,"2,724.5",120,--,"90,690",--
4676,フジ・メディア・ホールディングス,東証,信用返済売,６ヵ月,特定,2025/02/20,2025/02/25,200,"2,725",240,--,"181,480",--
4676,フジ・メディア・ホールディングス,PTS(O),信用返済売,６ヵ月,特定,2025/02/20,2025/02/25,200,"2,725.4",240,--,"181,540",--
4676,フジ・メディア・ホールディングス,PTS(O),信用返済売,６ヵ月,特定,2025/02/20,2025/02/25,100,"2,725.3",120,--,"90,770",--
4676,フジ・メディア・ホールディングス,PTS(X),信用返済売,６ヵ月,特定,2025/02/20,2025/02/25,300,"2,725.3",360,--,"272,280",--
4676,フジ・メディア・ホールディングス,PTS(X),信用返済売,６ヵ月,特定,2025/02/20,2025/02/25,100,"2,725.2",120,--,"90,760",--
5715,古河機械金属,PTS(X),信用返済売,６ヵ月,特定,2025/02/20,2025/02/25,100,"2,244.1",441,--,"45,969",--
5715,古河機械金属,PTS(O),信用返済売,６ヵ月,特定,2025/02/20,2025/02/25,100,"2,244",441,--,"45,959",--
5715,古河機械金属,PTS(X),信用返済売,６ヵ月,特定,2025/02/20,2025/02/25,100,"2,244.3",441,--,"45,989",--
5715,古河機械金属,PTS(X),信用返済売,６ヵ月,特定,2025/02/20,2025/02/25,100,"2,244.4",441,--,"45,999",--
5715,古河機械金属,PTS(X),信用返済売,６ヵ月,特定,2025/02/20,2025/02/25,100,"2,244.2",441,--,"45,979",--
6254,野村マイクロ・サイエンス,PTS(O),信用返済売,６ヵ月,特定,2025/02/20,2025/02/25,100,"2,553.7",171,--,"68,799",--
6254,野村マイクロ・サイエンス,PTS(O),信用返済売,６ヵ月,特定,2025/02/20,2025/02/25,200,"2,556.4",343,--,"138,137",--
6254,野村マイクロ・サイエンス,PTS(O),信用返済売,６ヵ月,特定,2025/02/20,2025/02/25,100,"2,556.5",171,--,"69,079",--
6254,野村マイクロ・サイエンス,PTS(X),信用返済売,６ヵ月,特定,2025/02/20,2025/02/25,100,"2,556",171,--,"69,029",--
6254,野村マイクロ・サイエンス,東証,信用返済売,６ヵ月,特定,2025/02/20,2025/02/25,300,"2,555",515,--,"206,785",--
6254,野村マイクロ・サイエンス,東証,信用返済売,６ヵ月,特定,2025/02/20,2025/02/25,300,"2,556",636,--,"206,964",--
6254,野村マイクロ・サイエンス,PTS(X),信用返済売,６ヵ月,特定,2025/02/20,2025/02/25,100,"2,554.4",19,--,-379,--
6857,アドバンテスト,PTS(O),信用返済売,６ヵ月,特定,2025/02/20,2025/02/25,100,"9,482.3",905,--,"85,595",--
6920,レーザーテック,PTS(O),信用返済売,６ヵ月,特定,2025/02/20,2025/02/25,100,"14,892.8","1,523",--,"-39,583",--
2221,岩塚製菓,東証,信用新規買,６ヵ月,特定,2025/02/20,2025/02/25,100,"2,743",--,--,--,--
2221,岩塚製菓,PTS(O),信用新規買,６ヵ月,特定,2025/02/20,2025/02/25,100,"2,721.9",--,--,--,--
2221,岩塚製菓,PTS(X),信用新規買,６ヵ月,特定,2025/02/20,2025/02/25,100,"2,722",--,--,--,--
3382,セブン＆アイ・ホールディングス,PTS(O),信用新規買,６ヵ月,特定,2025/02/20,2025/02/25,100,"2,400.7",--,--,--,--
3382,セブン＆アイ・ホールディングス,PTS(X),信用新規買,６ヵ月,特定,2025/02/20,2025/02/25,100,"2,400.6",--,--,--,--
3382,セブン＆アイ・ホールディングス,PTS(X),信用新規買,６ヵ月,特定,2025/02/20,2025/02/25,400,"2,400.7",--,--,--,--
3382,セブン＆アイ・ホールディングス,PTS(X),信用新規買,６ヵ月,特定,2025/02/20,2025/02/25,100,"2,400.8",--,--,--,--
3382,セブン＆アイ・ホールディングス,PTS(O),信用新規買,６ヵ月,特定,2025/02/20,2025/02/25,200,"2,400.8",--,--,--,--
3382,セブン＆アイ・ホールディングス,PTS(J),信用新規買,６ヵ月,特定,2025/02/20,2025/02/25,100,"2,400.8",--,--,--,--
4676,フジ・メディア・ホールディングス,東証,信用新規買,無期限,特定,2025/02/20,2025/02/25,"1,000","2,726",--,--,--,--
5715,古河機械金属,東証,信用新規買,無期限,特定,2025/02/20,2025/02/25,200,"2,248",--,--,--,--
5715,古河機械金属,東証,信用新規買,無期限,特定,2025/02/20,2025/02/25,300,"2,247",--,--,--,--
6254,野村マイクロ・サイエンス,PTS(O),信用新規買,６ヵ月,特定,2025/02/20,2025/02/25,100,"2,558",--,--,--,--
6254,野村マイクロ・サイエンス,東証,信用新規買,無期限,特定,2025/02/20,2025/02/25,500,"2,558",--,--,--,--
6254,野村マイクロ・サイエンス,東証,信用新規買,無期限,特定,2025/02/20,2025/02/25,100,"2,555",--,--,--,--
6254,野村マイクロ・サイエンス,東証,信用新規買,無期限,特定,2025/02/20,2025/02/25,100,"2,557",--,--,--,--
6254,野村マイクロ・サイエンス,東証,信用新規買,無期限,特定,2025/02/20,2025/02/25,500,"2,559",--,--,--,--
2327,日鉄ソリューションズ,PTS(X),信用返済売,６ヵ月,特定,2025/02/19,2025/02/21,100,"4,289.6",85,--,"-8,585",--
3382,セブン＆アイ・ホールディングス,PTS(X),信用返済売,６ヵ月,特定,2025/02/19,2025/02/21,100,"2,383.9",165,--,"-1,775",--
3382,セブン＆アイ・ホールディングス,PTS(X),信用返済売,６ヵ月,特定,2025/02/19,2025/02/21,400,"2,383.8",662,--,"-7,142",--
4704,トレンドマイクロ,PTS(X),信用返済売,６ヵ月,特定,2025/02/19,2025/02/21,100,"11,930.5",92,--,"-14,592",--
4967,小林製薬,PTS(X),信用返済売,６ヵ月,特定,2025/02/19,2025/02/21,100,"5,672.1",43,--,"4,967",--
6927,ヘリオス　テクノ　ホールディング,東証,信用返済売,無期限,特定,2025/02/19,2025/02/21,500,915,564,--,"24,436",--
4298,プロトコーポレーション,PTS(O),信用新規買,６ヵ月,特定,2025/02/19,2025/02/21,100,"2,152",--,--,--,--
4298,プロトコーポレーション,東証,信用新規買,６ヵ月,特定,2025/02/19,2025/02/21,200,"2,152",--,--,--,--
4298,プロトコーポレーション,PTS(O),信用新規買,６ヵ月,特定,2025/02/19,2025/02/21,100,"2,160.9",--,--,--,--
4626,太陽ホールディングス,PTS(O),信用新規買,６ヵ月,特定,2025/02/19,2025/02/21,100,"4,027.5",--,--,--,--
4631,ＤＩＣ,PTS(O),信用新規買,６ヵ月,特定,2025/02/19,2025/02/21,100,"3,334",--,--,--,--
4704,トレンドマイクロ,PTS(X),信用新規買,６ヵ月,特定,2025/02/19,2025/02/21,100,"12,075.5",--,--,--,--
4911,資生堂,PTS(O),信用新規買,６ヵ月,特定,2025/02/19,2025/02/21,100,"2,404",--,--,--,--
4911,資生堂,PTS(X),信用新規買,６ヵ月,特定,2025/02/19,2025/02/21,100,"2,404.1",--,--,--,--
4967,小林製薬,PTS(O),信用新規買,６ヵ月,特定,2025/02/19,2025/02/21,100,"5,622",--,--,--,--
9692,シーイーシー,東証(外),現物売,--,特定,2025/02/18,2025/02/20,100,"1,890",--,--,"189,000",--
4704,トレンドマイクロ,東証,信用返済売,６ヵ月,特定,2025/02/18,2025/02/20,100,"11,670",256,--,"199,204",--
6464,ツバキ・ナカシマ,PTS(X),信用返済売,６ヵ月,特定,2025/02/18,2025/02/20,100,452.6,7,--,"-1,127",--
6464,ツバキ・ナカシマ,PTS(X),信用返済売,６ヵ月,特定,2025/02/18,2025/02/20,100,452.3,7,--,"-1,177",--
6464,ツバキ・ナカシマ,PTS(X),信用返済売,６ヵ月,特定,2025/02/18,2025/02/20,100,452.2,7,--,"-1,187",--
6464,ツバキ・ナカシマ,PTS(O),信用返済売,６ヵ月,特定,2025/02/18,2025/02/20,100,452.3,7,--,"-1,167",--
6464,ツバキ・ナカシマ,PTS(X),信用返済売,６ヵ月,特定,2025/02/18,2025/02/20,100,452.4,7,--,"-1,167",--
6464,ツバキ・ナカシマ,PTS(O),信用返済売,６ヵ月,特定,2025/02/18,2025/02/20,200,452.1,14,--,"-2,394",--
6464,ツバキ・ナカシマ,PTS(X),信用返済売,６ヵ月,特定,2025/02/18,2025/02/20,100,452.5,7,--,"-1,147",--
6464,ツバキ・ナカシマ,PTS(O),信用返済売,６ヵ月,特定,2025/02/18,2025/02/20,100,452,7,--,"-1,207",--
6464,ツバキ・ナカシマ,PTS(O),信用返済売,６ヵ月,特定,2025/02/18,2025/02/20,100,452.2,7,--,"-1,177",--
7201,日産自動車,東証,信用返済売,６ヵ月,特定,2025/02/18,2025/02/20,100,444.8,3,--,577,--
7201,日産自動車,PTS(X),信用返済売,６ヵ月,特定,2025/02/18,2025/02/20,200,444.8,6,--,"1,174",--
7201,日産自動車,PTS(X),信用返済売,６ヵ月,特定,2025/02/18,2025/02/20,500,444.8,16,--,"2,784",--
7201,日産自動車,PTS(O),信用返済売,６ヵ月,特定,2025/02/18,2025/02/20,400,444.8,13,--,"2,227",--
7201,日産自動車,東証,信用返済売,６ヵ月,特定,2025/02/18,2025/02/20,100,444.7,3,--,567,--
7201,日産自動車,東証,信用返済売,６ヵ月,特定,2025/02/18,2025/02/20,100,444.8,3,--,567,--
7201,日産自動車,東証,信用返済売,６ヵ月,特定,2025/02/18,2025/02/20,100,444.8,3,--,557,--
9501,東京電力ホールディングス,PTS(X),信用返済売,６ヵ月,特定,2025/02/18,2025/02/20,800,400.9,24,--,696,--
9501,東京電力ホールディングス,PTS(X),信用返済売,６ヵ月,特定,2025/02/18,2025/02/20,900,400.9,27,--,783,--
9501,東京電力ホールディングス,PTS(X),信用返済売,６ヵ月,特定,2025/02/18,2025/02/20,200,400.9,6,--,174,--
9501,東京電力ホールディングス,PTS(X),信用返済売,６ヵ月,特定,2025/02/18,2025/02/20,100,400.9,3,--,97,--
3844,コムチュア,PTS(O),信用新規買,６ヵ月,特定,2025/02/18,2025/02/20,100,"1,986.4",--,--,--,--
3844,コムチュア,PTS(O),信用新規買,６ヵ月,特定,2025/02/18,2025/02/20,100,"1,986.5",--,--,--,--
4516,日本新薬,東証,信用新規買,６ヵ月,特定,2025/02/18,2025/02/20,100,"3,951",--,--,--,--
7201,日産自動車,PTS(O),信用新規買,６ヵ月,特定,2025/02/18,2025/02/20,200,438.9,--,--,--,--
7201,日産自動車,東証,信用新規買,６ヵ月,特定,2025/02/18,2025/02/20,100,439.1,--,--,--,--
7201,日産自動車,PTS(J),信用新規買,６ヵ月,特定,2025/02/18,2025/02/20,100,439,--,--,--,--
7201,日産自動車,PTS(X),信用新規買,６ヵ月,特定,2025/02/18,2025/02/20,100,439,--,--,--,--
7201,日産自動車,東証,信用新規買,６ヵ月,特定,2025/02/18,2025/02/20,"1,000",439.2,--,--,--,--
7732,トプコン,PTS(O),信用新規買,６ヵ月,特定,2025/02/18,2025/02/20,100,"2,810",--,--,--,--
7732,トプコン,東証,信用新規買,６ヵ月,特定,2025/02/18,2025/02/20,100,"2,810",--,--,--,--
9501,東京電力ホールディングス,PTS(X),信用新規買,６ヵ月,特定,2025/02/18,2025/02/20,800,400,--,--,--,--
9501,東京電力ホールディングス,PTS(J),信用新規買,６ヵ月,特定,2025/02/18,2025/02/20,200,400,--,--,--,--
9501,東京電力ホールディングス,PTS(O),信用新規買,６ヵ月,特定,2025/02/18,2025/02/20,100,399.9,--,--,--,--
9501,東京電力ホールディングス,PTS(O),信用新規買,６ヵ月,特定,2025/02/18,2025/02/20,900,400,--,--,--,--
1518,三井松島ホールディングス,PTS(X),信用返済売,６ヵ月,特定,2025/02/17,2025/02/19,100,"4,397.5",66,--,"6,684",--
2760,東京エレクトロン　デバイス,PTS(X),信用返済売,６ヵ月,特定,2025/02/17,2025/02/19,100,"3,167","1,212",--,"27,838",--
3482,ロードスターキャピタル,東証,信用返済売,６ヵ月,特定,2025/02/17,2025/02/19,100,"2,556",43,--,"-27,393",--
3964,オークネット,PTS(X),信用返済売,６ヵ月,特定,2025/02/17,2025/02/19,100,"2,501.4",42,--,"-29,802",--
3964,オークネット,PTS(X),信用返済売,６ヵ月,特定,2025/02/17,2025/02/19,100,"2,501.4",41,--,"-18,501",--
3978,マクロミル,PTS(O),信用返済売,６ヵ月,特定,2025/02/17,2025/02/19,100,"1,242.2",9,--,"3,211",--
3978,マクロミル,東証,信用返済売,６ヵ月,特定,2025/02/17,2025/02/19,600,"1,242",55,--,"19,145",--
3978,マクロミル,PTS(X),信用返済売,６ヵ月,特定,2025/02/17,2025/02/19,100,"1,242.2",9,--,"3,211",--
3978,マクロミル,PTS(J),信用返済売,６ヵ月,特定,2025/02/17,2025/02/19,100,"1,242.1",9,--,"3,201",--
3978,マクロミル,PTS(O),信用返済売,６ヵ月,特定,2025/02/17,2025/02/19,100,"1,242.3",9,--,"3,221",--
4124,大阪油化工業,PTS(X),信用返済売,６ヵ月,特定,2025/02/17,2025/02/19,100,"2,470.3",37,--,"3,493",--
4124,大阪油化工業,PTS(X),信用返済売,６ヵ月,特定,2025/02/17,2025/02/19,100,"2,470.4",37,--,"3,503",--
4634,ａｒｔｉｅｎｃｅ,PTS(X),信用返済売,６ヵ月,特定,2025/02/17,2025/02/19,100,"3,157",48,--,"-3,698",--
5108,ブリヂストン,東証,信用返済売,６ヵ月,特定,2025/02/17,2025/02/19,100,"6,163",43,--,"47,717",--
5108,ブリヂストン,東証,信用返済売,６ヵ月,特定,2025/02/17,2025/02/19,100,"6,163",43,--,"47,717",--
6920,レーザーテック,東証,信用返済売,６ヵ月,特定,2025/02/17,2025/02/19,100,"15,215",820,--,"-6,580",--
2327,日鉄ソリューションズ,PTS(X),信用新規買,６ヵ月,特定,2025/02/17,2025/02/19,100,"4,374.6",--,--,--,--
2501,サッポロホールディングス,PTS(O),信用新規買,６ヵ月,特定,2025/02/17,2025/02/19,100,"7,021",--,--,--,--
3978,マクロミル,東証,信用新規買,６ヵ月,特定,2025/02/17,2025/02/19,"1,000","1,210",--,--,--,--
4783,ＮＣＤ,PTS(X),信用新規買,６ヵ月,特定,2025/02/17,2025/02/19,200,"2,524.5",--,--,--,--
4783,ＮＣＤ,PTS(X),信用新規買,６ヵ月,特定,2025/02/17,2025/02/19,100,"2,553.2",--,--,--,--
4783,ＮＣＤ,PTS(O),信用新規買,６ヵ月,特定,2025/02/17,2025/02/19,100,"2,524.4",--,--,--,--
5108,ブリヂストン,PTS(O),信用新規買,６ヵ月,特定,2025/02/17,2025/02/19,100,"5,685.4",--,--,--,--
5108,ブリヂストン,PTS(X),信用新規買,６ヵ月,特定,2025/02/17,2025/02/19,100,"5,685.4",--,--,--,--
6464,ツバキ・ナカシマ,PTS(O),信用新規買,６ヵ月,特定,2025/02/17,2025/02/19,100,463.9,--,--,--,--
6464,ツバキ・ナカシマ,PTS(X),信用新規買,６ヵ月,特定,2025/02/17,2025/02/19,100,464,--,--,--,--
6464,ツバキ・ナカシマ,PTS(X),信用新規買,６ヵ月,特定,2025/02/17,2025/02/19,100,463.8,--,--,--,--
6464,ツバキ・ナカシマ,PTS(X),信用新規買,６ヵ月,特定,2025/02/17,2025/02/19,200,463.9,--,--,--,--
6464,ツバキ・ナカシマ,東証,信用新規買,６ヵ月,特定,2025/02/17,2025/02/19,500,464,--,--,--,--
6957,芝浦電子,東証,信用新規買,６ヵ月,特定,2025/02/17,2025/02/19,100,"4,620",--,--,--,--
6961,エンプラス,PTS(X),信用新規買,６ヵ月,特定,2025/02/17,2025/02/19,100,"4,473.5",--,--,--,--
6961,エンプラス,PTS(O),信用新規買,６ヵ月,特定,2025/02/17,2025/02/19,100,"4,473.5",--,--,--,--
7735,ＳＣＲＥＥＮホールディングス,PTS(X),信用新規買,６ヵ月,特定,2025/02/17,2025/02/19,100,"10,573.5",--,--,--,--
2267,ヤクルト本社,PTS(X),信用新規売,６ヵ月,特定,2025/02/14,2025/02/18,100,"2,763",--,--,--,--
2267,ヤクルト本社,東証,信用新規売,６ヵ月,特定,2025/02/14,2025/02/18,100,"2,760",--,--,--,--
2267,ヤクルト本社,PTS(O),信用新規売,６ヵ月,特定,2025/02/14,2025/02/18,200,"2,763",--,--,--,--
2267,ヤクルト本社,東証,信用新規売,６ヵ月,特定,2025/02/14,2025/02/18,100,"2,763",--,--,--,--
3397,トリドールホールディングス,PTS(X),信用新規売,６ヵ月,特定,2025/02/14,2025/02/18,100,"3,918.9",--,--,--,--
3397,トリドールホールディングス,PTS(X),信用新規売,６ヵ月,特定,2025/02/14,2025/02/18,100,"3,918.8",--,--,--,--
6758,ソニーグループ,PTS(O),信用新規売,６ヵ月,特定,2025/02/14,2025/02/18,100,"3,741",--,--,--,--
6758,ソニーグループ,PTS(O),信用新規売,６ヵ月,特定,2025/02/14,2025/02/18,100,"3,741.1",--,--,--,--
6758,ソニーグループ,東証,信用新規売,６ヵ月,特定,2025/02/14,2025/02/18,100,"3,741",--,--,--,--
2267,ヤクルト本社,東証,信用返済売,６ヵ月,特定,2025/02/14,2025/02/18,100,"2,789.5",21,--,"-1,501",--
2267,ヤクルト本社,東証,信用返済売,６ヵ月,特定,2025/02/14,2025/02/18,100,"2,789.5",21,--,"-1,461",--
2267,ヤクルト本社,東証,信用返済売,６ヵ月,特定,2025/02/14,2025/02/18,100,"2,789.5",21,--,"-1,521",--
2267,ヤクルト本社,東証,信用返済売,６ヵ月,特定,2025/02/14,2025/02/18,100,"2,789.5",22,--,"-10,362",--
2267,ヤクルト本社,東証,信用返済売,６ヵ月,特定,2025/02/14,2025/02/18,100,"2,789.5",21,--,"-1,511",--
2267,ヤクルト本社,東証,信用返済売,６ヵ月,特定,2025/02/14,2025/02/18,100,"2,789.5",22,--,"-10,372",--
2267,ヤクルト本社,東証,信用返済売,６ヵ月,特定,2025/02/14,2025/02/18,100,"2,789",22,--,"-13,212",--
2267,ヤクルト本社,東証,信用返済売,６ヵ月,特定,2025/02/14,2025/02/18,100,"2,789",22,--,"-13,212",--
2267,ヤクルト本社,東証,信用返済売,６ヵ月,特定,2025/02/14,2025/02/18,200,"2,789.5",43,--,"-10,503",--
5020,ＥＮＥＯＳホールディングス,PTS(X),信用返済売,６ヵ月,特定,2025/02/14,2025/02/18,100,815.4,6,--,"2,444",--
5020,ＥＮＥＯＳホールディングス,PTS(O),信用返済売,６ヵ月,特定,2025/02/14,2025/02/18,100,823.7,6,--,-666,--
5020,ＥＮＥＯＳホールディングス,PTS(O),信用返済売,６ヵ月,特定,2025/02/14,2025/02/18,100,823.7,6,--,-666,--
5020,ＥＮＥＯＳホールディングス,PTS(X),信用返済売,６ヵ月,特定,2025/02/14,2025/02/18,200,815.2,12,--,"4,868",--
5020,ＥＮＥＯＳホールディングス,PTS(O),信用返済売,６ヵ月,特定,2025/02/14,2025/02/18,100,823.8,6,--,-646,--
5020,ＥＮＥＯＳホールディングス,PTS(O),信用返済売,６ヵ月,特定,2025/02/14,2025/02/18,100,815.4,6,--,"2,454",--
5020,ＥＮＥＯＳホールディングス,PTS(O),信用返済売,６ヵ月,特定,2025/02/14,2025/02/18,100,823.8,6,--,-646,--
5020,ＥＮＥＯＳホールディングス,東証,信用返済売,６ヵ月,特定,2025/02/14,2025/02/18,100,823.7,6,--,-676,--
5020,ＥＮＥＯＳホールディングス,PTS(X),信用返済売,６ヵ月,特定,2025/02/14,2025/02/18,100,815.3,6,--,"2,444",--
6098,リクルートホールディングス,東証,信用返済売,６ヵ月,特定,2025/02/14,2025/02/18,100,"10,180",77,--,"2,463",--
6098,リクルートホールディングス,東証,信用返済売,６ヵ月,特定,2025/02/14,2025/02/18,100,"10,180",77,--,"2,453",--
6098,リクルートホールディングス,PTS(O),信用返済売,６ヵ月,特定,2025/02/14,2025/02/18,100,"10,015.1",78,--,"-18,548",--
6098,リクルートホールディングス,東証,信用返済売,６ヵ月,特定,2025/02/14,2025/02/18,100,"10,015",78,--,"-18,548",--
7267,本田技研工業,PTS(X),信用返済売,６ヵ月,特定,2025/02/14,2025/02/18,200,"1,476.7",43,--,"8,617",--
7267,本田技研工業,PTS(X),信用返済売,６ヵ月,特定,2025/02/14,2025/02/18,300,"1,476.6",66,--,"11,844",--
7267,本田技研工業,PTS(X),信用返済売,６ヵ月,特定,2025/02/14,2025/02/18,100,"1,476.6",22,--,"3,938",--
7735,ＳＣＲＥＥＮホールディングス,PTS(X),信用返済売,６ヵ月,特定,2025/02/14,2025/02/18,100,"10,165.5",79,--,"-21,029",--
7936,アシックス,PTS(O),信用返済売,６ヵ月,特定,2025/02/14,2025/02/18,100,"3,587",27,--,"-2,207",--
7936,アシックス,東証,信用返済売,６ヵ月,特定,2025/02/14,2025/02/18,100,"3,587",27,--,"-2,207",--
8750,第一生命ホールディングス,PTS(X),信用返済売,６ヵ月,特定,2025/02/14,2025/02/18,100,"4,360.2",33,--,"-2,493",--
8750,第一生命ホールディングス,PTS(O),信用返済売,６ヵ月,特定,2025/02/14,2025/02/18,100,"4,360.2",33,--,"-2,493",--
8750,第一生命ホールディングス,PTS(X),信用返済売,６ヵ月,特定,2025/02/14,2025/02/18,100,"4,360.1",33,--,"-2,523",--
8750,第一生命ホールディングス,PTS(X),信用返済売,６ヵ月,特定,2025/02/14,2025/02/18,200,"4,360.1",67,--,"-5,907",--
8750,第一生命ホールディングス,PTS(X),信用返済売,６ヵ月,特定,2025/02/14,2025/02/18,100,"4,360.1",33,--,"-2,513",--
8750,第一生命ホールディングス,PTS(X),信用返済売,６ヵ月,特定,2025/02/14,2025/02/18,100,"4,360.1",33,--,"-2,523",--
8750,第一生命ホールディングス,PTS(X),信用返済売,６ヵ月,特定,2025/02/14,2025/02/18,100,"4,360.2",33,--,"-2,493",--
1518,三井松島ホールディングス,東証,信用新規買,６ヵ月,特定,2025/02/14,2025/02/18,100,"4,330",--,--,--,--
2160,ジーエヌアイグループ,PTS(X),信用新規買,６ヵ月,特定,2025/02/14,2025/02/18,100,"3,370",--,--,--,--
2267,ヤクルト本社,東証,信用新規買,６ヵ月,特定,2025/02/14,2025/02/18,100,"2,804.5",--,--,--,--
2267,ヤクルト本社,PTS(X),信用新規買,６ヵ月,特定,2025/02/14,2025/02/18,100,"2,920.9",--,--,--,--
2267,ヤクルト本社,PTS(O),信用新規買,６ヵ月,特定,2025/02/14,2025/02/18,200,"2,841.8",--,--,--,--
2267,ヤクルト本社,PTS(O),信用新規買,６ヵ月,特定,2025/02/14,2025/02/18,100,"2,892.9",--,--,--,--
2267,ヤクルト本社,PTS(O),信用新規買,６ヵ月,特定,2025/02/14,2025/02/18,100,"2,893",--,--,--,--
2267,ヤクルト本社,PTS(O),信用新規買,６ヵ月,特定,2025/02/14,2025/02/18,100,"2,804.4",--,--,--,--
2267,ヤクルト本社,PTS(O),信用新規買,６ヵ月,特定,2025/02/14,2025/02/18,100,"2,920.9",--,--,--,--
2267,ヤクルト本社,PTS(X),信用新規買,６ヵ月,特定,2025/02/14,2025/02/18,100,"2,804.3",--,--,--,--
2267,ヤクルト本社,PTS(X),信用新規買,６ヵ月,特定,2025/02/14,2025/02/18,100,"2,803.9",--,--,--,--
3482,ロードスターキャピタル,PTS(X),信用新規買,６ヵ月,特定,2025/02/14,2025/02/18,100,"2,829.5",--,--,--,--
3964,オークネット,東証,信用新規買,６ヵ月,特定,2025/02/14,2025/02/18,100,"2,799",--,--,--,--
3964,オークネット,PTS(X),信用新規買,６ヵ月,特定,2025/02/14,2025/02/18,100,"2,686",--,--,--,--
4124,大阪油化工業,東証,信用新規買,６ヵ月,特定,2025/02/14,2025/02/18,100,"2,435",--,--,--,--
4124,大阪油化工業,PTS(O),信用新規買,６ヵ月,特定,2025/02/14,2025/02/18,100,"2,435",--,--,--,--
4634,ａｒｔｉｅｎｃｅ,PTS(X),信用新規買,６ヵ月,特定,2025/02/14,2025/02/18,100,"3,193.5",--,--,--,--
5020,ＥＮＥＯＳホールディングス,PTS(O),信用新規買,６ヵ月,特定,2025/02/14,2025/02/18,100,830.3,--,--,--,--
5020,ＥＮＥＯＳホールディングス,東証,信用新規買,６ヵ月,特定,2025/02/14,2025/02/18,100,790.9,--,--,--,--
5020,ＥＮＥＯＳホールディングス,PTS(X),信用新規買,６ヵ月,特定,2025/02/14,2025/02/18,100,830.4,--,--,--,--
5020,ＥＮＥＯＳホールディングス,PTS(X),信用新規買,６ヵ月,特定,2025/02/14,2025/02/18,100,830.2,--,--,--,--
5020,ＥＮＥＯＳホールディングス,PTS(X),信用新規買,６ヵ月,特定,2025/02/14,2025/02/18,100,830.3,--,--,--,--
5020,ＥＮＥＯＳホールディングス,PTS(O),信用新規買,６ヵ月,特定,2025/02/14,2025/02/18,100,830.2,--,--,--,--
5020,ＥＮＥＯＳホールディングス,PTS(X),信用新規買,６ヵ月,特定,2025/02/14,2025/02/18,200,790.8,--,--,--,--
5020,ＥＮＥＯＳホールディングス,PTS(O),信用新規買,６ヵ月,特定,2025/02/14,2025/02/18,200,790.8,--,--,--,--
6098,リクルートホールディングス,PTS(O),信用新規買,６ヵ月,特定,2025/02/14,2025/02/18,100,"10,199.7",--,--,--,--
6098,リクルートホールディングス,PTS(O),信用新規買,６ヵ月,特定,2025/02/14,2025/02/18,100,"10,154.6",--,--,--,--
6098,リクルートホールディングス,PTS(X),信用新規買,６ヵ月,特定,2025/02/14,2025/02/18,100,"10,154.7",--,--,--,--
6098,リクルートホールディングス,PTS(X),信用新規買,６ヵ月,特定,2025/02/14,2025/02/18,100,"10,199.8",--,--,--,--
7735,ＳＣＲＥＥＮホールディングス,PTS(O),信用新規買,６ヵ月,特定,2025/02/14,2025/02/18,100,"10,375",--,--,--,--
7936,アシックス,PTS(O),信用新規買,６ヵ月,特定,2025/02/14,2025/02/18,100,"3,608.8",--,--,--,--
7936,アシックス,PTS(X),信用新規買,６ヵ月,特定,2025/02/14,2025/02/18,100,"3,608.8",--,--,--,--
8750,第一生命ホールディングス,東証,信用新規買,６ヵ月,特定,2025/02/14,2025/02/18,100,"4,385",--,--,--,--
8750,第一生命ホールディングス,PTS(X),信用新規買,６ヵ月,特定,2025/02/14,2025/02/18,200,"4,389.3",--,--,--,--
8750,第一生命ホールディングス,PTS(J),信用新規買,６ヵ月,特定,2025/02/14,2025/02/18,100,"4,385",--,--,--,--
8750,第一生命ホールディングス,PTS(X),信用新規買,６ヵ月,特定,2025/02/14,2025/02/18,200,"4,384.8",--,--,--,--
8750,第一生命ホールディングス,PTS(O),信用新規買,６ヵ月,特定,2025/02/14,2025/02/18,100,"4,384.8",--,--,--,--
8750,第一生命ホールディングス,PTS(O),信用新規買,６ヵ月,特定,2025/02/14,2025/02/18,100,"4,384.9",--,--,--,--
2267,ヤクルト本社,PTS(O),信用返済買,６ヵ月,特定,2025/02/14,2025/02/18,100,"2,764.9",8,--,-198,--
2267,ヤクルト本社,PTS(X),信用返済買,６ヵ月,特定,2025/02/14,2025/02/18,100,"2,764.7",8,--,-178,--
2267,ヤクルト本社,PTS(O),信用返済買,６ヵ月,特定,2025/02/14,2025/02/18,100,"2,764.6",8,--,-168,--
2267,ヤクルト本社,PTS(X),信用返済買,６ヵ月,特定,2025/02/14,2025/02/18,100,"2,764.7",8,--,-178,--
2267,ヤクルト本社,PTS(O),信用返済買,６ヵ月,特定,2025/02/14,2025/02/18,100,"2,764.9",8,--,-498,--
3397,トリドールホールディングス,東証,信用返済買,６ヵ月,特定,2025/02/14,2025/02/18,100,"3,983",11,--,"-6,421",--
3397,トリドールホールディングス,東証,信用返済買,６ヵ月,特定,2025/02/14,2025/02/18,100,"3,983",11,--,"-6,431",--
6758,ソニーグループ,PTS(O),信用返済買,６ヵ月,特定,2025/02/14,2025/02/18,100,"3,688.6",11,--,"5,229",--
6758,ソニーグループ,PTS(X),信用返済買,６ヵ月,特定,2025/02/14,2025/02/18,100,"3,687.9",11,--,"5,309",--
6758,ソニーグループ,PTS(X),信用返済買,６ヵ月,特定,2025/02/14,2025/02/18,100,"3,687.9",11,--,"5,299",--
2270,雪印メグミルク,東証,信用新規売,６ヵ月,特定,2025/02/13,2025/02/17,200,"2,500",--,--,--,--
5110,住友ゴム工業,PTS(O),信用新規売,６ヵ月,特定,2025/02/13,2025/02/17,300,"1,715",--,--,--,--
5110,住友ゴム工業,東証,信用新規売,６ヵ月,特定,2025/02/13,2025/02/17,200,"1,715",--,--,--,--
5801,古河電気工業,東証,信用新規売,６ヵ月,特定,2025/02/13,2025/02/17,100,"7,283",--,--,--,--
5801,古河電気工業,東証,信用新規売,６ヵ月,特定,2025/02/13,2025/02/17,200,"7,284",--,--,--,--
9308,乾汽船,東証,信用新規売,６ヵ月,特定,2025/02/13,2025/02/17,300,"1,540",--,--,--,--
1925,大和ハウス工業,PTS(O),信用返済売,６ヵ月,特定,2025/02/13,2025/02/17,100,"5,001.7",38,--,"-3,738",--
1963,日揮ホールディングス,東証,信用返済売,６ヵ月,特定,2025/02/13,2025/02/17,100,"1,184",9,--,"-1,409",--
1963,日揮ホールディングス,東証,信用返済売,６ヵ月,特定,2025/02/13,2025/02/17,900,"1,183.5",82,--,"-13,132",--
2270,雪印メグミルク,東証,信用返済売,６ヵ月,特定,2025/02/13,2025/02/17,100,"2,515",20,--,"-10,040",--
2270,雪印メグミルク,東証,信用返済売,６ヵ月,特定,2025/02/13,2025/02/17,100,"2,515",20,--,"-10,040",--
3877,中越パルプ工業,東証,信用返済売,６ヵ月,特定,2025/02/13,2025/02/17,200,"1,445",94,--,"-17,554",--
4124,大阪油化工業,東証,信用返済売,６ヵ月,特定,2025/02/13,2025/02/17,100,"2,700",587,--,"-56,087",--
4124,大阪油化工業,東証,信用返済売,６ヵ月,特定,2025/02/13,2025/02/17,100,"2,700",505,--,"-56,005",--
4124,大阪油化工業,東証,信用返済売,６ヵ月,特定,2025/02/13,2025/02/17,100,"3,140",442,--,"-9,942",--
4124,大阪油化工業,東証,信用返済売,６ヵ月,特定,2025/02/13,2025/02/17,100,"3,140",584,--,"-10,584",--
4124,大阪油化工業,東証,信用返済売,６ヵ月,特定,2025/02/13,2025/02/17,100,"2,700",587,--,"-56,087",--
4619,日本特殊塗料,PTS(O),信用返済売,６ヵ月,特定,2025/02/13,2025/02/17,100,"1,425",42,--,"2,568",--
4619,日本特殊塗料,PTS(X),信用返済売,６ヵ月,特定,2025/02/13,2025/02/17,100,"1,425",42,--,"2,578",--
5110,住友ゴム工業,東証,信用返済売,６ヵ月,特定,2025/02/13,2025/02/17,200,"1,771.5",27,--,173,--
5110,住友ゴム工業,東証,信用返済売,６ヵ月,特定,2025/02/13,2025/02/17,100,"1,771.5",13,--,37,--
5110,住友ゴム工業,PTS(O),信用返済売,６ヵ月,特定,2025/02/13,2025/02/17,100,"1,712.7",13,--,"-5,943",--
5110,住友ゴム工業,PTS(O),信用返済売,６ヵ月,特定,2025/02/13,2025/02/17,100,"1,712.7",13,--,"-5,893",--
5301,東海カーボン,PTS(O),信用返済売,６ヵ月,特定,2025/02/13,2025/02/17,100,891.1,26,--,"4,034",--
5301,東海カーボン,PTS(X),信用返済売,６ヵ月,特定,2025/02/13,2025/02/17,100,891.3,26,--,"4,064",--
5301,東海カーボン,PTS(X),信用返済売,６ヵ月,特定,2025/02/13,2025/02/17,100,891.2,26,--,"4,044",--
5301,東海カーボン,PTS(O),信用返済売,６ヵ月,特定,2025/02/13,2025/02/17,100,891,26,--,"4,034",--
5301,東海カーボン,PTS(X),信用返済売,６ヵ月,特定,2025/02/13,2025/02/17,100,891,26,--,"4,024",--
5301,東海カーボン,PTS(X),信用返済売,６ヵ月,特定,2025/02/13,2025/02/17,200,891.2,52,--,"8,108",--
5301,東海カーボン,PTS(O),信用返済売,６ヵ月,特定,2025/02/13,2025/02/17,300,891.2,78,--,"12,162",--
5988,パイオラックス,東証,信用返済売,６ヵ月,特定,2025/02/13,2025/02/17,100,"2,323",73,--,"-6,663",--
5988,パイオラックス,PTS(X),信用返済売,６ヵ月,特定,2025/02/13,2025/02/17,100,"2,323",73,--,"-6,663",--
6098,リクルートホールディングス,東証,信用返済売,６ヵ月,特定,2025/02/13,2025/02/17,100,"10,225",77,--,"18,703",--
6098,リクルートホールディングス,PTS(O),信用返済売,６ヵ月,特定,2025/02/13,2025/02/17,100,"10,175",76,--,"13,804",--
6098,リクルートホールディングス,東証,信用返済売,６ヵ月,特定,2025/02/13,2025/02/17,100,"10,170",76,--,"13,204",--
6098,リクルートホールディングス,東証,信用返済売,６ヵ月,特定,2025/02/13,2025/02/17,100,"10,170",77,--,"10,163",--
6098,リクルートホールディングス,東証,信用返済売,６ヵ月,特定,2025/02/13,2025/02/17,100,"10,170",77,--,"3,483",--
6143,ソディック,PTS(O),信用返済売,６ヵ月,特定,2025/02/13,2025/02/17,100,854.1,6,--,"-2,096",--
6143,ソディック,東証,信用返済売,６ヵ月,特定,2025/02/13,2025/02/17,100,854,6,--,"-2,106",--
6143,ソディック,PTS(X),信用返済売,６ヵ月,特定,2025/02/13,2025/02/17,100,854.2,6,--,"-1,976",--
6143,ソディック,PTS(X),信用返済売,６ヵ月,特定,2025/02/13,2025/02/17,100,854.1,6,--,"-2,096",--
6143,ソディック,PTS(O),信用返済売,６ヵ月,特定,2025/02/13,2025/02/17,100,854.3,6,--,"-1,976",--
6703,沖電気工業,東証,信用返済売,６ヵ月,特定,2025/02/13,2025/02/17,100,958,7,--,"-1,597",--
6703,沖電気工業,東証,信用返済売,６ヵ月,特定,2025/02/13,2025/02/17,100,958,7,--,"-1,597",--
6703,沖電気工業,PTS(X),信用返済売,６ヵ月,特定,2025/02/13,2025/02/17,100,958.1,7,--,"-1,597",--
6703,沖電気工業,PTS(X),信用返済売,６ヵ月,特定,2025/02/13,2025/02/17,100,958.4,7,--,"-1,057",--
6703,沖電気工業,PTS(O),信用返済売,６ヵ月,特定,2025/02/13,2025/02/17,100,958.5,7,--,"-1,037",--
6703,沖電気工業,PTS(X),信用返済売,６ヵ月,特定,2025/02/13,2025/02/17,100,958.2,7,--,"-1,567",--
6703,沖電気工業,PTS(X),信用返済売,６ヵ月,特定,2025/02/13,2025/02/17,100,958.3,7,--,"-1,547",--
7735,ＳＣＲＥＥＮホールディングス,PTS(X),信用返済売,６ヵ月,特定,2025/02/13,2025/02/17,100,"10,099",308,--,"5,392",--
8698,マネックスグループ,PTS(O),信用返済売,６ヵ月,特定,2025/02/13,2025/02/17,200,845.3,54,--,"-9,954",--
8698,マネックスグループ,PTS(X),信用返済売,６ヵ月,特定,2025/02/13,2025/02/17,200,845.2,54,--,"-9,994",--
1925,大和ハウス工業,PTS(O),信用新規買,６ヵ月,特定,2025/02/13,2025/02/17,100,"5,038.7",--,--,--,--
1963,日揮ホールディングス,東証,信用新規買,６ヵ月,特定,2025/02/13,2025/02/17,"1,000","1,198",--,--,--,--
2270,雪印メグミルク,PTS(X),信用新規買,６ヵ月,特定,2025/02/13,2025/02/17,100,"2,615.2",--,--,--,--
2270,雪印メグミルク,PTS(O),信用新規買,６ヵ月,特定,2025/02/13,2025/02/17,100,"2,615.2",--,--,--,--
3382,セブン＆アイ・ホールディングス,PTS(X),信用新規買,６ヵ月,特定,2025/02/13,2025/02/17,100,"2,408.8",--,--,--,--
3382,セブン＆アイ・ホールディングス,PTS(X),信用新規買,６ヵ月,特定,2025/02/13,2025/02/17,400,"2,408.9",--,--,--,--
4704,トレンドマイクロ,PTS(O),信用新規買,６ヵ月,特定,2025/02/13,2025/02/17,100,"9,675.4",--,--,--,--
5110,住友ゴム工業,東証,信用新規買,６ヵ月,特定,2025/02/13,2025/02/17,100,"1,771.5",--,--,--,--
5110,住友ゴム工業,東証,信用新規買,６ヵ月,特定,2025/02/13,2025/02/17,100,"1,771",--,--,--,--
5110,住友ゴム工業,東証,信用新規買,６ヵ月,特定,2025/02/13,2025/02/17,200,"1,770.5",--,--,--,--
5110,住友ゴム工業,東証,信用新規買,６ヵ月,特定,2025/02/13,2025/02/17,100,"1,772",--,--,--,--
6098,リクルートホールディングス,PTS(X),信用新規買,６ヵ月,特定,2025/02/13,2025/02/17,200,"10,037.2",--,--,--,--
6098,リクルートホールディングス,PTS(X),信用新規買,６ヵ月,特定,2025/02/13,2025/02/17,100,"10,067.6",--,--,--,--
6098,リクルートホールディングス,PTS(O),信用新規買,６ヵ月,特定,2025/02/13,2025/02/17,100,"10,036.2",--,--,--,--
6098,リクルートホールディングス,PTS(O),信用新規買,６ヵ月,特定,2025/02/13,2025/02/17,100,"10,134.4",--,--,--,--
6143,ソディック,東証,信用新規買,６ヵ月,特定,2025/02/13,2025/02/17,300,875,--,--,--,--
6143,ソディック,東証,信用新規買,６ヵ月,特定,2025/02/13,2025/02/17,100,874,--,--,--,--
6143,ソディック,PTS(X),信用新規買,６ヵ月,特定,2025/02/13,2025/02/17,100,873.9,--,--,--,--
6703,沖電気工業,PTS(X),信用新規買,６ヵ月,特定,2025/02/13,2025/02/17,100,973.9,--,--,--,--
6703,沖電気工業,PTS(O),信用新規買,６ヵ月,特定,2025/02/13,2025/02/17,100,973.9,--,--,--,--
6703,沖電気工業,PTS(O),信用新規買,６ヵ月,特定,2025/02/13,2025/02/17,100,973.7,--,--,--,--
6703,沖電気工業,PTS(O),信用新規買,６ヵ月,特定,2025/02/13,2025/02/17,100,968.8,--,--,--,--
6703,沖電気工業,PTS(X),信用新規買,６ヵ月,特定,2025/02/13,2025/02/17,100,968.9,--,--,--,--
6703,沖電気工業,PTS(X),信用新規買,６ヵ月,特定,2025/02/13,2025/02/17,100,973.8,--,--,--,--
6703,沖電気工業,東証,信用新規買,６ヵ月,特定,2025/02/13,2025/02/17,100,974,--,--,--,--
7267,本田技研工業,PTS(X),信用新規買,６ヵ月,特定,2025/02/13,2025/02/17,200,"1,433.4",--,--,--,--
7267,本田技研工業,PTS(X),信用新規買,６ヵ月,特定,2025/02/13,2025/02/17,300,"1,436.9",--,--,--,--
7267,本田技研工業,PTS(X),信用新規買,６ヵ月,特定,2025/02/13,2025/02/17,100,"1,437",--,--,--,--
8152,ソマール,東証,信用新規買,６ヵ月,特定,2025/02/13,2025/02/17,100,"6,430",--,--,--,--
2270,雪印メグミルク,PTS(O),信用返済買,６ヵ月,特定,2025/02/13,2025/02/17,100,"2,534.9",7,--,"-3,497",--
2270,雪印メグミルク,PTS(O),信用返済買,６ヵ月,特定,2025/02/13,2025/02/17,100,"2,534.8",7,--,"-3,487",--
5110,住友ゴム工業,PTS(O),信用返済買,６ヵ月,特定,2025/02/13,2025/02/17,100,"1,727.7",5,--,"-1,275",--
5110,住友ゴム工業,PTS(X),信用返済買,６ヵ月,特定,2025/02/13,2025/02/17,100,"1,727.9",5,--,"-1,295",--
5110,住友ゴム工業,東証,信用返済買,６ヵ月,特定,2025/02/13,2025/02/17,100,"1,728",5,--,"-1,305",--
5110,住友ゴム工業,PTS(X),信用返済買,６ヵ月,特定,2025/02/13,2025/02/17,100,"1,727.8",5,--,"-1,285",--
5110,住友ゴム工業,東証,信用返済買,６ヵ月,特定,2025/02/13,2025/02/17,100,"1,728.5",5,--,"-1,355",--
5801,古河電気工業,東証,信用返済買,６ヵ月,特定,2025/02/13,2025/02/17,100,"7,304",21,--,"-2,121",--
5801,古河電気工業,PTS(X),信用返済買,６ヵ月,特定,2025/02/13,2025/02/17,100,"7,304",21,--,"-2,021",--
5801,古河電気工業,PTS(O),信用返済買,６ヵ月,特定,2025/02/13,2025/02/17,100,"7,303.9",21,--,"-2,011",--
9308,乾汽船,東証,信用返済買,６ヵ月,特定,2025/02/13,2025/02/17,300,"1,500",13,--,"11,987",--
3402,東レ,東証,信用新規売,６ヵ月,特定,2025/02/12,2025/02/14,900,991.7,--,--,--,--
3402,東レ,東証,信用新規売,６ヵ月,特定,2025/02/12,2025/02/14,"1,000",960.5,--,--,--,--
3402,東レ,PTS(O),信用新規売,６ヵ月,特定,2025/02/12,2025/02/14,100,991.7,--,--,--,--
3405,クラレ,東証,信用新規売,６ヵ月,特定,2025/02/12,2025/02/14,500,"2,081",--,--,--,--
7003,三井Ｅ＆Ｓ,PTS(O),信用新規売,６ヵ月,特定,2025/02/12,2025/02/14,100,"1,560",--,--,--,--
7003,三井Ｅ＆Ｓ,東証,信用新規売,６ヵ月,特定,2025/02/12,2025/02/14,100,"1,559",--,--,--,--
7003,三井Ｅ＆Ｓ,東証,信用新規売,６ヵ月,特定,2025/02/12,2025/02/14,200,"1,625",--,--,--,--
7003,三井Ｅ＆Ｓ,東証,信用新規売,６ヵ月,特定,2025/02/12,2025/02/14,100,"1,560",--,--,--,--
7272,ヤマハ発動機,東証,信用新規売,６ヵ月,特定,2025/02/12,2025/02/14,700,"1,210.5",--,--,--,--
7272,ヤマハ発動機,東証,信用新規売,６ヵ月,特定,2025/02/12,2025/02/14,100,"1,211.5",--,--,--,--
7272,ヤマハ発動機,東証,信用新規売,６ヵ月,特定,2025/02/12,2025/02/14,"1,000","1,211",--,--,--,--
7272,ヤマハ発動機,PTS(X),信用新規売,６ヵ月,特定,2025/02/12,2025/02/14,100,"1,211.5",--,--,--,--
7272,ヤマハ発動機,PTS(O),信用新規売,６ヵ月,特定,2025/02/12,2025/02/14,100,"1,211.5",--,--,--,--
1812,鹿島建設,PTS(O),信用返済売,６ヵ月,特定,2025/02/12,2025/02/14,100,"2,756.7",21,--,"-9,291",--
1812,鹿島建設,PTS(X),信用返済売,６ヵ月,特定,2025/02/12,2025/02/14,100,"2,756.6",21,--,"-9,321",--
1812,鹿島建設,PTS(X),信用返済売,６ヵ月,特定,2025/02/12,2025/02/14,100,"2,756.6",21,--,"-9,321",--
1812,鹿島建設,PTS(O),信用返済売,６ヵ月,特定,2025/02/12,2025/02/14,100,"2,756.7",21,--,"-7,251",--
1812,鹿島建設,PTS(X),信用返済売,６ヵ月,特定,2025/02/12,2025/02/14,100,"2,756.7",21,--,"-7,001",--
2264,森永乳業,東証,信用返済売,６ヵ月,特定,2025/02/12,2025/02/14,100,"2,771.5",21,--,"-1,011",--
2264,森永乳業,東証,信用返済売,６ヵ月,特定,2025/02/12,2025/02/14,100,"2,771.5",21,--,"-1,021",--
3402,東レ,東証,信用返済売,６ヵ月,特定,2025/02/12,2025/02/14,100,"1,000",8,--,"-6,298",--
3402,東レ,東証,信用返済売,６ヵ月,特定,2025/02/12,2025/02/14,700,982.7,52,--,"4,148",--
3402,東レ,PTS(O),信用返済売,６ヵ月,特定,2025/02/12,2025/02/14,100,972,7,--,133,--
3402,東レ,PTS(O),信用返済売,６ヵ月,特定,2025/02/12,2025/02/14,100,983,7,--,623,--
3402,東レ,東証,信用返済売,６ヵ月,特定,2025/02/12,2025/02/14,400,"1,000",32,--,"-25,152",--
3402,東レ,PTS(O),信用返済売,６ヵ月,特定,2025/02/12,2025/02/14,100,982.7,7,--,593,--
3402,東レ,PTS(X),信用返済売,６ヵ月,特定,2025/02/12,2025/02/14,100,982.9,7,--,613,--
3405,クラレ,東証,信用返済売,６ヵ月,特定,2025/02/12,2025/02/14,200,"2,131",34,--,"-20,034",--
3844,コムチュア,PTS(X),信用返済売,６ヵ月,特定,2025/02/12,2025/02/14,100,"1,950.7",125,--,"-9,785",--
3844,コムチュア,PTS(X),信用返済売,６ヵ月,特定,2025/02/12,2025/02/14,100,"1,950.8",125,--,"-9,775",--
5076,インフロニア・ホールディングス,PTS(O),信用返済売,６ヵ月,特定,2025/02/12,2025/02/14,100,"1,147.6",8,--,"-2,188",--
5076,インフロニア・ホールディングス,PTS(O),信用返済売,６ヵ月,特定,2025/02/12,2025/02/14,100,"1,147.6",8,--,"-2,188",--
5076,インフロニア・ホールディングス,PTS(X),信用返済売,６ヵ月,特定,2025/02/12,2025/02/14,100,"1,147.5",8,--,"-2,198",--
5233,太平洋セメント,東証,信用返済売,６ヵ月,特定,2025/02/12,2025/02/14,200,"4,129",63,--,"-2,023",--
5631,日本製鋼所,東証,信用返済売,６ヵ月,特定,2025/02/12,2025/02/14,200,"6,053",91,--,"23,709",--
5631,日本製鋼所,東証,信用返済売,６ヵ月,特定,2025/02/12,2025/02/14,100,"5,981",45,--,"4,655",--
5631,日本製鋼所,東証,信用返済売,６ヵ月,特定,2025/02/12,2025/02/14,200,"5,982",91,--,"9,509",--
5803,フジクラ,東証,信用返済売,６ヵ月,特定,2025/02/12,2025/02/14,100,"7,450",56,--,"12,974",--
5803,フジクラ,東証,信用返済売,６ヵ月,特定,2025/02/12,2025/02/14,100,"7,347",56,--,"2,674",--
5803,フジクラ,東証,信用返済売,６ヵ月,特定,2025/02/12,2025/02/14,100,"7,450",56,--,"12,964",--
5803,フジクラ,東証,信用返済売,６ヵ月,特定,2025/02/12,2025/02/14,100,"7,491",56,--,"17,074",--
5803,フジクラ,PTS(O),信用返済売,６ヵ月,特定,2025/02/12,2025/02/14,100,"7,347.2",56,--,"2,694",--
7003,三井Ｅ＆Ｓ,東証,信用返済売,６ヵ月,特定,2025/02/12,2025/02/14,400,"1,652",51,--,"-11,651",--
7003,三井Ｅ＆Ｓ,東証,信用返済売,６ヵ月,特定,2025/02/12,2025/02/14,200,"1,651",25,--,"-6,025",--
7003,三井Ｅ＆Ｓ,PTS(X),信用返済売,６ヵ月,特定,2025/02/12,2025/02/14,200,"1,652.2",25,--,"-5,585",--
7003,三井Ｅ＆Ｓ,PTS(X),信用返済売,６ヵ月,特定,2025/02/12,2025/02/14,100,"1,652.1",12,--,"-2,902",--
7003,三井Ｅ＆Ｓ,PTS(X),信用返済売,６ヵ月,特定,2025/02/12,2025/02/14,100,"1,652.2",12,--,"-2,792",--
7732,トプコン,PTS(X),信用返済売,６ヵ月,特定,2025/02/12,2025/02/14,200,"2,818.2",602,--,"-32,062",--
7735,ＳＣＲＥＥＮホールディングス,東証,信用返済売,６ヵ月,特定,2025/02/12,2025/02/14,100,"9,996",235,--,"-21,935",--
7735,ＳＣＲＥＥＮホールディングス,PTS(O),信用返済売,６ヵ月,特定,2025/02/12,2025/02/14,100,"9,996",235,--,"-21,835",--
1812,鹿島建設,PTS(O),信用新規買,６ヵ月,特定,2025/02/12,2025/02/14,100,"2,849.6",--,--,--,--
1812,鹿島建設,東証,信用新規買,６ヵ月,特定,2025/02/12,2025/02/14,100,"2,826.5",--,--,--,--
1812,鹿島建設,PTS(X),信用新規買,６ヵ月,特定,2025/02/12,2025/02/14,100,"2,849.6",--,--,--,--
1812,鹿島建設,東証,信用新規買,６ヵ月,特定,2025/02/12,2025/02/14,100,"2,829",--,--,--,--
1812,鹿島建設,PTS(O),信用新規買,６ヵ月,特定,2025/02/12,2025/02/14,100,"2,849.4",--,--,--,--
2264,森永乳業,PTS(X),信用新規買,６ヵ月,特定,2025/02/12,2025/02/14,100,"2,781.5",--,--,--,--
2264,森永乳業,PTS(O),信用新規買,６ヵ月,特定,2025/02/12,2025/02/14,100,"2,781.4",--,--,--,--
3402,東レ,東証,信用新規買,６ヵ月,特定,2025/02/12,2025/02/14,100,970.6,--,--,--,--
3402,東レ,PTS(X),信用新規買,６ヵ月,特定,2025/02/12,2025/02/14,400,"1,062.8",--,--,--,--
3402,東レ,PTS(X),信用新規買,６ヵ月,特定,2025/02/12,2025/02/14,100,"1,062.9",--,--,--,--
3402,東レ,東証,信用新規買,６ヵ月,特定,2025/02/12,2025/02/14,"1,000",976.7,--,--,--,--
3405,クラレ,PTS(O),信用新規買,６ヵ月,特定,2025/02/12,2025/02/14,200,"2,231",--,--,--,--
3877,中越パルプ工業,PTS(X),信用新規買,６ヵ月,特定,2025/02/12,2025/02/14,200,"1,532.3",--,--,--,--
4619,日本特殊塗料,PTS(J),信用新規買,６ヵ月,特定,2025/02/12,2025/02/14,100,"1,398.8",--,--,--,--
4619,日本特殊塗料,PTS(X),信用新規買,６ヵ月,特定,2025/02/12,2025/02/14,100,"1,398.9",--,--,--,--
5076,インフロニア・ホールディングス,PTS(X),信用新規買,６ヵ月,特定,2025/02/12,2025/02/14,200,"1,169.4",--,--,--,--
5076,インフロニア・ホールディングス,PTS(O),信用新規買,６ヵ月,特定,2025/02/12,2025/02/14,100,"1,169.4",--,--,--,--
5233,太平洋セメント,PTS(O),信用新規買,６ヵ月,特定,2025/02/12,2025/02/14,200,"4,138.8",--,--,--,--
5301,東海カーボン,東証,信用新規買,６ヵ月,特定,2025/02/12,2025/02/14,600,850.4,--,--,--,--
5301,東海カーボン,東証,信用新規買,６ヵ月,特定,2025/02/12,2025/02/14,300,850.5,--,--,--,--
5301,東海カーボン,PTS(O),信用新規買,６ヵ月,特定,2025/02/12,2025/02/14,100,850.4,--,--,--,--
5631,日本製鋼所,東証,信用新規買,６ヵ月,特定,2025/02/12,2025/02/14,500,"5,934",--,--,--,--
5803,フジクラ,PTS(J),信用新規買,６ヵ月,特定,2025/02/12,2025/02/14,100,"7,319.8",--,--,--,--
5803,フジクラ,PTS(J),信用新規買,６ヵ月,特定,2025/02/12,2025/02/14,100,"7,319.7",--,--,--,--
5803,フジクラ,PTS(O),信用新規買,６ヵ月,特定,2025/02/12,2025/02/14,200,"7,319.7",--,--,--,--
5803,フジクラ,PTS(X),信用新規買,６ヵ月,特定,2025/02/12,2025/02/14,100,"7,319.7",--,--,--,--
5988,パイオラックス,PTS(O),信用新規買,６ヵ月,特定,2025/02/12,2025/02/14,100,"2,388.9",--,--,--,--
5988,パイオラックス,PTS(J),信用新規買,６ヵ月,特定,2025/02/12,2025/02/14,100,"2,388.9",--,--,--,--
6957,芝浦電子,PTS(X),信用新規買,６ヵ月,特定,2025/02/12,2025/02/14,100,"4,720",--,--,--,--
7003,三井Ｅ＆Ｓ,東証,信用新規買,６ヵ月,特定,2025/02/12,2025/02/14,700,"1,681",--,--,--,--
7003,三井Ｅ＆Ｓ,東証,信用新規買,６ヵ月,特定,2025/02/12,2025/02/14,200,"1,680",--,--,--,--
7003,三井Ｅ＆Ｓ,PTS(O),信用新規買,６ヵ月,特定,2025/02/12,2025/02/14,100,"1,680",--,--,--,--
7735,ＳＣＲＥＥＮホールディングス,PTS(X),信用新規買,６ヵ月,特定,2025/02/12,2025/02/14,100,"10,042",--,--,--,--
8698,マネックスグループ,PTS(X),信用新規買,６ヵ月,特定,2025/02/12,2025/02/14,200,894.9,--,--,--,--
8698,マネックスグループ,PTS(O),信用新規買,６ヵ月,特定,2025/02/12,2025/02/14,200,894.8,--,--,--,--
3402,東レ,東証,信用返済買,６ヵ月,特定,2025/02/12,2025/02/14,100,980.1,2,--,"1,158",--
3402,東レ,東証,信用返済買,６ヵ月,特定,2025/02/12,2025/02/14,900,980.1,26,--,"10,414",--
3402,東レ,東証,信用返済買,６ヵ月,特定,2025/02/12,2025/02/14,100,971.5,2,--,"-1,102",--
3402,東レ,東証,信用返済買,６ヵ月,特定,2025/02/12,2025/02/14,500,972,14,--,"-5,764",--
3402,東レ,東証,信用返済買,６ヵ月,特定,2025/02/12,2025/02/14,100,971.6,2,--,"-1,112",--
3402,東レ,東証,信用返済買,６ヵ月,特定,2025/02/12,2025/02/14,200,971.9,5,--,"-2,285",--
3402,東レ,東証,信用返済買,６ヵ月,特定,2025/02/12,2025/02/14,100,971.8,2,--,"-1,132",--
3405,クラレ,東証,信用返済買,６ヵ月,特定,2025/02/12,2025/02/14,200,"2,051",12,--,"5,988",--
3405,クラレ,PTS(O),信用返済買,６ヵ月,特定,2025/02/12,2025/02/14,100,"2,051",6,--,"2,994",--
3405,クラレ,PTS(O),信用返済買,６ヵ月,特定,2025/02/12,2025/02/14,200,"2,051.5",12,--,"5,888",--
7003,三井Ｅ＆Ｓ,PTS(X),信用返済買,６ヵ月,特定,2025/02/12,2025/02/14,100,"1,675",4,--,"-5,004",--
7003,三井Ｅ＆Ｓ,PTS(J),信用返済買,６ヵ月,特定,2025/02/12,2025/02/14,100,"1,674.9",4,--,"-11,494",--
7003,三井Ｅ＆Ｓ,PTS(O),信用返済買,６ヵ月,特定,2025/02/12,2025/02/14,100,"1,674.9",4,--,"-4,994",--
7003,三井Ｅ＆Ｓ,東証,信用返済買,６ヵ月,特定,2025/02/12,2025/02/14,100,"1,675",4,--,"-11,604",--
7003,三井Ｅ＆Ｓ,東証,信用返済買,６ヵ月,特定,2025/02/12,2025/02/14,100,"1,675",4,--,"-11,504",--
7272,ヤマハ発動機,PTS(O),信用返済買,６ヵ月,特定,2025/02/12,2025/02/14,100,"1,222",3,--,"-1,103",--
7272,ヤマハ発動機,東証,信用返済買,６ヵ月,特定,2025/02/12,2025/02/14,100,"1,224",3,--,"-1,253",--
7272,ヤマハ発動機,東証,信用返済買,６ヵ月,特定,2025/02/12,2025/02/14,100,"1,224",3,--,"-1,253",--
7272,ヤマハ発動機,東証,信用返済買,６ヵ月,特定,2025/02/12,2025/02/14,100,"1,224",3,--,"-1,253",--
7272,ヤマハ発動機,東証,信用返済買,６ヵ月,特定,2025/02/12,2025/02/14,100,"1,222.5",3,--,"-1,153",--
7272,ヤマハ発動機,東証,信用返済買,６ヵ月,特定,2025/02/12,2025/02/14,700,"1,224",25,--,"-9,475",--
7272,ヤマハ発動機,東証,信用返済買,６ヵ月,特定,2025/02/12,2025/02/14,200,"1,222",7,--,"-2,207",--
7272,ヤマハ発動機,東証,信用返済買,６ヵ月,特定,2025/02/12,2025/02/14,200,"1,223",7,--,"-2,407",--
7272,ヤマハ発動機,PTS(X),信用返済買,６ヵ月,特定,2025/02/12,2025/02/14,100,"1,222",3,--,"-1,103",--
7272,ヤマハ発動機,東証,信用返済買,６ヵ月,特定,2025/02/12,2025/02/14,300,"1,223.5",10,--,"-3,760",--
2269,明治ホールディングス,PTS(O),信用新規売,６ヵ月,特定,2025/02/10,2025/02/13,100,"2,978.5",--,--,--,--
2269,明治ホールディングス,PTS(O),信用新規売,６ヵ月,特定,2025/02/10,2025/02/13,100,"2,981",--,--,--,--
2269,明治ホールディングス,PTS(O),信用新規売,６ヵ月,特定,2025/02/10,2025/02/13,100,"2,982",--,--,--,--
2269,明治ホールディングス,PTS(O),信用新規売,６ヵ月,特定,2025/02/10,2025/02/13,100,"2,980.7",--,--,--,--
2432,ディー・エヌ・エー,PTS(O),信用新規売,６ヵ月,特定,2025/02/10,2025/02/13,100,"3,696.3",--,--,--,--
2432,ディー・エヌ・エー,PTS(X),信用新規売,６ヵ月,特定,2025/02/10,2025/02/13,100,"3,696.2",--,--,--,--
2432,ディー・エヌ・エー,PTS(X),信用新規売,６ヵ月,特定,2025/02/10,2025/02/13,100,"3,725.2",--,--,--,--
2432,ディー・エヌ・エー,PTS(O),信用新規売,６ヵ月,特定,2025/02/10,2025/02/13,100,"3,725.3",--,--,--,--
5803,フジクラ,PTS(X),信用新規売,６ヵ月,特定,2025/02/10,2025/02/13,100,"6,625.2",--,--,--,--
5803,フジクラ,PTS(O),信用新規売,６ヵ月,特定,2025/02/10,2025/02/13,100,"6,246.2",--,--,--,--
5803,フジクラ,東証,信用新規売,６ヵ月,特定,2025/02/10,2025/02/13,200,"6,598",--,--,--,--
5803,フジクラ,東証,信用新規売,６ヵ月,特定,2025/02/10,2025/02/13,100,"6,242",--,--,--,--
5803,フジクラ,東証,信用新規売,６ヵ月,特定,2025/02/10,2025/02/13,100,"6,242",--,--,--,--
5803,フジクラ,PTS(X),信用新規売,６ヵ月,特定,2025/02/10,2025/02/13,100,"6,535.2",--,--,--,--
5803,フジクラ,東証,信用新規売,６ヵ月,特定,2025/02/10,2025/02/13,200,"6,525",--,--,--,--
5803,フジクラ,東証,信用新規売,６ヵ月,特定,2025/02/10,2025/02/13,100,"6,524",--,--,--,--
5803,フジクラ,PTS(O),信用新規売,６ヵ月,特定,2025/02/10,2025/02/13,200,"6,598",--,--,--,--
1802,大林組,PTS(O),信用返済売,６ヵ月,特定,2025/02/10,2025/02/13,200,"2,163.1",32,--,"8,308",--
1802,大林組,PTS(O),信用返済売,６ヵ月,特定,2025/02/10,2025/02/13,100,"2,163.2",16,--,"4,174",--
1802,大林組,PTS(X),信用返済売,６ヵ月,特定,2025/02/10,2025/02/13,200,"2,163.1",32,--,"8,288",--
186A,アストロスケールホールディングス,東証,信用返済売,６ヵ月,特定,2025/02/10,2025/02/13,300,644,59,--,391,--
186A,アストロスケールホールディングス,東証,信用返済売,６ヵ月,特定,2025/02/10,2025/02/13,200,644,39,--,221,--
186A,アストロスケールホールディングス,東証,信用返済売,６ヵ月,特定,2025/02/10,2025/02/13,200,644,39,--,241,--
186A,アストロスケールホールディングス,東証,信用返済売,６ヵ月,特定,2025/02/10,2025/02/13,300,644,59,--,421,--
2269,明治ホールディングス,PTS(O),信用返済売,６ヵ月,特定,2025/02/10,2025/02/13,100,"2,971.2",23,--,"-14,903",--
2269,明治ホールディングス,PTS(O),信用返済売,６ヵ月,特定,2025/02/10,2025/02/13,100,"2,971.2",23,--,"-14,903",--
3382,セブン＆アイ・ホールディングス,PTS(O),信用返済売,無期限,特定,2025/02/10,2025/02/13,100,"2,400.2",299,--,"-4,479",--
3382,セブン＆アイ・ホールディングス,PTS(X),信用返済売,無期限,特定,2025/02/10,2025/02/13,100,"2,400.3",299,--,"-4,469",--
3382,セブン＆アイ・ホールディングス,PTS(X),信用返済売,無期限,特定,2025/02/10,2025/02/13,100,"2,400.2",299,--,"-4,479",--
3382,セブン＆アイ・ホールディングス,PTS(X),信用返済売,無期限,特定,2025/02/10,2025/02/13,100,"2,400.1",299,--,"-4,489",--
3382,セブン＆アイ・ホールディングス,PTS(O),信用返済売,無期限,特定,2025/02/10,2025/02/13,100,"2,400.3",299,--,"-4,469",--
3382,セブン＆アイ・ホールディングス,PTS(X),信用返済売,無期限,特定,2025/02/10,2025/02/13,500,"2,400.3","1,495",--,"-19,845",--
3861,王子ホールディングス,PTS(X),信用返済売,６ヵ月,特定,2025/02/10,2025/02/13,100,615.2,4,--,546,--
3861,王子ホールディングス,PTS(X),信用返済売,６ヵ月,特定,2025/02/10,2025/02/13,100,615.3,4,--,556,--
3861,王子ホールディングス,PTS(O),信用返済売,６ヵ月,特定,2025/02/10,2025/02/13,300,615.2,14,--,"1,636",--
3861,王子ホールディングス,PTS(O),信用返済売,６ヵ月,特定,2025/02/10,2025/02/13,200,615.3,9,--,"1,131",--
3861,王子ホールディングス,PTS(O),信用返済売,６ヵ月,特定,2025/02/10,2025/02/13,300,615.4,14,--,"1,696",--
3861,王子ホールディングス,東証,信用返済売,６ヵ月,特定,2025/02/10,2025/02/13,200,615.1,9,--,"1,071",--
3861,王子ホールディングス,東証,信用返済売,６ヵ月,特定,2025/02/10,2025/02/13,100,615.1,4,--,536,--
3861,王子ホールディングス,東証,信用返済売,６ヵ月,特定,2025/02/10,2025/02/13,200,615.2,9,--,"1,111",--
5803,フジクラ,東証,信用返済売,６ヵ月,特定,2025/02/10,2025/02/13,200,"6,640",101,--,-701,--
5803,フジクラ,東証,信用返済売,６ヵ月,特定,2025/02/10,2025/02/13,100,"6,641",50,--,-160,--
5803,フジクラ,東証,信用返済売,６ヵ月,特定,2025/02/10,2025/02/13,100,"6,242",49,--,"-18,849",--
5803,フジクラ,東証,信用返済売,６ヵ月,特定,2025/02/10,2025/02/13,200,"6,640",101,--,-701,--
5803,フジクラ,東証,信用返済売,６ヵ月,特定,2025/02/10,2025/02/13,100,"6,242",49,--,"-18,949",--
5803,フジクラ,東証,信用返済売,６ヵ月,特定,2025/02/10,2025/02/13,100,"6,640",50,--,-260,--
5803,フジクラ,東証,信用返済売,６ヵ月,特定,2025/02/10,2025/02/13,400,"6,640",203,--,"-1,403",--
6920,レーザーテック,PTS(O),信用返済売,６ヵ月,特定,2025/02/10,2025/02/13,100,"15,280",234,--,-414,--
6920,レーザーテック,PTS(O),信用返済売,６ヵ月,特定,2025/02/10,2025/02/13,100,"15,280",234,--,-374,--
1802,大林組,PTS(X),信用新規買,６ヵ月,特定,2025/02/10,2025/02/13,200,"2,121.4",--,--,--,--
1802,大林組,PTS(X),信用新規買,６ヵ月,特定,2025/02/10,2025/02/13,100,"2,121.3",--,--,--,--
1802,大林組,東証,信用新規買,６ヵ月,特定,2025/02/10,2025/02/13,200,"2,121.5",--,--,--,--
2269,明治ホールディングス,東証,信用新規買,６ヵ月,特定,2025/02/10,2025/02/13,100,"3,120",--,--,--,--
2269,明治ホールディングス,PTS(O),信用新規買,６ヵ月,特定,2025/02/10,2025/02/13,100,"3,120",--,--,--,--
3382,セブン＆アイ・ホールディングス,東証,信用新規買,６ヵ月,特定,2025/02/10,2025/02/13,"1,000","2,400",--,--,--,--
3861,王子ホールディングス,PTS(O),信用新規買,６ヵ月,特定,2025/02/10,2025/02/13,500,609.7,--,--,--,--
3861,王子ホールディングス,PTS(X),信用新規買,６ヵ月,特定,2025/02/10,2025/02/13,200,609.6,--,--,--,--
3861,王子ホールディングス,PTS(O),信用新規買,６ヵ月,特定,2025/02/10,2025/02/13,200,609.6,--,--,--,--
3861,王子ホールディングス,東証,信用新規買,６ヵ月,特定,2025/02/10,2025/02/13,500,609.7,--,--,--,--
3861,王子ホールディングス,PTS(X),信用新規買,６ヵ月,特定,2025/02/10,2025/02/13,100,609.7,--,--,--,--
5803,フジクラ,PTS(O),信用新規買,６ヵ月,特定,2025/02/10,2025/02/13,200,"6,643",--,--,--,--
5803,フジクラ,東証,信用新規買,６ヵ月,特定,2025/02/10,2025/02/13,400,"6,643",--,--,--,--
5803,フジクラ,PTS(X),信用新規買,６ヵ月,特定,2025/02/10,2025/02/13,200,"6,643",--,--,--,--
5803,フジクラ,東証,信用新規買,６ヵ月,特定,2025/02/10,2025/02/13,100,"6,430",--,--,--,--
5803,フジクラ,東証,信用新規買,６ヵ月,特定,2025/02/10,2025/02/13,100,"6,431",--,--,--,--
5803,フジクラ,PTS(J),信用新規買,６ヵ月,特定,2025/02/10,2025/02/13,200,"6,642.1",--,--,--,--
6920,レーザーテック,PTS(X),信用新規買,６ヵ月,特定,2025/02/10,2025/02/13,100,"15,272.6",--,--,--,--
6920,レーザーテック,PTS(O),信用新規買,６ヵ月,特定,2025/02/10,2025/02/13,100,"15,273.4",--,--,--,--
2269,明治ホールディングス,PTS(J),信用返済買,６ヵ月,特定,2025/02/10,2025/02/13,100,"2,917.9",8,--,"6,052",--
2269,明治ホールディングス,PTS(O),信用返済買,６ヵ月,特定,2025/02/10,2025/02/13,100,"2,918",8,--,"6,262",--
2269,明治ホールディングス,PTS(O),信用返済買,６ヵ月,特定,2025/02/10,2025/02/13,100,"2,917.6",8,--,"6,332",--
2269,明治ホールディングス,PTS(O),信用返済買,６ヵ月,特定,2025/02/10,2025/02/13,100,"2,917.6",8,--,"6,432",--
2432,ディー・エヌ・エー,東証,信用返済買,６ヵ月,特定,2025/02/10,2025/02/13,100,"3,732",11,--,-691,--
2432,ディー・エヌ・エー,東証,信用返済買,６ヵ月,特定,2025/02/10,2025/02/13,100,"3,732",11,--,"-3,581",--
2432,ディー・エヌ・エー,東証,信用返済買,６ヵ月,特定,2025/02/10,2025/02/13,100,"3,732",11,--,"-3,591",--
2432,ディー・エヌ・エー,東証,信用返済買,６ヵ月,特定,2025/02/10,2025/02/13,100,"3,732",11,--,-681,--
5803,フジクラ,東証,信用返済買,６ヵ月,特定,2025/02/10,2025/02/13,100,"6,649",19,--,"-12,519",--
5803,フジクラ,東証,信用返済買,６ヵ月,特定,2025/02/10,2025/02/13,200,"6,649",39,--,"-10,239",--
5803,フジクラ,東証,信用返済買,６ヵ月,特定,2025/02/10,2025/02/13,100,"6,649",18,--,"-40,718",--
5803,フジクラ,東証,信用返済買,６ヵ月,特定,2025/02/10,2025/02/13,100,"6,649",18,--,"-40,718",--
5803,フジクラ,東証,信用返済買,６ヵ月,特定,2025/02/10,2025/02/13,200,"6,649",39,--,"-24,839",--
5803,フジクラ,東証,信用返済買,６ヵ月,特定,2025/02/10,2025/02/13,100,"6,649",19,--,"-11,399",--
5803,フジクラ,東証,信用返済買,６ヵ月,特定,2025/02/10,2025/02/13,100,"6,649",18,--,"-40,298",--
5803,フジクラ,東証,信用返済買,６ヵ月,特定,2025/02/10,2025/02/13,200,"6,649",39,--,"-10,239",--
5803,フジクラ,東証,信用返済買,６ヵ月,特定,2025/02/10,2025/02/13,100,"6,649",19,--,"-2,399",--
3563,ＦＯＯＤ　＆　ＬＩＦＥ　ＣＯＭＰＡＮＩＥＳ,PTS(X),信用新規売,６ヵ月,特定,2025/02/07,2025/02/12,100,"3,512.7",--,--,--,--
3563,ＦＯＯＤ　＆　ＬＩＦＥ　ＣＯＭＰＡＮＩＥＳ,PTS(X),信用新規売,６ヵ月,特定,2025/02/07,2025/02/12,100,"3,512.8",--,--,--,--
3563,ＦＯＯＤ　＆　ＬＩＦＥ　ＣＯＭＰＡＮＩＥＳ,PTS(O),信用新規売,６ヵ月,特定,2025/02/07,2025/02/12,100,"3,654.4",--,--,--,--
5805,ＳＷＣＣ,PTS(X),信用新規売,６ヵ月,特定,2025/02/07,2025/02/12,100,"7,362",--,--,--,--
5805,ＳＷＣＣ,PTS(O),信用新規売,６ヵ月,特定,2025/02/07,2025/02/12,100,"6,831",--,--,--,--
5805,ＳＷＣＣ,PTS(O),信用新規売,６ヵ月,特定,2025/02/07,2025/02/12,100,"7,551",--,--,--,--
5805,ＳＷＣＣ,PTS(X),信用新規売,６ヵ月,特定,2025/02/07,2025/02/12,100,"7,341",--,--,--,--
5805,ＳＷＣＣ,東証,信用新規売,６ヵ月,特定,2025/02/07,2025/02/12,100,"7,370",--,--,--,--
5805,ＳＷＣＣ,東証,信用新規売,６ヵ月,特定,2025/02/07,2025/02/12,100,"7,380",--,--,--,--
5805,ＳＷＣＣ,東証,信用新規売,６ヵ月,特定,2025/02/07,2025/02/12,100,"7,390",--,--,--,--
5805,ＳＷＣＣ,東証,信用新規売,６ヵ月,特定,2025/02/07,2025/02/12,100,"7,390",--,--,--,--
5805,ＳＷＣＣ,東証,信用新規売,６ヵ月,特定,2025/02/07,2025/02/12,100,"6,650",--,--,--,--
5805,ＳＷＣＣ,東証,信用新規売,６ヵ月,特定,2025/02/07,2025/02/12,100,"6,650",--,--,--,--
5805,ＳＷＣＣ,東証,信用新規売,６ヵ月,特定,2025/02/07,2025/02/12,100,"6,830",--,--,--,--
5805,ＳＷＣＣ,東証,信用新規売,６ヵ月,特定,2025/02/07,2025/02/12,100,"6,640",--,--,--,--
6525,ＫＯＫＵＳＡＩ　ＥＬＥＣＴＲＩＣ,東証,信用新規売,日計りHP,特定,2025/02/07,2025/02/12,100,"2,443",--,--,--,--
6525,ＫＯＫＵＳＡＩ　ＥＬＥＣＴＲＩＣ,東証,信用新規売,日計りHP,特定,2025/02/07,2025/02/12,400,"2,441.5",--,--,--,--
6525,ＫＯＫＵＳＡＩ　ＥＬＥＣＴＲＩＣ,東証,信用新規売,日計りHP,特定,2025/02/07,2025/02/12,100,"2,441",--,--,--,--
6525,ＫＯＫＵＳＡＩ　ＥＬＥＣＴＲＩＣ,東証,信用新規売,日計りHP,特定,2025/02/07,2025/02/12,100,"2,444",--,--,--,--
6525,ＫＯＫＵＳＡＩ　ＥＬＥＣＴＲＩＣ,東証,信用新規売,日計りHP,特定,2025/02/07,2025/02/12,100,"2,442",--,--,--,--
6525,ＫＯＫＵＳＡＩ　ＥＬＥＣＴＲＩＣ,東証,信用新規売,日計りHP,特定,2025/02/07,2025/02/12,100,"2,478.5",--,--,--,--
6525,ＫＯＫＵＳＡＩ　ＥＬＥＣＴＲＩＣ,東証,信用新規売,日計りHP,特定,2025/02/07,2025/02/12,400,"2,480",--,--,--,--
6525,ＫＯＫＵＳＡＩ　ＥＬＥＣＴＲＩＣ,東証,信用新規売,日計りHP,特定,2025/02/07,2025/02/12,100,"2,442.5",--,--,--,--
6525,ＫＯＫＵＳＡＩ　ＥＬＥＣＴＲＩＣ,東証,信用新規売,日計りHP,特定,2025/02/07,2025/02/12,200,"2,442",--,--,--,--
6525,ＫＯＫＵＳＡＩ　ＥＬＥＣＴＲＩＣ,東証,信用新規売,日計りHP,特定,2025/02/07,2025/02/12,100,"2,482",--,--,--,--
6525,ＫＯＫＵＳＡＩ　ＥＬＥＣＴＲＩＣ,東証,信用新規売,日計りHP,特定,2025/02/07,2025/02/12,300,"2,440.5",--,--,--,--
6525,ＫＯＫＵＳＡＩ　ＥＬＥＣＴＲＩＣ,東証,信用新規売,日計りHP,特定,2025/02/07,2025/02/12,200,"2,479",--,--,--,--
6525,ＫＯＫＵＳＡＩ　ＥＬＥＣＴＲＩＣ,東証,信用新規売,日計りHP,特定,2025/02/07,2025/02/12,100,"2,441.5",--,--,--,--
6525,ＫＯＫＵＳＡＩ　ＥＬＥＣＴＲＩＣ,東証,信用新規売,日計りHP,特定,2025/02/07,2025/02/12,100,"2,481.5",--,--,--,--
6525,ＫＯＫＵＳＡＩ　ＥＬＥＣＴＲＩＣ,東証,信用新規売,日計りHP,特定,2025/02/07,2025/02/12,100,"2,481",--,--,--,--
7202,いすゞ自動車,PTS(O),信用新規売,６ヵ月,特定,2025/02/07,2025/02/12,100,"1,981.7",--,--,--,--
7202,いすゞ自動車,PTS(O),信用新規売,６ヵ月,特定,2025/02/07,2025/02/12,100,"1,981.6",--,--,--,--
1801,大成建設,東証,信用返済売,６ヵ月,特定,2025/02/07,2025/02/12,100,"6,779",51,--,"6,249",--
3382,セブン＆アイ・ホールディングス,PTS(X),信用返済売,無期限,特定,2025/02/07,2025/02/12,500,"2,390.1",745,--,"-20,195",--
3563,ＦＯＯＤ　＆　ＬＩＦＥ　ＣＯＭＰＡＮＩＥＳ,PTS(X),信用返済売,６ヵ月,特定,2025/02/07,2025/02/12,100,"4,133.8",29,--,"33,461",--
3563,ＦＯＯＤ　＆　ＬＩＦＥ　ＣＯＭＰＡＮＩＥＳ,PTS(X),信用返済売,６ヵ月,特定,2025/02/07,2025/02/12,100,"4,133.9",28,--,"39,382",--
3563,ＦＯＯＤ　＆　ＬＩＦＥ　ＣＯＭＰＡＮＩＥＳ,PTS(X),信用返済売,６ヵ月,特定,2025/02/07,2025/02/12,100,"4,035.9",28,--,"29,582",--
3563,ＦＯＯＤ　＆　ＬＩＦＥ　ＣＯＭＰＡＮＩＥＳ,PTS(X),信用返済売,６ヵ月,特定,2025/02/07,2025/02/12,100,"3,929.5",28,--,"18,942",--
3844,コムチュア,東証,信用返済売,６ヵ月,特定,2025/02/07,2025/02/12,100,"2,023",94,--,"-2,494",--
3844,コムチュア,東証,信用返済売,６ヵ月,特定,2025/02/07,2025/02/12,100,"2,023",94,--,"-2,494",--
3844,コムチュア,東証,信用返済売,６ヵ月,特定,2025/02/07,2025/02/12,100,"2,023",94,--,"-2,484",--
4061,デンカ,PTS(X),信用返済売,６ヵ月,特定,2025/02/07,2025/02/12,100,"2,145.6",16,--,"-2,656",--
4061,デンカ,PTS(O),信用返済売,６ヵ月,特定,2025/02/07,2025/02/12,100,"2,145.7",16,--,"-2,646",--
4523,エーザイ,PTS(O),信用返済売,６ヵ月,特定,2025/02/07,2025/02/12,100,"4,566.1",35,--,-275,--
4523,エーザイ,PTS(O),信用返済売,６ヵ月,特定,2025/02/07,2025/02/12,100,"4,566.2",35,--,-265,--
4611,大日本塗料,PTS(O),信用返済売,６ヵ月,特定,2025/02/07,2025/02/12,100,"1,211.3",28,--,"-3,298",--
4611,大日本塗料,PTS(X),信用返済売,６ヵ月,特定,2025/02/07,2025/02/12,100,"1,211.1",28,--,"-3,308",--
4611,大日本塗料,PTS(X),信用返済売,６ヵ月,特定,2025/02/07,2025/02/12,100,"1,211.2",28,--,"-3,308",--
5805,ＳＷＣＣ,東証,信用返済売,６ヵ月,特定,2025/02/07,2025/02/12,100,"6,860",56,--,"-55,956",--
5805,ＳＷＣＣ,東証,信用返済売,６ヵ月,特定,2025/02/07,2025/02/12,100,"6,860",53,--,"-13,653",--
5805,ＳＷＣＣ,東証,信用返済売,６ヵ月,特定,2025/02/07,2025/02/12,100,"6,850",60,--,"-99,860",--
6315,ＴＯＷＡ,PTS(O),信用返済売,６ヵ月,特定,2025/02/07,2025/02/12,200,"1,790",25,--,"26,575",--
6315,ＴＯＷＡ,東証,信用返済売,６ヵ月,特定,2025/02/07,2025/02/12,300,"1,790",146,--,"-99,146",--
6315,ＴＯＷＡ,東証,信用返済売,６ヵ月,特定,2025/02/07,2025/02/12,100,"1,790",13,--,"8,487",--
6507,シンフォニア　テクノロジー,東証,信用返済売,６ヵ月,特定,2025/02/07,2025/02/12,100,"6,690",51,--,"3,149",--
6525,ＫＯＫＵＳＡＩ　ＥＬＥＣＴＲＩＣ,東証,信用返済売,６ヵ月,特定,2025/02/07,2025/02/12,100,"2,481",20,--,"-13,120",--
6525,ＫＯＫＵＳＡＩ　ＥＬＥＣＴＲＩＣ,PTS(X),信用返済売,６ヵ月,特定,2025/02/07,2025/02/12,100,"2,483.7",19,--,"-6,799",--
6525,ＫＯＫＵＳＡＩ　ＥＬＥＣＴＲＩＣ,PTS(O),信用返済売,６ヵ月,特定,2025/02/07,2025/02/12,100,"2,483.8",19,--,"-6,789",--
6525,ＫＯＫＵＳＡＩ　ＥＬＥＣＴＲＩＣ,PTS(O),信用返済売,６ヵ月,特定,2025/02/07,2025/02/12,100,"2,483.7",19,--,"-6,849",--
6525,ＫＯＫＵＳＡＩ　ＥＬＥＣＴＲＩＣ,東証,信用返済売,６ヵ月,特定,2025/02/07,2025/02/12,100,"2,530",19,--,"1,451",--
6525,ＫＯＫＵＳＡＩ　ＥＬＥＣＴＲＩＣ,東証,信用返済売,６ヵ月,特定,2025/02/07,2025/02/12,300,"2,481",60,--,"-39,960",--
6525,ＫＯＫＵＳＡＩ　ＥＬＥＣＴＲＩＣ,東証,信用返済売,６ヵ月,特定,2025/02/07,2025/02/12,100,"2,530",19,--,"1,331",--
6525,ＫＯＫＵＳＡＩ　ＥＬＥＣＴＲＩＣ,東証,信用返済売,６ヵ月,特定,2025/02/07,2025/02/12,"1,000","2,517.5",193,--,807,--
6525,ＫＯＫＵＳＡＩ　ＥＬＥＣＴＲＩＣ,東証,信用返済売,６ヵ月,特定,2025/02/07,2025/02/12,100,"2,482",19,--,"-7,219",--
6525,ＫＯＫＵＳＡＩ　ＥＬＥＣＴＲＩＣ,東証,信用返済売,６ヵ月,特定,2025/02/07,2025/02/12,100,"2,481",20,--,"-13,220",--
6525,ＫＯＫＵＳＡＩ　ＥＬＥＣＴＲＩＣ,東証,信用返済売,６ヵ月,特定,2025/02/07,2025/02/12,100,"2,481",20,--,"-13,170",--
6525,ＫＯＫＵＳＡＩ　ＥＬＥＣＴＲＩＣ,東証,信用返済売,６ヵ月,特定,2025/02/07,2025/02/12,200,"2,483",39,--,"-14,139",--
6525,ＫＯＫＵＳＡＩ　ＥＬＥＣＴＲＩＣ,東証,信用返済売,６ヵ月,特定,2025/02/07,2025/02/12,100,"2,549",19,--,"3,181",--
6525,ＫＯＫＵＳＡＩ　ＥＬＥＣＴＲＩＣ,東証,信用返済売,６ヵ月,特定,2025/02/07,2025/02/12,800,"2,549",154,--,"25,846",--
6525,ＫＯＫＵＳＡＩ　ＥＬＥＣＴＲＩＣ,東証,信用返済売,６ヵ月,特定,2025/02/07,2025/02/12,100,"2,549",19,--,"3,231",--
6525,ＫＯＫＵＳＡＩ　ＥＬＥＣＴＲＩＣ,東証,信用返済売,６ヵ月,特定,2025/02/07,2025/02/12,100,"2,530",19,--,"1,431",--
6525,ＫＯＫＵＳＡＩ　ＥＬＥＣＴＲＩＣ,東証,信用返済売,６ヵ月,特定,2025/02/07,2025/02/12,100,"2,483.5",19,--,"-6,919",--
6525,ＫＯＫＵＳＡＩ　ＥＬＥＣＴＲＩＣ,東証,信用返済売,６ヵ月,特定,2025/02/07,2025/02/12,100,"2,481.5",20,--,"-13,000",--
6525,ＫＯＫＵＳＡＩ　ＥＬＥＣＴＲＩＣ,東証,信用返済売,６ヵ月,特定,2025/02/07,2025/02/12,200,"2,482.5",39,--,"-14,339",--
6525,ＫＯＫＵＳＡＩ　ＥＬＥＣＴＲＩＣ,東証,信用返済売,６ヵ月,特定,2025/02/07,2025/02/12,100,"2,530",19,--,"1,441",--
6525,ＫＯＫＵＳＡＩ　ＥＬＥＣＴＲＩＣ,東証,信用返済売,６ヵ月,特定,2025/02/07,2025/02/12,100,"2,530",19,--,"1,531",--
6525,ＫＯＫＵＳＡＩ　ＥＬＥＣＴＲＩＣ,東証,信用返済売,６ヵ月,特定,2025/02/07,2025/02/12,200,"2,481.5",40,--,"-26,040",--
6525,ＫＯＫＵＳＡＩ　ＥＬＥＣＴＲＩＣ,東証,信用返済売,６ヵ月,特定,2025/02/07,2025/02/12,100,"2,481.5",20,--,"-13,010",--
6857,アドバンテスト,東証,信用返済売,６ヵ月,特定,2025/02/07,2025/02/12,200,"8,667",912,--,"32,488",--
6920,レーザーテック,東証,信用返済売,６ヵ月,特定,2025/02/07,2025/02/12,100,"15,240","1,824",--,"-36,874",--
6920,レーザーテック,東証,信用返済売,６ヵ月,特定,2025/02/07,2025/02/12,100,"15,240","1,822",--,"-35,242",--
7012,川崎重工業,PTS(O),信用返済売,６ヵ月,特定,2025/02/07,2025/02/12,100,"6,932.9",51,--,"17,159",--
7012,川崎重工業,PTS(O),信用返済売,６ヵ月,特定,2025/02/07,2025/02/12,100,"6,921.5",52,--,"2,098",--
7267,本田技研工業,PTS(X),信用返済売,６ヵ月,特定,2025/02/07,2025/02/12,200,"1,425.7",138,--,"-14,998",--
7267,本田技研工業,PTS(X),信用返済売,６ヵ月,特定,2025/02/07,2025/02/12,200,"1,425.7","1,057",--,"29,983",--
7267,本田技研工業,PTS(O),信用返済売,６ヵ月,特定,2025/02/07,2025/02/12,100,"1,425.7",69,--,"-7,499",--
7270,ＳＵＢＡＲＵ,PTS(O),信用返済売,６ヵ月,特定,2025/02/07,2025/02/12,100,"2,918.5",21,--,"17,329",--
7270,ＳＵＢＡＲＵ,東証,信用返済売,６ヵ月,特定,2025/02/07,2025/02/12,100,"2,918.5",21,--,"16,989",--
7270,ＳＵＢＡＲＵ,東証,信用返済売,６ヵ月,特定,2025/02/07,2025/02/12,100,"2,918.5",21,--,"17,029",--
7735,ＳＣＲＥＥＮホールディングス,東証,信用返済売,６ヵ月,特定,2025/02/07,2025/02/12,100,"10,215",670,--,"-71,670",--
7735,ＳＣＲＥＥＮホールディングス,東証,信用返済売,６ヵ月,特定,2025/02/07,2025/02/12,100,"10,215",750,--,"-65,900",--
8035,東京エレクトロン,PTS(O),信用返済売,６ヵ月,特定,2025/02/07,2025/02/12,100,"25,597.6",196,--,4,--
8035,東京エレクトロン,PTS(X),信用返済売,６ヵ月,特定,2025/02/07,2025/02/12,100,"25,607.1",607,--,"-79,297",--
8035,東京エレクトロン,PTS(O),信用返済売,６ヵ月,特定,2025/02/07,2025/02/12,100,"25,667.5",198,--,"-18,448",--
1801,大成建設,東証,信用新規買,６ヵ月,特定,2025/02/07,2025/02/12,100,"6,716",--,--,--,--
3563,ＦＯＯＤ　＆　ＬＩＦＥ　ＣＯＭＰＡＮＩＥＳ,PTS(X),信用新規買,６ヵ月,特定,2025/02/07,2025/02/12,300,"3,739.8",--,--,--,--
3563,ＦＯＯＤ　＆　ＬＩＦＥ　ＣＯＭＰＡＮＩＥＳ,PTS(O),信用新規買,６ヵ月,特定,2025/02/07,2025/02/12,100,"3,798.9",--,--,--,--
4061,デンカ,PTS(X),信用新規買,６ヵ月,特定,2025/02/07,2025/02/12,100,"2,172",--,--,--,--
4061,デンカ,PTS(O),信用新規買,６ヵ月,特定,2025/02/07,2025/02/12,100,"2,172",--,--,--,--
4523,エーザイ,PTS(X),信用新規買,６ヵ月,特定,2025/02/07,2025/02/12,200,"4,568.5",--,--,--,--
5805,ＳＷＣＣ,PTS(O),信用新規買,６ヵ月,特定,2025/02/07,2025/02/12,100,"7,848",--,--,--,--
5805,ＳＷＣＣ,PTS(O),信用新規買,６ヵ月,特定,2025/02/07,2025/02/12,100,"7,419",--,--,--,--
5805,ＳＷＣＣ,PTS(O),信用新規買,６ヵ月,特定,2025/02/07,2025/02/12,100,"6,996",--,--,--,--
6315,ＴＯＷＡ,東証,信用新規買,６ヵ月,特定,2025/02/07,2025/02/12,200,"1,657",--,--,--,--
6315,ＴＯＷＡ,PTS(O),信用新規買,６ヵ月,特定,2025/02/07,2025/02/12,100,"1,705",--,--,--,--
6507,シンフォニア　テクノロジー,PTS(X),信用新規買,６ヵ月,特定,2025/02/07,2025/02/12,100,"6,658",--,--,--,--
6525,ＫＯＫＵＳＡＩ　ＥＬＥＣＴＲＩＣ,PTS(X),信用新規買,６ヵ月,特定,2025/02/07,2025/02/12,100,"2,515.3",--,--,--,--
6525,ＫＯＫＵＳＡＩ　ＥＬＥＣＴＲＩＣ,PTS(O),信用新規買,６ヵ月,特定,2025/02/07,2025/02/12,100,"2,611.3",--,--,--,--
6525,ＫＯＫＵＳＡＩ　ＥＬＥＣＴＲＩＣ,PTS(X),信用新規買,６ヵ月,特定,2025/02/07,2025/02/12,100,"2,515.4",--,--,--,--
6525,ＫＯＫＵＳＡＩ　ＥＬＥＣＴＲＩＣ,PTS(O),信用新規買,６ヵ月,特定,2025/02/07,2025/02/12,100,"2,611.4",--,--,--,--
6525,ＫＯＫＵＳＡＩ　ＥＬＥＣＴＲＩＣ,PTS(O),信用新規買,６ヵ月,特定,2025/02/07,2025/02/12,100,"2,551.5",--,--,--,--
6525,ＫＯＫＵＳＡＩ　ＥＬＥＣＴＲＩＣ,東証,信用新規買,６ヵ月,特定,2025/02/07,2025/02/12,100,"2,515.5",--,--,--,--
6525,ＫＯＫＵＳＡＩ　ＥＬＥＣＴＲＩＣ,東証,信用新規買,６ヵ月,特定,2025/02/07,2025/02/12,100,"2,514.5",--,--,--,--
6525,ＫＯＫＵＳＡＩ　ＥＬＥＣＴＲＩＣ,東証,信用新規買,６ヵ月,特定,2025/02/07,2025/02/12,"1,900","2,516.5",--,--,--,--
6525,ＫＯＫＵＳＡＩ　ＥＬＥＣＴＲＩＣ,東証,信用新規買,６ヵ月,特定,2025/02/07,2025/02/12,100,"2,552",--,--,--,--
6525,ＫＯＫＵＳＡＩ　ＥＬＥＣＴＲＩＣ,東証,信用新規買,６ヵ月,特定,2025/02/07,2025/02/12,100,"2,551.5",--,--,--,--
6525,ＫＯＫＵＳＡＩ　ＥＬＥＣＴＲＩＣ,東証,信用新規買,６ヵ月,特定,2025/02/07,2025/02/12,200,"2,611.5",--,--,--,--
6525,ＫＯＫＵＳＡＩ　ＥＬＥＣＴＲＩＣ,東証,信用新規買,６ヵ月,特定,2025/02/07,2025/02/12,300,"2,614",--,--,--,--
6525,ＫＯＫＵＳＡＩ　ＥＬＥＣＴＲＩＣ,東証,信用新規買,６ヵ月,特定,2025/02/07,2025/02/12,200,"2,553.5",--,--,--,--
6525,ＫＯＫＵＳＡＩ　ＥＬＥＣＴＲＩＣ,東証,信用新規買,６ヵ月,特定,2025/02/07,2025/02/12,300,"2,554",--,--,--,--
6525,ＫＯＫＵＳＡＩ　ＥＬＥＣＴＲＩＣ,東証,信用新規買,６ヵ月,特定,2025/02/07,2025/02/12,100,"2,516.5",--,--,--,--
6525,ＫＯＫＵＳＡＩ　ＥＬＥＣＴＲＩＣ,東証,信用新規買,６ヵ月,特定,2025/02/07,2025/02/12,100,"2,612",--,--,--,--
6525,ＫＯＫＵＳＡＩ　ＥＬＥＣＴＲＩＣ,東証,信用新規買,６ヵ月,特定,2025/02/07,2025/02/12,100,"2,613",--,--,--,--
6525,ＫＯＫＵＳＡＩ　ＥＬＥＣＴＲＩＣ,東証,信用新規買,６ヵ月,特定,2025/02/07,2025/02/12,100,"2,517",--,--,--,--
6525,ＫＯＫＵＳＡＩ　ＥＬＥＣＴＲＩＣ,東証,信用新規買,６ヵ月,特定,2025/02/07,2025/02/12,100,"2,612.5",--,--,--,--
6525,ＫＯＫＵＳＡＩ　ＥＬＥＣＴＲＩＣ,東証,信用新規買,６ヵ月,特定,2025/02/07,2025/02/12,100,"2,552.5",--,--,--,--
6857,アドバンテスト,東証,信用新規買,６ヵ月,特定,2025/02/07,2025/02/12,100,"8,620",--,--,--,--
6857,アドバンテスト,PTS(X),信用新規買,６ヵ月,特定,2025/02/07,2025/02/12,100,"8,617.3",--,--,--,--
6920,レーザーテック,PTS(X),信用新規買,６ヵ月,特定,2025/02/07,2025/02/12,100,"15,281.8",--,--,--,--
6920,レーザーテック,PTS(O),信用新規買,６ヵ月,特定,2025/02/07,2025/02/12,100,"15,281.4",--,--,--,--
7012,川崎重工業,東証,信用新規買,６ヵ月,特定,2025/02/07,2025/02/12,100,"6,900",--,--,--,--
7012,川崎重工業,PTS(O),信用新規買,６ヵ月,特定,2025/02/07,2025/02/12,100,"6,760.8",--,--,--,--
7270,ＳＵＢＡＲＵ,東証,信用新規買,６ヵ月,特定,2025/02/07,2025/02/12,100,"2,748",--,--,--,--
7270,ＳＵＢＡＲＵ,PTS(O),信用新規買,６ヵ月,特定,2025/02/07,2025/02/12,100,"2,748.4",--,--,--,--
7270,ＳＵＢＡＲＵ,PTS(O),信用新規買,６ヵ月,特定,2025/02/07,2025/02/12,100,"2,745",--,--,--,--
7735,ＳＣＲＥＥＮホールディングス,PTS(X),信用新規買,６ヵ月,特定,2025/02/07,2025/02/12,100,"10,212",--,--,--,--
7735,ＳＣＲＥＥＮホールディングス,PTS(X),信用新規買,６ヵ月,特定,2025/02/07,2025/02/12,100,"10,213",--,--,--,--
8035,東京エレクトロン,東証,信用新規買,６ヵ月,特定,2025/02/07,2025/02/12,100,"25,850",--,--,--,--
8035,東京エレクトロン,PTS(O),信用新規買,６ヵ月,特定,2025/02/07,2025/02/12,100,"25,595.6",--,--,--,--
3563,ＦＯＯＤ　＆　ＬＩＦＥ　ＣＯＭＰＡＮＩＥＳ,東証,信用返済買,６ヵ月,特定,2025/02/07,2025/02/12,100,"3,700",11,--,"-4,571",--
3563,ＦＯＯＤ　＆　ＬＩＦＥ　ＣＯＭＰＡＮＩＥＳ,東証,信用返済買,６ヵ月,特定,2025/02/07,2025/02/12,100,"3,700",10,--,"-18,740",--
3563,ＦＯＯＤ　＆　ＬＩＦＥ　ＣＯＭＰＡＮＩＥＳ,東証,信用返済買,６ヵ月,特定,2025/02/07,2025/02/12,100,"3,700",10,--,"-18,730",--
5805,ＳＷＣＣ,PTS(O),信用返済買,６ヵ月,特定,2025/02/07,2025/02/12,100,"7,288",22,--,"9,178",--
5805,ＳＷＣＣ,PTS(X),信用返済買,６ヵ月,特定,2025/02/07,2025/02/12,100,"7,288",22,--,"10,178",--
5805,ＳＷＣＣ,東証,信用返済買,６ヵ月,特定,2025/02/07,2025/02/12,100,"7,520",20,--,"-69,020",--
5805,ＳＷＣＣ,東証,信用返済買,６ヵ月,特定,2025/02/07,2025/02/12,100,"7,520",20,--,"-88,020",--
5805,ＳＷＣＣ,東証,信用返済買,６ヵ月,特定,2025/02/07,2025/02/12,100,"7,290",22,--,"9,978",--
5805,ＳＷＣＣ,東証,信用返済買,６ヵ月,特定,2025/02/07,2025/02/12,100,"7,520",20,--,"-68,920",--
5805,ＳＷＣＣ,東証,信用返済買,６ヵ月,特定,2025/02/07,2025/02/12,100,"7,520",20,--,"-87,020",--
5805,ＳＷＣＣ,東証,信用返済買,６ヵ月,特定,2025/02/07,2025/02/12,100,"7,520",20,--,"-87,020",--
5805,ＳＷＣＣ,PTS(X),信用返済買,６ヵ月,特定,2025/02/07,2025/02/12,100,"7,277",22,--,"8,478",--
5805,ＳＷＣＣ,東証,信用返済買,６ヵ月,特定,2025/02/07,2025/02/12,100,"7,290",22,--,"26,078",--
5805,ＳＷＣＣ,PTS(O),信用返済買,６ヵ月,特定,2025/02/07,2025/02/12,100,"7,289",22,--,"8,078",--
5805,ＳＷＣＣ,PTS(X),信用返済買,６ヵ月,特定,2025/02/07,2025/02/12,100,"7,278",22,--,"6,278",--
6525,ＫＯＫＵＳＡＩ　ＥＬＥＣＴＲＩＣ,東証,信用返済買,日計りHP,特定,2025/02/07,2025/02/12,100,"2,526.5",240,--,"-8,640",--
6525,ＫＯＫＵＳＡＩ　ＥＬＥＣＴＲＩＣ,東証,信用返済買,日計りHP,特定,2025/02/07,2025/02/12,100,"2,526.5",240,--,"-4,790",--
6525,ＫＯＫＵＳＡＩ　ＥＬＥＣＴＲＩＣ,東証,信用返済買,日計りHP,特定,2025/02/07,2025/02/12,200,"2,526.5",480,--,"-9,980",--
6525,ＫＯＫＵＳＡＩ　ＥＬＥＣＴＲＩＣ,東証,信用返済買,日計りHP,特定,2025/02/07,2025/02/12,200,"2,526.5",480,--,"-17,380",--
6525,ＫＯＫＵＳＡＩ　ＥＬＥＣＴＲＩＣ,東証,信用返済買,日計りHP,特定,2025/02/07,2025/02/12,100,"2,526.5",240,--,"-8,690",--
6525,ＫＯＫＵＳＡＩ　ＥＬＥＣＴＲＩＣ,東証,信用返済買,日計りHP,特定,2025/02/07,2025/02/12,100,"2,526.5",240,--,"-5,040",--
6525,ＫＯＫＵＳＡＩ　ＥＬＥＣＴＲＩＣ,東証,信用返済買,日計りHP,特定,2025/02/07,2025/02/12,100,"2,526.5",240,--,"-4,690",--
6525,ＫＯＫＵＳＡＩ　ＥＬＥＣＴＲＩＣ,東証,信用返済買,日計りHP,特定,2025/02/07,2025/02/12,100,"2,526.5",240,--,"-8,490",--
6525,ＫＯＫＵＳＡＩ　ＥＬＥＣＴＲＩＣ,東証,信用返済買,日計りHP,特定,2025/02/07,2025/02/12,100,"2,526.5",240,--,"-4,740",--
6525,ＫＯＫＵＳＡＩ　ＥＬＥＣＴＲＩＣ,東証,信用返済買,日計りHP,特定,2025/02/07,2025/02/12,400,"2,526.5",960,--,"-34,960",--
6525,ＫＯＫＵＳＡＩ　ＥＬＥＣＴＲＩＣ,東証,信用返済買,日計りHP,特定,2025/02/07,2025/02/12,100,"2,526.5",240,--,"-8,790",--
6525,ＫＯＫＵＳＡＩ　ＥＬＥＣＴＲＩＣ,東証,信用返済買,日計りHP,特定,2025/02/07,2025/02/12,100,"2,526.5",240,--,"-8,590",--
6525,ＫＯＫＵＳＡＩ　ＥＬＥＣＴＲＩＣ,東証,信用返済買,日計りHP,特定,2025/02/07,2025/02/12,100,"2,526.5",240,--,"-8,740",--
6525,ＫＯＫＵＳＡＩ　ＥＬＥＣＴＲＩＣ,東証,信用返済買,日計りHP,特定,2025/02/07,2025/02/12,400,"2,526.5",960,--,"-19,560",--
6525,ＫＯＫＵＳＡＩ　ＥＬＥＣＴＲＩＣ,東証,信用返済買,日計りHP,特定,2025/02/07,2025/02/12,300,"2,526.5",720,--,"-26,520",--
7202,いすゞ自動車,PTS(O),信用返済買,６ヵ月,特定,2025/02/07,2025/02/12,100,"1,973.8",5,--,785,--
7202,いすゞ自動車,PTS(O),信用返済買,６ヵ月,特定,2025/02/07,2025/02/12,100,"1,973.9",5,--,765,--
8001,伊藤忠商事,PTS(O),信用新規売,６ヵ月,特定,2025/02/06,2025/02/10,100,"7,085.9",--,--,--,--
1515,日鉄鉱業,PTS(O),信用返済売,６ヵ月,特定,2025/02/06,2025/02/10,100,"5,013",39,--,"-9,639",--
4042,東ソー,東証,信用返済売,６ヵ月,特定,2025/02/06,2025/02/10,300,"2,074.5",48,--,"-5,298",--
6367,ダイキン工業,PTS(O),信用返済売,６ヵ月,特定,2025/02/06,2025/02/10,100,"16,810.6",129,--,"-3,859",--
6723,ルネサスエレクトロニクス,PTS(X),信用返済売,６ヵ月,特定,2025/02/06,2025/02/10,300,"2,235.4",47,--,"53,473",--
6857,アドバンテスト,PTS(O),信用返済売,６ヵ月,特定,2025/02/06,2025/02/10,100,"8,533",325,--,"5,075",--
7269,スズキ,東証,信用返済売,６ヵ月,特定,2025/02/06,2025/02/10,100,"1,988.5",15,--,805,--
7269,スズキ,PTS(X),信用返済売,６ヵ月,特定,2025/02/06,2025/02/10,100,"1,987.9",15,--,735,--
7269,スズキ,PTS(O),信用返済売,６ヵ月,特定,2025/02/06,2025/02/10,100,"1,988.5",15,--,795,--
7269,スズキ,PTS(X),信用返済売,６ヵ月,特定,2025/02/06,2025/02/10,100,"1,988",15,--,745,--
7735,ＳＣＲＥＥＮホールディングス,PTS(X),信用返済売,６ヵ月,特定,2025/02/06,2025/02/10,100,"10,682",321,--,"18,829",--
8058,三菱商事,PTS(X),信用返済売,６ヵ月,特定,2025/02/06,2025/02/10,100,"2,541",19,--,"5,271",--
8058,三菱商事,PTS(X),信用返済売,６ヵ月,特定,2025/02/06,2025/02/10,100,"2,547.4",19,--,"2,771",--
8058,三菱商事,PTS(X),信用返済売,６ヵ月,特定,2025/02/06,2025/02/10,200,"2,547.3",38,--,"5,522",--
8058,三菱商事,PTS(X),信用返済売,６ヵ月,特定,2025/02/06,2025/02/10,100,"2,541",19,--,"5,621",--
1515,日鉄鉱業,PTS(X),信用新規買,６ヵ月,特定,2025/02/06,2025/02/10,100,"5,109",--,--,--,--
1515,日鉄鉱業,PTS(O),信用新規買,６ヵ月,特定,2025/02/06,2025/02/10,100,"5,189",--,--,--,--
186A,アストロスケールホールディングス,PTS(X),信用新規買,６ヵ月,特定,2025/02/06,2025/02/10,300,642.5,--,--,--,--
186A,アストロスケールホールディングス,PTS(O),信用新規買,６ヵ月,特定,2025/02/06,2025/02/10,300,642.4,--,--,--,--
186A,アストロスケールホールディングス,PTS(X),信用新規買,６ヵ月,特定,2025/02/06,2025/02/10,200,642.6,--,--,--,--
186A,アストロスケールホールディングス,PTS(O),信用新規買,６ヵ月,特定,2025/02/06,2025/02/10,200,642.7,--,--,--,--
4042,東ソー,PTS(O),信用新規買,６ヵ月,特定,2025/02/06,2025/02/10,300,"2,092",--,--,--,--
4611,大日本塗料,PTS(X),信用新規買,６ヵ月,特定,2025/02/06,2025/02/10,100,"1,243.9",--,--,--,--
4611,大日本塗料,東証,信用新規買,６ヵ月,特定,2025/02/06,2025/02/10,200,"1,244",--,--,--,--
6315,ＴＯＷＡ,PTS(O),信用新規買,６ヵ月,特定,2025/02/06,2025/02/10,300,"2,120",--,--,--,--
6367,ダイキン工業,PTS(O),信用新規買,６ヵ月,特定,2025/02/06,2025/02/10,100,"16,847.9",--,--,--,--
6723,ルネサスエレクトロニクス,東証,信用新規買,６ヵ月,特定,2025/02/06,2025/02/10,300,"2,057",--,--,--,--
7269,スズキ,PTS(X),信用新規買,６ヵ月,特定,2025/02/06,2025/02/10,100,"1,980.4",--,--,--,--
7269,スズキ,PTS(O),信用新規買,６ヵ月,特定,2025/02/06,2025/02/10,200,"1,980.4",--,--,--,--
7269,スズキ,PTS(X),信用新規買,６ヵ月,特定,2025/02/06,2025/02/10,100,"1,980.3",--,--,--,--
8035,東京エレクトロン,PTS(O),信用新規買,６ヵ月,特定,2025/02/06,2025/02/10,100,"26,394",--,--,--,--
8058,三菱商事,PTS(X),信用新規買,６ヵ月,特定,2025/02/06,2025/02/10,100,"2,484.6",--,--,--,--
8058,三菱商事,PTS(X),信用新規買,６ヵ月,特定,2025/02/06,2025/02/10,100,"2,488.1",--,--,--,--
8058,三菱商事,PTS(X),信用新規買,６ヵ月,特定,2025/02/06,2025/02/10,300,"2,519.5",--,--,--,--
7201,日産自動車,東証,信用返済買,６ヵ月,特定,2025/02/06,2025/02/10,100,394.9,4,--,276,--
7201,日産自動車,東証,信用返済買,６ヵ月,特定,2025/02/06,2025/02/10,500,394.9,23,--,"1,377",--
7201,日産自動車,東証,信用返済買,６ヵ月,特定,2025/02/06,2025/02/10,"1,400",394.9,67,--,"3,713",--
8001,伊藤忠商事,PTS(O),信用返済買,６ヵ月,特定,2025/02/06,2025/02/10,100,"6,995.7",21,--,"8,999",--
7201,日産自動車,東証,信用新規売,６ヵ月,特定,2025/02/05,2025/02/07,"1,400",397.6,--,--,--,--
7201,日産自動車,PTS(X),信用新規売,６ヵ月,特定,2025/02/05,2025/02/07,500,397.7,--,--,--,--
7201,日産自動車,東証,信用新規売,６ヵ月,特定,2025/02/05,2025/02/07,"2,000",401.2,--,--,--,--
7201,日産自動車,東証,信用新規売,６ヵ月,特定,2025/02/05,2025/02/07,100,397.7,--,--,--,--
7203,トヨタ自動車,PTS(X),信用新規売,６ヵ月,特定,2025/02/05,2025/02/07,100,"2,859.8",--,--,--,--
7203,トヨタ自動車,東証,信用新規売,６ヵ月,特定,2025/02/05,2025/02/07,100,"2,857.5",--,--,--,--
7203,トヨタ自動車,PTS(X),信用新規売,６ヵ月,特定,2025/02/05,2025/02/07,100,"2,859.7",--,--,--,--
7203,トヨタ自動車,PTS(X),信用新規売,６ヵ月,特定,2025/02/05,2025/02/07,100,"2,855.8",--,--,--,--
7203,トヨタ自動車,PTS(O),信用新規売,６ヵ月,特定,2025/02/05,2025/02/07,100,"2,857.6",--,--,--,--
7203,トヨタ自動車,PTS(O),信用新規売,６ヵ月,特定,2025/02/05,2025/02/07,100,"2,855",--,--,--,--
7203,トヨタ自動車,PTS(X),信用新規売,６ヵ月,特定,2025/02/05,2025/02/07,100,"2,856.1",--,--,--,--
7203,トヨタ自動車,PTS(X),信用新規売,６ヵ月,特定,2025/02/05,2025/02/07,100,"2,859.2",--,--,--,--
7203,トヨタ自動車,PTS(X),信用新規売,６ヵ月,特定,2025/02/05,2025/02/07,100,"2,862",--,--,--,--
7832,バンダイナムコホールディングス,東証,信用新規売,６ヵ月,特定,2025/02/05,2025/02/07,100,"4,454",--,--,--,--
7974,任天堂,東証,信用新規売,６ヵ月,特定,2025/02/05,2025/02/07,100,"10,640",--,--,--,--
7974,任天堂,PTS(X),信用新規売,６ヵ月,特定,2025/02/05,2025/02/07,100,"10,672.5",--,--,--,--
7974,任天堂,PTS(O),信用新規売,６ヵ月,特定,2025/02/05,2025/02/07,100,"10,642.6",--,--,--,--
7974,任天堂,PTS(O),信用新規売,６ヵ月,特定,2025/02/05,2025/02/07,200,"10,400.6",--,--,--,--
2897,日清食品ホールディングス,PTS(X),信用返済売,６ヵ月,特定,2025/02/05,2025/02/07,200,"3,301.3",51,--,"-7,971",--
2897,日清食品ホールディングス,PTS(O),信用返済売,６ヵ月,特定,2025/02/05,2025/02/07,100,"3,301.3",25,--,"4,045",--
2897,日清食品ホールディングス,東証,信用返済売,６ヵ月,特定,2025/02/05,2025/02/07,100,"3,257",24,--,"4,506",--
2897,日清食品ホールディングス,東証,信用返済売,６ヵ月,特定,2025/02/05,2025/02/07,100,"3,257",24,--,"2,976",--
3382,セブン＆アイ・ホールディングス,PTS(X),信用返済売,無期限,特定,2025/02/05,2025/02/07,400,"2,421.6",223,--,"-3,183",--
3382,セブン＆アイ・ホールディングス,PTS(O),信用返済売,無期限,特定,2025/02/05,2025/02/07,100,"2,421.6",55,--,-795,--
3407,旭化成,PTS(O),信用返済売,６ヵ月,特定,2025/02/05,2025/02/07,100,"1,066.8",7,--,"3,473",--
3407,旭化成,PTS(X),信用返済売,６ヵ月,特定,2025/02/05,2025/02/07,100,"1,066.8",7,--,"3,473",--
3407,旭化成,PTS(X),信用返済売,６ヵ月,特定,2025/02/05,2025/02/07,300,"1,066.7",23,--,"10,387",--
3844,コムチュア,東証,信用返済売,６ヵ月,特定,2025/02/05,2025/02/07,200,"1,996","1,768",--,"-39,168",--
3844,コムチュア,東証,信用返済売,６ヵ月,特定,2025/02/05,2025/02/07,100,"1,995",938,--,"-19,738",--
3844,コムチュア,東証,信用返済売,６ヵ月,特定,2025/02/05,2025/02/07,100,"1,995",828,--,"-19,628",--
3844,コムチュア,東証,信用返済売,６ヵ月,特定,2025/02/05,2025/02/07,100,"1,995",830,--,"-19,630",--
3844,コムチュア,東証,信用返済売,６ヵ月,特定,2025/02/05,2025/02/07,100,"1,997",15,--,-315,--
3844,コムチュア,PTS(O),信用返済売,６ヵ月,特定,2025/02/05,2025/02/07,100,"1,997.1",15,--,-305,--
3844,コムチュア,PTS(X),信用返済売,６ヵ月,特定,2025/02/05,2025/02/07,100,"1,997.1",15,--,-305,--
6503,三菱電機,東証,信用返済売,６ヵ月,特定,2025/02/05,2025/02/07,100,"2,479",18,--,"1,282",--
6503,三菱電機,PTS(J),信用返済売,６ヵ月,特定,2025/02/05,2025/02/07,100,"2,479.1",18,--,"1,242",--
6503,三菱電機,PTS(O),信用返済売,６ヵ月,特定,2025/02/05,2025/02/07,100,"2,479.1",18,--,"1,242",--
6503,三菱電機,PTS(O),信用返済売,６ヵ月,特定,2025/02/05,2025/02/07,100,"2,479.2",18,--,"1,352",--
7201,日産自動車,東証,信用返済売,６ヵ月,特定,2025/02/05,2025/02/07,"1,700",400.8,54,--,"-23,344",--
7201,日産自動車,東証,信用返済売,６ヵ月,特定,2025/02/05,2025/02/07,500,400.7,15,--,"-6,915",--
7201,日産自動車,PTS(J),信用返済売,６ヵ月,特定,2025/02/05,2025/02/07,100,401,3,--,"-1,353",--
7201,日産自動車,東証,信用返済売,６ヵ月,特定,2025/02/05,2025/02/07,"1,300",400.9,41,--,"-17,721",--
7201,日産自動車,東証,信用返済売,６ヵ月,特定,2025/02/05,2025/02/07,300,400.7,9,--,"-4,149",--
7201,日産自動車,東証,信用返済売,６ヵ月,特定,2025/02/05,2025/02/07,100,401,3,--,"-1,353",--
7203,トヨタ自動車,PTS(X),信用返済売,６ヵ月,特定,2025/02/05,2025/02/07,100,"2,863.6",22,--,"-7,612",--
7203,トヨタ自動車,PTS(X),信用返済売,６ヵ月,特定,2025/02/05,2025/02/07,100,"2,863.7",22,--,"-7,602",--
7203,トヨタ自動車,PTS(O),信用返済売,６ヵ月,特定,2025/02/05,2025/02/07,100,"2,991.2",22,--,"7,118",--
7203,トヨタ自動車,PTS(X),信用返済売,６ヵ月,特定,2025/02/05,2025/02/07,200,"2,991.1",44,--,"14,196",--
7203,トヨタ自動車,PTS(X),信用返済売,６ヵ月,特定,2025/02/05,2025/02/07,200,"2,988.6",44,--,"13,696",--
7203,トヨタ自動車,PTS(X),信用返済売,６ヵ月,特定,2025/02/05,2025/02/07,100,"2,991.2",22,--,"7,138",--
7203,トヨタ自動車,PTS(X),信用返済売,６ヵ月,特定,2025/02/05,2025/02/07,100,"2,863.9",22,--,"-7,582",--
7203,トヨタ自動車,PTS(X),信用返済売,６ヵ月,特定,2025/02/05,2025/02/07,300,"2,988.6",67,--,"20,513",--
7267,本田技研工業,PTS(X),信用返済売,６ヵ月,特定,2025/02/05,2025/02/07,100,"1,521.6",11,--,"2,909",--
7267,本田技研工業,PTS(X),信用返済売,６ヵ月,特定,2025/02/05,2025/02/07,100,"1,521.6",11,--,"2,919",--
7267,本田技研工業,PTS(X),信用返済売,６ヵ月,特定,2025/02/05,2025/02/07,100,"1,521.7",11,--,"2,939",--
7735,ＳＣＲＥＥＮホールディングス,PTS(X),信用返済売,６ヵ月,特定,2025/02/05,2025/02/07,100,"10,293",78,--,"6,172",--
7735,ＳＣＲＥＥＮホールディングス,東証,信用返済売,６ヵ月,特定,2025/02/05,2025/02/07,200,"10,255",156,--,"4,744",--
7974,任天堂,PTS(X),信用返済売,６ヵ月,特定,2025/02/05,2025/02/07,100,"10,688.7",82,--,"-8,432",--
7974,任天堂,PTS(X),信用返済売,６ヵ月,特定,2025/02/05,2025/02/07,100,"10,688.8",82,--,"-8,432",--
8002,丸紅,PTS(X),信用返済売,６ヵ月,特定,2025/02/05,2025/02/07,100,"2,346",17,--,"4,393",--
8002,丸紅,PTS(X),信用返済売,６ヵ月,特定,2025/02/05,2025/02/07,100,"2,346",17,--,"3,463",--
8002,丸紅,PTS(X),信用返済売,６ヵ月,特定,2025/02/05,2025/02/07,100,"2,345.9",17,--,"3,463",--
8002,丸紅,PTS(X),信用返済売,６ヵ月,特定,2025/02/05,2025/02/07,100,"2,345.8",17,--,"3,453",--
8002,丸紅,PTS(O),信用返済売,６ヵ月,特定,2025/02/05,2025/02/07,100,"2,346.1",17,--,"4,403",--
8002,丸紅,PTS(X),信用返済売,６ヵ月,特定,2025/02/05,2025/02/07,100,"2,347.9",17,--,"6,873",--
8002,丸紅,PTS(X),信用返済売,６ヵ月,特定,2025/02/05,2025/02/07,100,"2,347.9",17,--,"6,863",--
2897,日清食品ホールディングス,東証,信用新規買,６ヵ月,特定,2025/02/05,2025/02/07,100,"3,227",--,--,--,--
2897,日清食品ホールディングス,PTS(X),信用新規買,６ヵ月,特定,2025/02/05,2025/02/07,100,"3,260.6",--,--,--,--
2897,日清食品ホールディングス,PTS(X),信用新規買,６ヵ月,特定,2025/02/05,2025/02/07,100,"3,211.7",--,--,--,--
2897,日清食品ホールディングス,PTS(O),信用新規買,６ヵ月,特定,2025/02/05,2025/02/07,200,"3,340.9",--,--,--,--
3407,旭化成,東証,信用新規買,６ヵ月,特定,2025/02/05,2025/02/07,500,"1,032",--,--,--,--
3844,コムチュア,PTS(X),信用新規買,６ヵ月,特定,2025/02/05,2025/02/07,100,"2,047",--,--,--,--
3844,コムチュア,PTS(O),信用新規買,６ヵ月,特定,2025/02/05,2025/02/07,100,"2,047.3",--,--,--,--
3844,コムチュア,東証,信用新規買,６ヵ月,特定,2025/02/05,2025/02/07,300,"2,000",--,--,--,--
3844,コムチュア,PTS(X),信用新規買,６ヵ月,特定,2025/02/05,2025/02/07,100,"2,047.3",--,--,--,--
3844,コムチュア,PTS(O),信用新規買,６ヵ月,特定,2025/02/05,2025/02/07,100,"2,047",--,--,--,--
3844,コムチュア,PTS(O),信用新規買,６ヵ月,特定,2025/02/05,2025/02/07,100,"2,046.9",--,--,--,--
6503,三菱電機,東証,信用新規買,６ヵ月,特定,2025/02/05,2025/02/07,200,"2,466.5",--,--,--,--
6503,三菱電機,東証,信用新規買,６ヵ月,特定,2025/02/05,2025/02/07,100,"2,466",--,--,--,--
6503,三菱電機,PTS(O),信用新規買,６ヵ月,特定,2025/02/05,2025/02/07,100,"2,465.5",--,--,--,--
7201,日産自動車,東証,信用新規買,６ヵ月,特定,2025/02/05,2025/02/07,"3,500",414.5,--,--,--,--
7201,日産自動車,PTS(X),信用新規買,６ヵ月,特定,2025/02/05,2025/02/07,500,414.5,--,--,--,--
7203,トヨタ自動車,PTS(O),信用新規買,６ヵ月,特定,2025/02/05,2025/02/07,100,"2,919.6",--,--,--,--
7203,トヨタ自動車,東証,信用新規買,６ヵ月,特定,2025/02/05,2025/02/07,300,"2,920",--,--,--,--
7203,トヨタ自動車,東証,信用新規買,６ヵ月,特定,2025/02/05,2025/02/07,300,"2,939.5",--,--,--,--
7203,トヨタ自動車,PTS(X),信用新規買,６ヵ月,特定,2025/02/05,2025/02/07,400,"2,919.9",--,--,--,--
7203,トヨタ自動車,PTS(X),信用新規買,６ヵ月,特定,2025/02/05,2025/02/07,100,"2,919.8",--,--,--,--
7267,本田技研工業,東証,信用新規買,６ヵ月,特定,2025/02/05,2025/02/07,300,"1,500",--,--,--,--
7267,本田技研工業,PTS(X),信用新規買,６ヵ月,特定,2025/02/05,2025/02/07,100,"1,492.3",--,--,--,--
7267,本田技研工業,PTS(O),信用新規買,６ヵ月,特定,2025/02/05,2025/02/07,100,"1,492.2",--,--,--,--
7267,本田技研工業,PTS(X),信用新規買,６ヵ月,特定,2025/02/05,2025/02/07,100,"1,492.4",--,--,--,--
7735,ＳＣＲＥＥＮホールディングス,PTS(X),信用新規買,６ヵ月,特定,2025/02/05,2025/02/07,100,"10,490.5",--,--,--,--
7735,ＳＣＲＥＥＮホールディングス,PTS(X),信用新規買,６ヵ月,特定,2025/02/05,2025/02/07,300,"10,230.5",--,--,--,--
7974,任天堂,PTS(X),信用新規買,６ヵ月,特定,2025/02/05,2025/02/07,100,"10,772.3",--,--,--,--
7974,任天堂,PTS(O),信用新規買,６ヵ月,特定,2025/02/05,2025/02/07,100,"10,772.2",--,--,--,--
8002,丸紅,PTS(O),信用新規買,６ヵ月,特定,2025/02/05,2025/02/07,100,"2,279",--,--,--,--
8002,丸紅,PTS(X),信用新規買,６ヵ月,特定,2025/02/05,2025/02/07,100,"2,279.1",--,--,--,--
8002,丸紅,PTS(O),信用新規買,６ヵ月,特定,2025/02/05,2025/02/07,100,"2,311.1",--,--,--,--
8002,丸紅,PTS(X),信用新規買,６ヵ月,特定,2025/02/05,2025/02/07,200,"2,301.9",--,--,--,--
8002,丸紅,PTS(X),信用新規買,６ヵ月,特定,2025/02/05,2025/02/07,100,"2,311.2",--,--,--,--
8002,丸紅,PTS(X),信用新規買,６ヵ月,特定,2025/02/05,2025/02/07,100,"2,311.1",--,--,--,--
7201,日産自動車,東証,信用返済買,６ヵ月,特定,2025/02/05,2025/02/07,300,387.2,3,--,"4,197",--
7201,日産自動車,PTS(X),信用返済買,６ヵ月,特定,2025/02/05,2025/02/07,500,387.1,6,--,"7,044",--
7201,日産自動車,PTS(O),信用返済買,６ヵ月,特定,2025/02/05,2025/02/07,100,387,1,--,"1,419",--
7201,日産自動車,PTS(O),信用返済買,６ヵ月,特定,2025/02/05,2025/02/07,100,387.1,1,--,"1,409",--
7201,日産自動車,PTS(X),信用返済買,６ヵ月,特定,2025/02/05,2025/02/07,400,387,4,--,"5,676",--
7201,日産自動車,PTS(J),信用返済買,６ヵ月,特定,2025/02/05,2025/02/07,100,387.2,1,--,"1,399",--
7201,日産自動車,PTS(O),信用返済買,６ヵ月,特定,2025/02/05,2025/02/07,500,387.2,6,--,"6,994",--
7203,トヨタ自動車,東証,信用返済買,６ヵ月,特定,2025/02/05,2025/02/07,100,"2,921.5",8,--,"-6,658",--
7203,トヨタ自動車,PTS(X),信用返済買,６ヵ月,特定,2025/02/05,2025/02/07,100,"2,921.2",8,--,"-6,148",--
7203,トヨタ自動車,PTS(X),信用返済買,６ヵ月,特定,2025/02/05,2025/02/07,100,"2,921.4",8,--,"-6,568",--
7203,トヨタ自動車,PTS(X),信用返済買,６ヵ月,特定,2025/02/05,2025/02/07,100,"2,921.2",8,--,"-6,158",--
7203,トヨタ自動車,PTS(X),信用返済買,６ヵ月,特定,2025/02/05,2025/02/07,100,"2,921.4",8,--,"-6,538",--
7203,トヨタ自動車,PTS(O),信用返済買,６ヵ月,特定,2025/02/05,2025/02/07,100,"2,921.5",8,--,"-6,238",--
7203,トヨタ自動車,PTS(X),信用返済買,６ヵ月,特定,2025/02/05,2025/02/07,100,"2,921.4",8,--,"-6,398",--
7203,トヨタ自動車,PTS(X),信用返済買,６ヵ月,特定,2025/02/05,2025/02/07,100,"2,921.2",8,--,"-5,928",--
7203,トヨタ自動車,PTS(X),信用返済買,６ヵ月,特定,2025/02/05,2025/02/07,100,"2,921.4",8,--,"-6,388",--
7832,バンダイナムコホールディングス,PTS(X),信用返済買,６ヵ月,特定,2025/02/05,2025/02/07,100,"4,196.9",13,--,"25,697",--
7974,任天堂,東証,信用返済買,６ヵ月,特定,2025/02/05,2025/02/07,200,"10,775",62,--,"-74,942",--
7974,任天堂,PTS(O),信用返済買,６ヵ月,特定,2025/02/05,2025/02/07,100,"10,674.9",32,--,"-3,522",--
7974,任天堂,PTS(X),信用返済買,６ヵ月,特定,2025/02/05,2025/02/07,100,"10,674.9",32,--,-272,--
7974,任天堂,PTS(X),信用返済買,６ヵ月,特定,2025/02/05,2025/02/07,100,"10,674.9",32,--,"-3,262",--
4183,三井化学,PTS(O),信用新規売,６ヵ月,特定,2025/02/04,2025/02/06,100,"3,288.7",--,--,--,--
4183,三井化学,PTS(X),信用新規売,６ヵ月,特定,2025/02/04,2025/02/06,100,"3,288.6",--,--,--,--
5802,住友電気工業,PTS(O),信用新規売,６ヵ月,特定,2025/02/04,2025/02/06,100,"2,931",--,--,--,--
5802,住友電気工業,PTS(O),信用新規売,６ヵ月,特定,2025/02/04,2025/02/06,100,"2,930",--,--,--,--
5802,住友電気工業,PTS(O),信用新規売,６ヵ月,特定,2025/02/04,2025/02/06,100,"2,925.1",--,--,--,--
5802,住友電気工業,PTS(X),信用新規売,６ヵ月,特定,2025/02/04,2025/02/06,100,"2,925.2",--,--,--,--
5802,住友電気工業,PTS(X),信用新規売,６ヵ月,特定,2025/02/04,2025/02/06,100,"2,925",--,--,--,--
5802,住友電気工業,PTS(X),信用新規売,６ヵ月,特定,2025/02/04,2025/02/06,100,"2,931",--,--,--,--
5802,住友電気工業,PTS(X),信用新規売,６ヵ月,特定,2025/02/04,2025/02/06,100,"2,925.1",--,--,--,--
7011,三菱重工業,PTS(O),信用新規売,６ヵ月,特定,2025/02/04,2025/02/06,100,"2,210.5",--,--,--,--
7011,三菱重工業,PTS(X),信用新規売,６ヵ月,特定,2025/02/04,2025/02/06,100,"2,214.9",--,--,--,--
7011,三菱重工業,PTS(O),信用新規売,６ヵ月,特定,2025/02/04,2025/02/06,100,"2,223",--,--,--,--
7011,三菱重工業,PTS(O),信用新規売,６ヵ月,特定,2025/02/04,2025/02/06,100,"2,237.5",--,--,--,--
7011,三菱重工業,PTS(X),信用新規売,６ヵ月,特定,2025/02/04,2025/02/06,100,"2,223",--,--,--,--
7011,三菱重工業,PTS(X),信用新規売,６ヵ月,特定,2025/02/04,2025/02/06,200,"2,224",--,--,--,--
7011,三菱重工業,PTS(O),信用新規売,６ヵ月,特定,2025/02/04,2025/02/06,100,"2,219",--,--,--,--
7011,三菱重工業,東証,信用新規売,６ヵ月,特定,2025/02/04,2025/02/06,300,"2,223",--,--,--,--
7011,三菱重工業,PTS(X),信用新規売,６ヵ月,特定,2025/02/04,2025/02/06,100,"2,210.5",--,--,--,--
7011,三菱重工業,東証,信用新規売,６ヵ月,特定,2025/02/04,2025/02/06,300,"2,224",--,--,--,--
5481,山陽特殊製鋼,東証,信用返済売,６ヵ月,特定,2025/02/04,2025/02/06,200,"2,766",92,--,"151,508",--
5802,住友電気工業,東証,信用返済売,６ヵ月,特定,2025/02/04,2025/02/06,100,"3,009",23,--,"-2,623",--
5802,住友電気工業,東証,信用返済売,６ヵ月,特定,2025/02/04,2025/02/06,100,"3,009",23,--,"-2,623",--
5802,住友電気工業,PTS(X),信用返済売,６ヵ月,特定,2025/02/04,2025/02/06,100,"2,922",23,--,"-7,893",--
5802,住友電気工業,PTS(O),信用返済売,６ヵ月,特定,2025/02/04,2025/02/06,100,"2,922",23,--,"-9,073",--
5802,住友電気工業,PTS(X),信用返済売,６ヵ月,特定,2025/02/04,2025/02/06,100,"2,921.9",23,--,"-7,903",--
5802,住友電気工業,東証,信用返済売,６ヵ月,特定,2025/02/04,2025/02/06,100,"3,009",23,--,"-2,703",--
5802,住友電気工業,東証,信用返済売,６ヵ月,特定,2025/02/04,2025/02/06,300,"3,009",69,--,"-7,959",--
5802,住友電気工業,東証,信用返済売,６ヵ月,特定,2025/02/04,2025/02/06,200,"3,009",46,--,"-5,446",--
5802,住友電気工業,東証,信用返済売,６ヵ月,特定,2025/02/04,2025/02/06,100,"3,009",23,--,"-2,713",--
5802,住友電気工業,東証,信用返済売,６ヵ月,特定,2025/02/04,2025/02/06,100,"3,009",23,--,"-2,713",--
7011,三菱重工業,PTS(O),信用返済売,６ヵ月,特定,2025/02/04,2025/02/06,100,"2,249.3",17,--,163,--
7011,三菱重工業,PTS(X),信用返済売,６ヵ月,特定,2025/02/04,2025/02/06,200,"2,227.8",34,--,"-4,254",--
7011,三菱重工業,PTS(X),信用返済売,６ヵ月,特定,2025/02/04,2025/02/06,300,"2,227.7",51,--,"-6,381",--
7011,三菱重工業,PTS(X),信用返済売,６ヵ月,特定,2025/02/04,2025/02/06,200,"2,227.9",34,--,"-4,234",--
7011,三菱重工業,PTS(X),信用返済売,６ヵ月,特定,2025/02/04,2025/02/06,100,"2,249.3",17,--,163,--
7011,三菱重工業,PTS(X),信用返済売,６ヵ月,特定,2025/02/04,2025/02/06,300,"2,227.6",51,--,"-6,411",--
7011,三菱重工業,PTS(O),信用返済売,６ヵ月,特定,2025/02/04,2025/02/06,100,"2,249.3",17,--,163,--
7105,三菱ロジスネクスト,PTS(O),信用返済売,６ヵ月,特定,2025/02/04,2025/02/06,100,"1,900.1",14,--,"-2,454",--
7105,三菱ロジスネクスト,PTS(X),信用返済売,６ヵ月,特定,2025/02/04,2025/02/06,100,"1,900",14,--,"-2,474",--
7735,ＳＣＲＥＥＮホールディングス,PTS(X),信用返済売,６ヵ月,特定,2025/02/04,2025/02/06,100,"10,492",82,--,"-23,182",--
7735,ＳＣＲＥＥＮホールディングス,PTS(X),信用返済売,６ヵ月,特定,2025/02/04,2025/02/06,100,"10,532.5",81,--,"-6,781",--
8053,住友商事,PTS(J),信用返済売,６ヵ月,特定,2025/02/04,2025/02/06,100,"3,454.6",26,--,"2,304",--
8053,住友商事,PTS(X),信用返済売,６ヵ月,特定,2025/02/04,2025/02/06,100,"3,454.7",26,--,"2,314",--
8053,住友商事,PTS(X),信用返済売,６ヵ月,特定,2025/02/04,2025/02/06,100,"3,454.6",26,--,"-1,236",--
5802,住友電気工業,東証,信用新規買,６ヵ月,特定,2025/02/04,2025/02/06,200,"3,036",--,--,--,--
5802,住友電気工業,PTS(X),信用新規買,６ヵ月,特定,2025/02/04,2025/02/06,100,"3,035",--,--,--,--
5802,住友電気工業,PTS(O),信用新規買,６ヵ月,特定,2025/02/04,2025/02/06,200,"3,000.7",--,--,--,--
5802,住友電気工業,PTS(O),信用新規買,６ヵ月,特定,2025/02/04,2025/02/06,100,"3,035",--,--,--,--
5802,住友電気工業,PTS(X),信用新規買,６ヵ月,特定,2025/02/04,2025/02/06,100,"3,035.9",--,--,--,--
5802,住友電気工業,PTS(X),信用新規買,６ヵ月,特定,2025/02/04,2025/02/06,100,"3,035.8",--,--,--,--
5802,住友電気工業,PTS(O),信用新規買,６ヵ月,特定,2025/02/04,2025/02/06,300,"3,035.3",--,--,--,--
5802,住友電気工業,PTS(O),信用新規買,６ヵ月,特定,2025/02/04,2025/02/06,100,"3,035.9",--,--,--,--
5802,住友電気工業,PTS(J),信用新規買,６ヵ月,特定,2025/02/04,2025/02/06,100,"3,012.5",--,--,--,--
6857,アドバンテスト,PTS(O),信用新規買,６ヵ月,特定,2025/02/04,2025/02/06,100,"8,479",--,--,--,--
6857,アドバンテスト,東証,信用新規買,６ヵ月,特定,2025/02/04,2025/02/06,200,"8,500",--,--,--,--
7011,三菱重工業,東証,信用新規買,６ヵ月,特定,2025/02/04,2025/02/06,100,"2,247.5",--,--,--,--
7011,三菱重工業,PTS(O),信用新規買,６ヵ月,特定,2025/02/04,2025/02/06,100,"2,247.5",--,--,--,--
7011,三菱重工業,PTS(X),信用新規買,６ヵ月,特定,2025/02/04,2025/02/06,100,"2,247.5",--,--,--,--
7011,三菱重工業,PTS(X),信用新規買,６ヵ月,特定,2025/02/04,2025/02/06,300,"2,248.8",--,--,--,--
7011,三菱重工業,PTS(X),信用新規買,６ヵ月,特定,2025/02/04,2025/02/06,400,"2,248.9",--,--,--,--
7011,三菱重工業,PTS(O),信用新規買,６ヵ月,特定,2025/02/04,2025/02/06,300,"2,248.8",--,--,--,--
7105,三菱ロジスネクスト,PTS(O),信用新規買,６ヵ月,特定,2025/02/04,2025/02/06,100,"1,924.5",--,--,--,--
7105,三菱ロジスネクスト,PTS(X),信用新規買,６ヵ月,特定,2025/02/04,2025/02/06,100,"1,924.6",--,--,--,--
7735,ＳＣＲＥＥＮホールディングス,PTS(X),信用新規買,６ヵ月,特定,2025/02/04,2025/02/06,100,"10,599.5",--,--,--,--
7735,ＳＣＲＥＥＮホールディングス,PTS(O),信用新規買,６ヵ月,特定,2025/02/04,2025/02/06,100,"10,723",--,--,--,--
8053,住友商事,PTS(O),信用新規買,６ヵ月,特定,2025/02/04,2025/02/06,100,"3,431.3",--,--,--,--
8053,住友商事,PTS(X),信用新規買,６ヵ月,特定,2025/02/04,2025/02/06,100,"3,431.3",--,--,--,--
8053,住友商事,PTS(O),信用新規買,６ヵ月,特定,2025/02/04,2025/02/06,100,"3,466.7",--,--,--,--
4183,三井化学,PTS(O),信用返済買,６ヵ月,特定,2025/02/04,2025/02/06,100,"3,311.3",9,--,"-2,279",--
4183,三井化学,PTS(O),信用返済買,６ヵ月,特定,2025/02/04,2025/02/06,100,"3,311.3",9,--,"-2,269",--
5802,住友電気工業,PTS(O),信用返済買,６ヵ月,特定,2025/02/04,2025/02/06,100,"3,036",8,--,"-10,608",--
5802,住友電気工業,東証,信用返済買,６ヵ月,特定,2025/02/04,2025/02/06,100,"3,036",8,--,"-11,098",--
5802,住友電気工業,東証,信用返済買,６ヵ月,特定,2025/02/04,2025/02/06,100,"3,036",8,--,"-11,098",--
5802,住友電気工業,東証,信用返済買,６ヵ月,特定,2025/02/04,2025/02/06,100,"3,036",8,--,"-11,108",--
5802,住友電気工業,東証,信用返済買,６ヵ月,特定,2025/02/04,2025/02/06,100,"3,036",8,--,"-11,088",--
5802,住友電気工業,PTS(O),信用返済買,６ヵ月,特定,2025/02/04,2025/02/06,100,"3,036",8,--,"-10,508",--
5802,住友電気工業,PTS(O),信用返済買,６ヵ月,特定,2025/02/04,2025/02/06,100,"3,036",8,--,"-10,508",--
7011,三菱重工業,東証,信用返済買,６ヵ月,特定,2025/02/04,2025/02/06,200,"2,219",13,--,987,--
7011,三菱重工業,東証,信用返済買,６ヵ月,特定,2025/02/04,2025/02/06,300,"2,219",20,--,"1,180",--
7011,三菱重工業,PTS(X),信用返済買,６ヵ月,特定,2025/02/04,2025/02/06,100,"2,249.2",6,--,"-3,436",--
7011,三菱重工業,東証,信用返済買,６ヵ月,特定,2025/02/04,2025/02/06,200,"2,219",13,--,987,--
7011,三菱重工業,東証,信用返済買,６ヵ月,特定,2025/02/04,2025/02/06,100,"2,219",6,--,394,--
7011,三菱重工業,東証,信用返済買,６ヵ月,特定,2025/02/04,2025/02/06,100,"2,219",6,--,394,--
7011,三菱重工業,PTS(O),信用返済買,６ヵ月,特定,2025/02/04,2025/02/06,100,"2,219",6,--,494,--
7011,三菱重工業,PTS(X),信用返済買,６ヵ月,特定,2025/02/04,2025/02/06,100,"2,249.4",6,--,"-3,896",--
7011,三菱重工業,PTS(X),信用返済買,６ヵ月,特定,2025/02/04,2025/02/06,100,"2,249.2",6,--,"-1,176",--
7011,三菱重工業,PTS(X),信用返済買,６ヵ月,特定,2025/02/04,2025/02/06,100,"2,249.2",6,--,"-3,026",--
7011,三菱重工業,PTS(X),信用返済買,６ヵ月,特定,2025/02/04,2025/02/06,100,"2,249.4",6,--,"-3,896",--
4333,東邦システムサイエンス,東証,信用返済売,６ヵ月,特定,2025/02/03,2025/02/05,200,"1,352",42,--,"-7,642",--
4367,広栄化学,東証,信用返済売,６ヵ月,特定,2025/02/03,2025/02/05,100,"2,261",37,--,"-18,337",--
6857,アドバンテスト,東証,信用返済売,６ヵ月,特定,2025/02/03,2025/02/05,100,"8,300",64,--,"-9,164",--
6857,アドバンテスト,東証,信用返済売,６ヵ月,特定,2025/02/03,2025/02/05,100,"8,300",64,--,"-5,564",--
6857,アドバンテスト,東証,信用返済売,６ヵ月,特定,2025/02/03,2025/02/05,100,"8,300",528,--,"-96,128",--
6857,アドバンテスト,東証,信用返済売,６ヵ月,特定,2025/02/03,2025/02/05,100,"8,300",195,--,"-20,195",--
6927,ヘリオス　テクノ　ホールディング,PTS(X),信用返済売,６ヵ月,特定,2025/02/03,2025/02/05,100,865.1,13,--,"-1,603",--
6927,ヘリオス　テクノ　ホールディング,PTS(X),信用返済売,６ヵ月,特定,2025/02/03,2025/02/05,100,865.2,13,--,"-1,593",--
6927,ヘリオス　テクノ　ホールディング,東証,信用返済売,６ヵ月,特定,2025/02/03,2025/02/05,200,865,27,--,"-3,227",--
6927,ヘリオス　テクノ　ホールディング,PTS(O),信用返済売,６ヵ月,特定,2025/02/03,2025/02/05,100,865,13,--,"-1,613",--
7735,ＳＣＲＥＥＮホールディングス,東証,信用返済売,６ヵ月,特定,2025/02/03,2025/02/05,100,"10,535",82,--,"-22,382",--
9552,Ｍ＆Ａ総研ホールディングス,東証,信用返済売,６ヵ月,特定,2025/02/03,2025/02/05,100,"1,488",123,--,"-47,083",--
9552,Ｍ＆Ａ総研ホールディングス,東証,信用返済売,６ヵ月,特定,2025/02/03,2025/02/05,200,"1,488",247,--,"-94,167",--
9552,Ｍ＆Ａ総研ホールディングス,東証,信用返済売,６ヵ月,特定,2025/02/03,2025/02/05,100,"1,488",124,--,"-47,104",--
9552,Ｍ＆Ａ総研ホールディングス,東証,信用返済売,６ヵ月,特定,2025/02/03,2025/02/05,100,"1,488",126,--,"-50,836",--
9552,Ｍ＆Ａ総研ホールディングス,東証,信用返済売,６ヵ月,特定,2025/02/03,2025/02/05,500,"1,488",53,--,"50,947",--
3382,セブン＆アイ・ホールディングス,東証,信用新規買,無期限,特定,2025/02/03,2025/02/05,"1,000","2,429",--,--,--,--
3443,川田テクノロジーズ,PTS(O),信用新規買,６ヵ月,特定,2025/02/03,2025/02/05,100,"2,671.9",--,--,--,--
3443,川田テクノロジーズ,PTS(X),信用新規買,６ヵ月,特定,2025/02/03,2025/02/05,100,"2,675.1",--,--,--,--
6857,アドバンテスト,PTS(O),信用新規買,６ヵ月,特定,2025/02/03,2025/02/05,100,"8,355",--,--,--,--
6857,アドバンテスト,PTS(O),信用新規買,６ヵ月,特定,2025/02/03,2025/02/05,100,"8,391",--,--,--,--
6927,ヘリオス　テクノ　ホールディング,東証,信用新規買,無期限,特定,2025/02/03,2025/02/05,500,865,--,--,--,--
7735,ＳＣＲＥＥＮホールディングス,東証,信用新規買,６ヵ月,特定,2025/02/03,2025/02/05,100,"10,925",--,--,--,--
7735,ＳＣＲＥＥＮホールディングス,PTS(X),信用新規買,６ヵ月,特定,2025/02/03,2025/02/05,100,"10,758",--,--,--,--
9552,Ｍ＆Ａ総研ホールディングス,東証,信用新規買,６ヵ月,特定,2025/02/03,2025/02/05,500,"1,386",--,--,--,--
6473,ジェイテクト,東証,信用返済買,６ヵ月,特定,2025/02/03,2025/02/05,100,"1,133",12,--,"8,638",--
6473,ジェイテクト,東証,信用返済買,６ヵ月,特定,2025/02/03,2025/02/05,100,"1,133",12,--,"8,748",--
6473,ジェイテクト,東証,信用返済買,６ヵ月,特定,2025/02/03,2025/02/05,100,"1,133",12,--,"8,688",--
6473,ジェイテクト,東証,信用返済買,６ヵ月,特定,2025/02/03,2025/02/05,100,"1,133",12,--,"8,758",--
6473,ジェイテクト,東証,信用返済買,６ヵ月,特定,2025/02/03,2025/02/05,100,"1,133",12,--,"8,698",--
6473,ジェイテクト,東証,信用返済買,６ヵ月,特定,2025/02/03,2025/02/05,100,"1,133",12,--,"8,688",--
6473,ジェイテクト,東証,信用返済買,６ヵ月,特定,2025/02/03,2025/02/05,200,"1,133",24,--,"17,476",--
1803,清水建設,PTS(O),信用新規売,６ヵ月,特定,2025/01/31,2025/02/04,100,"1,353.2",--,--,--,--
1803,清水建設,PTS(X),信用新規売,６ヵ月,特定,2025/01/31,2025/02/04,200,"1,353.2",--,--,--,--
6473,ジェイテクト,東証,信用新規売,６ヵ月,特定,2025/01/31,2025/02/04,100,"1,219.5",--,--,--,--
6473,ジェイテクト,東証,信用新規売,６ヵ月,特定,2025/01/31,2025/02/04,100,"1,220",--,--,--,--
6473,ジェイテクト,東証,信用新規売,６ヵ月,特定,2025/01/31,2025/02/04,100,"1,220",--,--,--,--
6473,ジェイテクト,東証,信用新規売,６ヵ月,特定,2025/01/31,2025/02/04,200,"1,220.5",--,--,--,--
6473,ジェイテクト,PTS(X),信用新規売,６ヵ月,特定,2025/01/31,2025/02/04,100,"1,220.6",--,--,--,--
6473,ジェイテクト,PTS(X),信用新規売,６ヵ月,特定,2025/01/31,2025/02/04,100,"1,220.7",--,--,--,--
6473,ジェイテクト,PTS(J),信用新規売,６ヵ月,特定,2025/01/31,2025/02/04,100,"1,220.1",--,--,--,--
6701,日本電気,東証,信用新規売,６ヵ月,特定,2025/01/31,2025/02/04,100,"15,215",--,--,--,--
6902,デンソー,PTS(X),信用新規売,６ヵ月,特定,2025/01/31,2025/02/04,100,"2,189.9",--,--,--,--
6902,デンソー,PTS(J),信用新規売,６ヵ月,特定,2025/01/31,2025/02/04,100,"2,189.7",--,--,--,--
6902,デンソー,PTS(X),信用新規売,６ヵ月,特定,2025/01/31,2025/02/04,100,"2,180.1",--,--,--,--
6902,デンソー,東証,信用新規売,６ヵ月,特定,2025/01/31,2025/02/04,100,"2,178.5",--,--,--,--
6902,デンソー,東証,信用新規売,６ヵ月,特定,2025/01/31,2025/02/04,200,"2,179.5",--,--,--,--
6902,デンソー,PTS(X),信用新規売,６ヵ月,特定,2025/01/31,2025/02/04,100,"2,189.7",--,--,--,--
6902,デンソー,PTS(O),信用新規売,６ヵ月,特定,2025/01/31,2025/02/04,100,"2,189.6",--,--,--,--
6902,デンソー,PTS(X),信用新規売,６ヵ月,特定,2025/01/31,2025/02/04,400,"2,189.6",--,--,--,--
6902,デンソー,PTS(X),信用新規売,６ヵ月,特定,2025/01/31,2025/02/04,100,"2,189.8",--,--,--,--
6902,デンソー,PTS(X),信用新規売,６ヵ月,特定,2025/01/31,2025/02/04,100,"2,190",--,--,--,--
6902,デンソー,PTS(O),信用新規売,６ヵ月,特定,2025/01/31,2025/02/04,500,"2,189.5",--,--,--,--
6902,デンソー,東証,信用新規売,６ヵ月,特定,2025/01/31,2025/02/04,100,"2,179",--,--,--,--
2692,伊藤忠食品,東証,信用返済売,６ヵ月,特定,2025/01/31,2025/02/04,100,"7,520",58,--,"-8,058",--
3382,セブン＆アイ・ホールディングス,東証,信用返済売,６ヵ月,特定,2025/01/31,2025/02/04,100,"2,469.5",18,--,-678,--
3382,セブン＆アイ・ホールディングス,東証,信用返済売,６ヵ月,特定,2025/01/31,2025/02/04,300,"2,469.5",56,--,"-2,006",--
3382,セブン＆アイ・ホールディングス,東証,信用返済売,６ヵ月,特定,2025/01/31,2025/02/04,100,"2,469.5",18,--,-688,--
3382,セブン＆アイ・ホールディングス,東証,信用返済売,６ヵ月,特定,2025/01/31,2025/02/04,500,"2,469.5",94,--,906,--
4519,中外製薬,東証,信用返済売,６ヵ月,特定,2025/01/31,2025/02/04,200,"6,770",101,--,"32,299",--
5803,フジクラ,PTS(X),信用返済売,６ヵ月,特定,2025/01/31,2025/02/04,100,"6,200",48,--,"-7,208",--
5803,フジクラ,東証,信用返済売,６ヵ月,特定,2025/01/31,2025/02/04,100,"6,200",48,--,"-7,208",--
6762,ＴＤＫ,PTS(X),信用返済売,６ヵ月,特定,2025/01/31,2025/02/04,100,"1,916.6",14,--,"-1,304",--
6762,ＴＤＫ,PTS(X),信用返済売,６ヵ月,特定,2025/01/31,2025/02/04,100,"1,916.7",14,--,"-1,304",--
6762,ＴＤＫ,PTS(X),信用返済売,６ヵ月,特定,2025/01/31,2025/02/04,100,"1,916.8",14,--,116,--
6762,ＴＤＫ,PTS(X),信用返済売,６ヵ月,特定,2025/01/31,2025/02/04,100,"1,916.6",14,--,"-1,324",--
6762,ＴＤＫ,PTS(X),信用返済売,６ヵ月,特定,2025/01/31,2025/02/04,100,"1,916.8",14,--,106,--
6902,デンソー,東証,信用返済売,６ヵ月,特定,2025/01/31,2025/02/04,100,"2,188",17,--,"-3,117",--
6902,デンソー,東証,信用返済売,６ヵ月,特定,2025/01/31,2025/02/04,200,"2,188",34,--,"-6,234",--
6902,デンソー,東証,信用返済売,６ヵ月,特定,2025/01/31,2025/02/04,200,"2,188.5",34,--,"-6,134",--
6902,デンソー,PTS(X),信用返済売,６ヵ月,特定,2025/01/31,2025/02/04,100,"2,192.6",16,--,"-1,256",--
6902,デンソー,PTS(O),信用返済売,６ヵ月,特定,2025/01/31,2025/02/04,100,"2,193.2",16,--,"-1,196",--
6902,デンソー,PTS(J),信用返済売,６ヵ月,特定,2025/01/31,2025/02/04,100,"2,192.5",16,--,"-1,266",--
6902,デンソー,PTS(X),信用返済売,６ヵ月,特定,2025/01/31,2025/02/04,100,"2,193.1",16,--,"-1,196",--
6902,デンソー,PTS(X),信用返済売,６ヵ月,特定,2025/01/31,2025/02/04,100,"2,189",17,--,"-2,957",--
6902,デンソー,PTS(X),信用返済売,６ヵ月,特定,2025/01/31,2025/02/04,100,"2,188.8",17,--,"-3,037",--
6902,デンソー,PTS(O),信用返済売,６ヵ月,特定,2025/01/31,2025/02/04,100,"2,188.5",17,--,"-3,057",--
6902,デンソー,PTS(X),信用返済売,６ヵ月,特定,2025/01/31,2025/02/04,100,"2,188.5",17,--,"-3,067",--
6902,デンソー,PTS(J),信用返済売,６ヵ月,特定,2025/01/31,2025/02/04,100,"2,188.5",17,--,"-3,057",--
8133,伊藤忠エネクス,東証,信用返済売,６ヵ月,特定,2025/01/31,2025/02/04,100,"1,588",12,--,"1,788",--
8133,伊藤忠エネクス,PTS(O),信用返済売,６ヵ月,特定,2025/01/31,2025/02/04,100,"1,588.9",12,--,"1,878",--
8133,伊藤忠エネクス,PTS(O),信用返済売,６ヵ月,特定,2025/01/31,2025/02/04,100,"1,588.8",12,--,"1,868",--
8133,伊藤忠エネクス,東証,信用返済売,６ヵ月,特定,2025/01/31,2025/02/04,100,"1,587",12,--,"1,688",--
9531,東京瓦斯,PTS(O),信用返済売,６ヵ月,特定,2025/01/31,2025/02/04,100,"4,173.2",31,--,"3,949",--
2692,伊藤忠食品,東証,信用新規買,６ヵ月,特定,2025/01/31,2025/02/04,100,"7,600",--,--,--,--
3382,セブン＆アイ・ホールディングス,PTS(X),信用新規買,６ヵ月,特定,2025/01/31,2025/02/04,300,"2,476",--,--,--,--
3382,セブン＆アイ・ホールディングス,東証,信用新規買,６ヵ月,特定,2025/01/31,2025/02/04,500,"2,467.5",--,--,--,--
3382,セブン＆アイ・ホールディングス,PTS(X),信用新規買,６ヵ月,特定,2025/01/31,2025/02/04,100,"2,476.1",--,--,--,--
3382,セブン＆アイ・ホールディングス,PTS(X),信用新規買,６ヵ月,特定,2025/01/31,2025/02/04,100,"2,476.2",--,--,--,--
4333,東邦システムサイエンス,東証,信用新規買,６ヵ月,特定,2025/01/31,2025/02/04,200,"1,390",--,--,--,--
4367,広栄化学,東証,信用新規買,６ヵ月,特定,2025/01/31,2025/02/04,100,"2,444",--,--,--,--
4519,中外製薬,東証,信用新規買,６ヵ月,特定,2025/01/31,2025/02/04,200,"6,608",--,--,--,--
5481,山陽特殊製鋼,東証,信用新規買,６ヵ月,特定,2025/01/31,2025/02/04,200,"2,008",--,--,--,--
5803,フジクラ,PTS(O),信用新規買,６ヵ月,特定,2025/01/31,2025/02/04,200,"6,271.6",--,--,--,--
6762,ＴＤＫ,PTS(X),信用新規買,６ヵ月,特定,2025/01/31,2025/02/04,100,"1,929.6",--,--,--,--
6762,ＴＤＫ,PTS(X),信用新規買,６ヵ月,特定,2025/01/31,2025/02/04,100,"1,929.7",--,--,--,--
6762,ＴＤＫ,PTS(X),信用新規買,６ヵ月,特定,2025/01/31,2025/02/04,100,"1,929.5",--,--,--,--
6762,ＴＤＫ,PTS(X),信用新規買,６ヵ月,特定,2025/01/31,2025/02/04,100,"1,915.6",--,--,--,--
6762,ＴＤＫ,PTS(O),信用新規買,６ヵ月,特定,2025/01/31,2025/02/04,100,"1,915.5",--,--,--,--
6902,デンソー,東証,信用新規買,６ヵ月,特定,2025/01/31,2025/02/04,500,"2,219",--,--,--,--
6902,デンソー,PTS(O),信用新規買,６ヵ月,特定,2025/01/31,2025/02/04,200,"2,219",--,--,--,--
6902,デンソー,PTS(X),信用新規買,６ヵ月,特定,2025/01/31,2025/02/04,100,"2,218.9",--,--,--,--
6902,デンソー,PTS(X),信用新規買,６ヵ月,特定,2025/01/31,2025/02/04,300,"2,205",--,--,--,--
6902,デンソー,PTS(X),信用新規買,６ヵ月,特定,2025/01/31,2025/02/04,100,"2,218.4",--,--,--,--
6902,デンソー,PTS(O),信用新規買,６ヵ月,特定,2025/01/31,2025/02/04,100,"2,218.9",--,--,--,--
6902,デンソー,PTS(J),信用新規買,６ヵ月,特定,2025/01/31,2025/02/04,100,"2,204.9",--,--,--,--
6927,ヘリオス　テクノ　ホールディング,東証,信用新規買,６ヵ月,特定,2025/01/31,2025/02/04,500,881,--,--,--,--
7735,ＳＣＲＥＥＮホールディングス,PTS(X),信用新規買,６ヵ月,特定,2025/01/31,2025/02/04,100,"10,866.5",--,--,--,--
8133,伊藤忠エネクス,東証,信用新規買,６ヵ月,特定,2025/01/31,2025/02/04,400,"1,570",--,--,--,--
9531,東京瓦斯,PTS(O),信用新規買,６ヵ月,特定,2025/01/31,2025/02/04,100,"4,133.4",--,--,--,--
1803,清水建設,PTS(X),信用返済買,６ヵ月,特定,2025/01/31,2025/02/04,100,"1,356.1",4,--,-294,--
1803,清水建設,PTS(O),信用返済買,６ヵ月,特定,2025/01/31,2025/02/04,100,"1,356.1",4,--,-294,--
1803,清水建設,PTS(X),信用返済買,６ヵ月,特定,2025/01/31,2025/02/04,100,"1,344.8",4,--,836,--
6701,日本電気,東証,信用返済買,６ヵ月,特定,2025/01/31,2025/02/04,100,"14,905",45,--,"30,955",--
6902,デンソー,東証,信用返済買,６ヵ月,特定,2025/01/31,2025/02/04,100,"2,220.5",6,--,"-4,106",--
6902,デンソー,東証,信用返済買,６ヵ月,特定,2025/01/31,2025/02/04,200,"2,144",13,--,"9,107",--
6902,デンソー,東証,信用返済買,６ヵ月,特定,2025/01/31,2025/02/04,100,"2,146.5",6,--,"4,294",--
6902,デンソー,東証,信用返済買,６ヵ月,特定,2025/01/31,2025/02/04,100,"2,144",6,--,"4,584",--
6902,デンソー,東証,信用返済買,６ヵ月,特定,2025/01/31,2025/02/04,100,"2,147",6,--,"4,244",--
6902,デンソー,PTS(X),信用返済買,６ヵ月,特定,2025/01/31,2025/02/04,100,"2,142.8",6,--,"4,714",--
6902,デンソー,PTS(O),信用返済買,６ヵ月,特定,2025/01/31,2025/02/04,100,"2,220.5",6,--,"-4,206",--
6902,デンソー,PTS(J),信用返済買,６ヵ月,特定,2025/01/31,2025/02/04,100,"2,146.5",6,--,"4,294",--
6902,デンソー,PTS(O),信用返済買,６ヵ月,特定,2025/01/31,2025/02/04,100,"2,220.4",6,--,"-4,096",--
6902,デンソー,PTS(J),信用返済買,６ヵ月,特定,2025/01/31,2025/02/04,100,"2,220.2",6,--,"-4,126",--
6902,デンソー,PTS(X),信用返済買,６ヵ月,特定,2025/01/31,2025/02/04,100,"2,142.8",6,--,"4,674",--
6902,デンソー,PTS(X),信用返済買,６ヵ月,特定,2025/01/31,2025/02/04,100,"2,219.9",6,--,"-3,986",--
6902,デンソー,PTS(X),信用返済買,６ヵ月,特定,2025/01/31,2025/02/04,100,"2,146",6,--,"4,364",--
6902,デンソー,PTS(X),信用返済買,６ヵ月,特定,2025/01/31,2025/02/04,100,"2,146",6,--,"4,364",--
6902,デンソー,東証,信用返済買,６ヵ月,特定,2025/01/31,2025/02/04,100,"2,143.5",6,--,"4,604",--
6902,デンソー,東証,信用返済買,６ヵ月,特定,2025/01/31,2025/02/04,100,"2,143.5",6,--,"4,604",--
6902,デンソー,東証,信用返済買,６ヵ月,特定,2025/01/31,2025/02/04,200,"2,144",13,--,"9,087",--
6902,デンソー,東証,信用返済買,６ヵ月,特定,2025/01/31,2025/02/04,100,"2,144",6,--,"4,574",--
4751,サイバーエージェント,東証,信用新規売,６ヵ月,特定,2025/01/30,2025/02/03,100,"1,195",--,--,--,--
4751,サイバーエージェント,PTS(O),信用新規売,６ヵ月,特定,2025/01/30,2025/02/03,100,"1,172",--,--,--,--
4751,サイバーエージェント,PTS(O),信用新規売,６ヵ月,特定,2025/01/30,2025/02/03,100,"1,194.5",--,--,--,--
4751,サイバーエージェント,東証,信用新規売,６ヵ月,特定,2025/01/30,2025/02/03,200,"1,195.5",--,--,--,--
4751,サイバーエージェント,東証,信用新規売,６ヵ月,特定,2025/01/30,2025/02/03,100,"1,172",--,--,--,--
6857,アドバンテスト,PTS(O),信用返済売,６ヵ月,特定,2025/01/30,2025/02/03,100,"8,740",64,--,"38,936",--
6857,アドバンテスト,東証,信用返済売,６ヵ月,特定,2025/01/30,2025/02/03,100,"8,792",65,--,"29,135",--
6857,アドバンテスト,東証,信用返済売,６ヵ月,特定,2025/01/30,2025/02/03,100,"8,898",299,--,"46,001",--
6857,アドバンテスト,PTS(O),信用新規買,６ヵ月,特定,2025/01/30,2025/02/03,100,"8,350",--,--,--,--
6857,アドバンテスト,東証,信用新規買,６ヵ月,特定,2025/01/30,2025/02/03,200,"8,500",--,--,--,--
7732,トプコン,東証,信用新規買,６ヵ月,特定,2025/01/30,2025/02/03,200,"2,975.5",--,--,--,--
4751,サイバーエージェント,東証,信用返済買,６ヵ月,特定,2025/01/30,2025/02/03,100,"1,195",3,--,"-2,303",--
4751,サイバーエージェント,東証,信用返済買,６ヵ月,特定,2025/01/30,2025/02/03,100,"1,195",3,--,"-2,303",--
4751,サイバーエージェント,東証,信用返済買,６ヵ月,特定,2025/01/30,2025/02/03,200,"1,195",7,--,93,--
4751,サイバーエージェント,東証,信用返済買,６ヵ月,特定,2025/01/30,2025/02/03,100,"1,195",3,--,-53,--
4751,サイバーエージェント,PTS(X),信用返済買,６ヵ月,特定,2025/01/30,2025/02/03,100,"1,195",3,--,-3,--
2737,トーメンデバイス,PTS(O),信用返済売,６ヵ月,特定,2025/01/29,2025/01/31,100,"6,800",42,--,"-7,842",--
3382,セブン＆アイ・ホールディングス,PTS(X),信用返済売,無期限,特定,2025/01/29,2025/01/31,100,"2,431.3",56,--,-626,--
3382,セブン＆アイ・ホールディングス,PTS(X),信用返済売,無期限,特定,2025/01/29,2025/01/31,100,"2,431.1",56,--,-646,--
3382,セブン＆アイ・ホールディングス,PTS(X),信用返済売,無期限,特定,2025/01/29,2025/01/31,100,"2,431.4",56,--,-616,--
3382,セブン＆アイ・ホールディングス,PTS(X),信用返済売,無期限,特定,2025/01/29,2025/01/31,200,"2,431.2",112,--,"-1,272",--
6857,アドバンテスト,東証,信用返済売,６ヵ月,特定,2025/01/29,2025/01/31,100,"8,518",52,--,"14,948",--
6857,アドバンテスト,PTS(O),信用返済売,６ヵ月,特定,2025/01/29,2025/01/31,100,"8,519",52,--,"15,048",--
6857,アドバンテスト,PTS(O),信用返済売,６ヵ月,特定,2025/01/29,2025/01/31,100,"8,337",50,--,"22,150",--
6857,アドバンテスト,東証,信用返済売,６ヵ月,特定,2025/01/29,2025/01/31,100,"8,519",52,--,"15,048",--
6857,アドバンテスト,東証,信用返済売,６ヵ月,特定,2025/01/29,2025/01/31,100,"8,337",50,--,"22,150",--
6857,アドバンテスト,東証,信用返済売,６ヵ月,特定,2025/01/29,2025/01/31,100,"8,518",105,--,"8,195",--
2737,トーメンデバイス,PTS(X),信用新規買,６ヵ月,特定,2025/01/29,2025/01/31,100,"6,878",--,--,--,--
4124,大阪油化工業,東証,信用新規買,６ヵ月,特定,2025/01/29,2025/01/31,100,"3,235",--,--,--,--
6857,アドバンテスト,東証,信用新規買,６ヵ月,特定,2025/01/29,2025/01/31,100,"8,115",--,--,--,--
6857,アドバンテスト,東証,信用新規買,６ヵ月,特定,2025/01/29,2025/01/31,300,"8,368",--,--,--,--
6857,アドバンテスト,PTS(O),信用新規買,６ヵ月,特定,2025/01/29,2025/01/31,100,"8,115",--,--,--,--
2160,ジーエヌアイグループ,東証,信用返済売,６ヵ月,特定,2025/01/28,2025/01/30,100,"3,170",158,--,92,--
2160,ジーエヌアイグループ,東証,信用返済売,６ヵ月,特定,2025/01/28,2025/01/30,100,"3,170",158,--,92,--
3382,セブン＆アイ・ホールディングス,東証,信用返済売,６ヵ月,特定,2025/01/28,2025/01/30,200,"2,434.5",91,--,-571,--
3382,セブン＆アイ・ホールディングス,東証,信用返済売,６ヵ月,特定,2025/01/28,2025/01/30,100,"2,434.5",45,--,-295,--
3382,セブン＆アイ・ホールディングス,PTS(X),信用返済売,６ヵ月,特定,2025/01/28,2025/01/30,100,"2,435",45,--,-245,--
3382,セブン＆アイ・ホールディングス,PTS(O),信用返済売,６ヵ月,特定,2025/01/28,2025/01/30,100,"2,434.5",45,--,-295,--
3978,マクロミル,PTS(X),信用返済売,６ヵ月,特定,2025/01/28,2025/01/30,100,"1,254.4",63,--,-923,--
3978,マクロミル,PTS(X),信用返済売,６ヵ月,特定,2025/01/28,2025/01/30,100,"1,254.3",63,--,-933,--
3978,マクロミル,PTS(O),信用返済売,６ヵ月,特定,2025/01/28,2025/01/30,200,"1,254",126,--,"-1,926",--
3978,マクロミル,東証,信用返済売,６ヵ月,特定,2025/01/28,2025/01/30,100,"1,253",63,--,"-1,063",--
3978,マクロミル,東証,信用返済売,６ヵ月,特定,2025/01/28,2025/01/30,300,"1,253",189,--,"-3,789",--
3978,マクロミル,PTS(X),信用返済売,６ヵ月,特定,2025/01/28,2025/01/30,100,"1,254.1",63,--,-953,--
3978,マクロミル,東証,信用返済売,６ヵ月,特定,2025/01/28,2025/01/30,200,"1,254",126,--,"-1,926",--
3978,マクロミル,東証,信用返済売,６ヵ月,特定,2025/01/28,2025/01/30,100,"1,253",63,--,"-1,263",--
3978,マクロミル,PTS(X),信用返済売,６ヵ月,特定,2025/01/28,2025/01/30,100,"1,254.2",63,--,-943,--
3978,マクロミル,PTS(X),信用返済売,６ヵ月,特定,2025/01/28,2025/01/30,100,"1,254.2",63,--,-943,--
3978,マクロミル,東証,信用返済売,６ヵ月,特定,2025/01/28,2025/01/30,100,"1,253",63,--,"-1,263",--
4676,フジ・メディア・ホールディングス,東証,信用返済売,６ヵ月,特定,2025/01/28,2025/01/30,500,"1,942.5",101,--,"62,899",--
6323,ローツェ,PTS(O),信用返済売,６ヵ月,特定,2025/01/28,2025/01/30,100,"1,657.7",115,--,"-1,845",--
6323,ローツェ,PTS(O),信用返済売,６ヵ月,特定,2025/01/28,2025/01/30,100,"1,657.5",77,--,"-11,677",--
6323,ローツェ,東証,信用返済売,６ヵ月,特定,2025/01/28,2025/01/30,100,"1,657.5",91,--,"-18,251",--
6323,ローツェ,東証,信用返済売,６ヵ月,特定,2025/01/28,2025/01/30,100,"1,657.5",77,--,"-11,687",--
6323,ローツェ,東証,信用返済売,６ヵ月,特定,2025/01/28,2025/01/30,100,"1,657.5",91,--,"-18,241",--
6323,ローツェ,PTS(O),信用返済売,６ヵ月,特定,2025/01/28,2025/01/30,100,"1,657.6",115,--,"-1,855",--
6323,ローツェ,PTS(X),信用返済売,６ヵ月,特定,2025/01/28,2025/01/30,300,"1,658.3",345,--,"-5,355",--
6323,ローツェ,PTS(X),信用返済売,６ヵ月,特定,2025/01/28,2025/01/30,100,"1,658.4",115,--,"-1,775",--
6857,アドバンテスト,東証,信用返済売,６ヵ月,特定,2025/01/28,2025/01/30,100,"8,162",51,--,"-9,941",--
6857,アドバンテスト,東証,信用返済売,６ヵ月,特定,2025/01/28,2025/01/30,200,"8,162",105,--,"-54,705",--
6857,アドバンテスト,東証,信用返済売,６ヵ月,特定,2025/01/28,2025/01/30,200,"8,162",103,--,"-31,503",--
6857,アドバンテスト,PTS(X),信用新規買,６ヵ月,特定,2025/01/28,2025/01/30,100,"8,260.9",--,--,--,--
6857,アドバンテスト,東証,信用新規買,６ヵ月,特定,2025/01/28,2025/01/30,200,"8,319",--,--,--,--
6857,アドバンテスト,東証,信用新規買,６ヵ月,特定,2025/01/28,2025/01/30,400,"8,435",--,--,--,--
6146,ディスコ,東証,信用返済売,６ヵ月,特定,2025/01/27,2025/01/29,100,"46,580",287,--,"47,713",--
6146,ディスコ,東証,信用新規買,６ヵ月,特定,2025/01/27,2025/01/29,100,"46,100",--,--,--,--
6857,アドバンテスト,PTS(O),信用新規買,６ヵ月,特定,2025/01/27,2025/01/29,100,"9,256",--,--,--,--
4733,オービックビジネスコンサルタント,東証,信用新規売,日計りHP,特定,2025/01/24,2025/01/28,100,"7,263",--,--,--,--
3382,セブン＆アイ・ホールディングス,東証,信用返済売,６ヵ月,特定,2025/01/24,2025/01/28,100,"2,436.5",320,--,-780,--
3382,セブン＆アイ・ホールディングス,PTS(X),信用返済売,６ヵ月,特定,2025/01/24,2025/01/28,200,"2,441.7",30,--,210,--
3382,セブン＆アイ・ホールディングス,PTS(X),信用返済売,６ヵ月,特定,2025/01/24,2025/01/28,200,"2,441.7",30,--,230,--
3382,セブン＆アイ・ホールディングス,PTS(X),信用返済売,６ヵ月,特定,2025/01/24,2025/01/28,100,"2,441.7",15,--,105,--
3382,セブン＆アイ・ホールディングス,PTS(X),信用返済売,６ヵ月,特定,2025/01/24,2025/01/28,100,"2,437.1",182,--,-272,--
3382,セブン＆アイ・ホールディングス,PTS(X),信用返済売,６ヵ月,特定,2025/01/24,2025/01/28,100,"2,437.1",457,--,-617,--
3382,セブン＆アイ・ホールディングス,東証,信用返済売,６ヵ月,特定,2025/01/24,2025/01/28,100,"2,437",457,--,-747,--
3382,セブン＆アイ・ホールディングス,東証,信用返済売,６ヵ月,特定,2025/01/24,2025/01/28,100,"2,436.5",320,--,-790,--
3382,セブン＆アイ・ホールディングス,東証,信用返済売,６ヵ月,特定,2025/01/24,2025/01/28,100,"2,437",457,--,-747,--
3382,セブン＆アイ・ホールディングス,東証,信用返済売,６ヵ月,特定,2025/01/24,2025/01/28,100,"2,437",457,--,-737,--
3382,セブン＆アイ・ホールディングス,東証,信用返済売,６ヵ月,特定,2025/01/24,2025/01/28,200,"2,437",914,--,"-1,294",--
3382,セブン＆アイ・ホールディングス,東証,信用返済売,６ヵ月,特定,2025/01/24,2025/01/28,100,"2,437",457,--,-737,--
3382,セブン＆アイ・ホールディングス,東証,信用返済売,６ヵ月,特定,2025/01/24,2025/01/28,100,"2,437",457,--,-757,--
3382,セブン＆アイ・ホールディングス,東証,信用返済売,６ヵ月,特定,2025/01/24,2025/01/28,100,"2,436.5",320,--,-800,--
3382,セブン＆アイ・ホールディングス,東証,信用返済売,６ヵ月,特定,2025/01/24,2025/01/28,100,"2,437",457,--,-637,--
3382,セブン＆アイ・ホールディングス,東証,信用返済売,６ヵ月,特定,2025/01/24,2025/01/28,100,"2,437",457,--,-757,--
3382,セブン＆アイ・ホールディングス,東証,信用返済売,６ヵ月,特定,2025/01/24,2025/01/28,400,"2,436.5","1,828",--,"-3,188",--
3382,セブン＆アイ・ホールディングス,東証,信用返済売,６ヵ月,特定,2025/01/24,2025/01/28,200,"2,436.5",640,--,"-1,620",--
4676,フジ・メディア・ホールディングス,東証,信用返済売,無期限,特定,2025/01/24,2025/01/28,200,"1,906.5",21,--,"11,779",--
4676,フジ・メディア・ホールディングス,東証,信用返済売,無期限,特定,2025/01/24,2025/01/28,300,"1,906.5",31,--,"17,519",--
4733,オービックビジネスコンサルタント,東証,信用返済売,６ヵ月,特定,2025/01/24,2025/01/28,100,"7,393",46,--,"-7,986",--
4733,オービックビジネスコンサルタント,東証,信用返済売,６ヵ月,特定,2025/01/24,2025/01/28,100,"7,289",45,--,"5,355",--
6146,ディスコ,東証,信用返済売,６ヵ月,特定,2025/01/24,2025/01/28,100,"47,430",294,--,"27,706",--
6254,野村マイクロ・サイエンス,PTS(O),信用返済売,６ヵ月,特定,2025/01/24,2025/01/28,100,"2,639.2",23,--,"-6,403",--
6254,野村マイクロ・サイエンス,PTS(X),信用返済売,６ヵ月,特定,2025/01/24,2025/01/28,100,"2,638.1",23,--,"-6,513",--
6254,野村マイクロ・サイエンス,PTS(X),信用返済売,６ヵ月,特定,2025/01/24,2025/01/28,100,"2,639.2",23,--,"-6,403",--
6254,野村マイクロ・サイエンス,東証,信用返済売,６ヵ月,特定,2025/01/24,2025/01/28,100,"2,638",23,--,"-6,523",--
6594,ニデック,PTS(X),信用返済売,６ヵ月,特定,2025/01/24,2025/01/28,100,"2,808.2",17,--,"3,153",--
6594,ニデック,東証,信用返済売,６ヵ月,特定,2025/01/24,2025/01/28,300,"2,799",110,--,"-44,360",--
6594,ニデック,東証,信用返済売,６ヵ月,特定,2025/01/24,2025/01/28,100,"2,799",36,--,"-14,786",--
6594,ニデック,PTS(X),信用返済売,６ヵ月,特定,2025/01/24,2025/01/28,200,"2,797",35,--,"-3,535",--
6594,ニデック,PTS(X),信用返済売,６ヵ月,特定,2025/01/24,2025/01/28,200,"2,808.2",34,--,"6,206",--
6594,ニデック,PTS(X),信用返済売,６ヵ月,特定,2025/01/24,2025/01/28,100,"2,797",17,--,"-1,717",--
6594,ニデック,PTS(O),信用返済売,６ヵ月,特定,2025/01/24,2025/01/28,100,"2,808",17,--,"3,083",--
6594,ニデック,PTS(O),信用返済売,６ヵ月,特定,2025/01/24,2025/01/28,100,"2,808.1",17,--,"3,143",--
6594,ニデック,PTS(X),信用返済売,６ヵ月,特定,2025/01/24,2025/01/28,100,"2,808.3",17,--,"3,163",--
6594,ニデック,PTS(O),信用返済売,６ヵ月,特定,2025/01/24,2025/01/28,100,"2,797",17,--,"-1,717",--
6594,ニデック,PTS(X),信用返済売,６ヵ月,特定,2025/01/24,2025/01/28,100,"2,808",17,--,"3,083",--
6594,ニデック,PTS(X),信用返済売,６ヵ月,特定,2025/01/24,2025/01/28,100,"2,797.1",17,--,"1,993",--
6594,ニデック,PTS(O),信用返済売,６ヵ月,特定,2025/01/24,2025/01/28,100,"2,799",17,--,"-1,617",--
6594,ニデック,PTS(X),信用返済売,６ヵ月,特定,2025/01/24,2025/01/28,200,"2,808.1",34,--,"6,186",--
6920,レーザーテック,PTS(O),信用返済売,６ヵ月,特定,2025/01/24,2025/01/28,100,"15,240.9",189,--,"3,901",--
6920,レーザーテック,PTS(O),信用返済売,６ヵ月,特定,2025/01/24,2025/01/28,100,"15,240.9",189,--,"4,151",--
9552,Ｍ＆Ａ総研ホールディングス,PTS(X),信用返済売,６ヵ月,特定,2025/01/24,2025/01/28,200,"1,917.8",167,--,213,--
9552,Ｍ＆Ａ総研ホールディングス,PTS(X),信用返済売,６ヵ月,特定,2025/01/24,2025/01/28,100,"1,917.8",83,--,117,--
9552,Ｍ＆Ａ総研ホールディングス,PTS(X),信用返済売,６ヵ月,特定,2025/01/24,2025/01/28,100,"1,917.1",83,--,47,--
9552,Ｍ＆Ａ総研ホールディングス,PTS(X),信用返済売,６ヵ月,特定,2025/01/24,2025/01/28,100,"1,917.9",83,--,117,--
3382,セブン＆アイ・ホールディングス,PTS(X),信用新規買,６ヵ月,特定,2025/01/24,2025/01/28,200,"2,440.4",--,--,--,--
3382,セブン＆アイ・ホールディングス,PTS(X),信用新規買,６ヵ月,特定,2025/01/24,2025/01/28,200,"2,440.5",--,--,--,--
3382,セブン＆アイ・ホールディングス,PTS(X),信用新規買,６ヵ月,特定,2025/01/24,2025/01/28,200,"2,436.9",--,--,--,--
3382,セブン＆アイ・ホールディングス,PTS(X),信用新規買,６ヵ月,特定,2025/01/24,2025/01/28,200,"2,437",--,--,--,--
3382,セブン＆アイ・ホールディングス,東証,信用新規買,６ヵ月,特定,2025/01/24,2025/01/28,100,"2,437",--,--,--,--
3382,セブン＆アイ・ホールディングス,東証,信用新規買,６ヵ月,特定,2025/01/24,2025/01/28,100,"2,440.5",--,--,--,--
3382,セブン＆アイ・ホールディングス,東証,信用新規買,無期限,特定,2025/01/24,2025/01/28,"1,000","2,437",--,--,--,--
3382,セブン＆アイ・ホールディングス,東証,信用新規買,無期限,特定,2025/01/24,2025/01/28,500,"2,442",--,--,--,--
4124,大阪油化工業,東証,信用新規買,６ヵ月,特定,2025/01/24,2025/01/28,100,"3,255",--,--,--,--
4676,フジ・メディア・ホールディングス,東証,信用新規買,無期限,特定,2025/01/24,2025/01/28,300,"1,848",--,--,--,--
4676,フジ・メディア・ホールディングス,東証,信用新規買,無期限,特定,2025/01/24,2025/01/28,200,"1,847.5",--,--,--,--
4733,オービックビジネスコンサルタント,PTS(X),信用新規買,６ヵ月,特定,2025/01/24,2025/01/28,100,"7,472.4",--,--,--,--
4733,オービックビジネスコンサルタント,PTS(X),信用新規買,６ヵ月,特定,2025/01/24,2025/01/28,100,"7,235",--,--,--,--
6146,ディスコ,東証,信用新規買,６ヵ月,特定,2025/01/24,2025/01/28,100,"47,150",--,--,--,--
6594,ニデック,PTS(O),信用新規買,６ヵ月,特定,2025/01/24,2025/01/28,100,"2,776.5",--,--,--,--
6594,ニデック,PTS(O),信用新規買,６ヵ月,特定,2025/01/24,2025/01/28,100,"2,814",--,--,--,--
6594,ニデック,東証,信用新規買,６ヵ月,特定,2025/01/24,2025/01/28,200,"2,814.5",--,--,--,--
6594,ニデック,東証,信用新規買,６ヵ月,特定,2025/01/24,2025/01/28,100,"2,815",--,--,--,--
6594,ニデック,東証,信用新規買,６ヵ月,特定,2025/01/24,2025/01/28,700,"2,777",--,--,--,--
6594,ニデック,東証,信用新規買,６ヵ月,特定,2025/01/24,2025/01/28,200,"2,776.5",--,--,--,--
6594,ニデック,東証,信用新規買,６ヵ月,特定,2025/01/24,2025/01/28,100,"2,814",--,--,--,--
6920,レーザーテック,PTS(O),信用新規買,６ヵ月,特定,2025/01/24,2025/01/28,100,"15,574.2",--,--,--,--
6920,レーザーテック,PTS(O),信用新規買,６ヵ月,特定,2025/01/24,2025/01/28,100,"15,590.5",--,--,--,--
9552,Ｍ＆Ａ総研ホールディングス,PTS(O),信用新規買,６ヵ月,特定,2025/01/24,2025/01/28,100,"1,957.6",--,--,--,--
9552,Ｍ＆Ａ総研ホールディングス,PTS(X),信用新規買,６ヵ月,特定,2025/01/24,2025/01/28,100,"1,995.1",--,--,--,--
9552,Ｍ＆Ａ総研ホールディングス,PTS(X),信用新規買,６ヵ月,特定,2025/01/24,2025/01/28,100,"1,957.8",--,--,--,--
9552,Ｍ＆Ａ総研ホールディングス,PTS(X),信用新規買,６ヵ月,特定,2025/01/24,2025/01/28,200,"1,957.6",--,--,--,--
4733,オービックビジネスコンサルタント,東証,信用返済買,日計りHP,特定,2025/01/24,2025/01/28,100,"7,481",71,--,"-21,871",--
5803,フジクラ,東証,信用新規売,６ヵ月,特定,2025/01/23,2025/01/27,100,"7,134",--,--,--,--
5803,フジクラ,東証,信用新規売,６ヵ月,特定,2025/01/23,2025/01/27,100,"7,044",--,--,--,--
5803,フジクラ,東証,信用新規売,６ヵ月,特定,2025/01/23,2025/01/27,300,"7,043",--,--,--,--
5803,フジクラ,PTS(X),信用新規売,６ヵ月,特定,2025/01/23,2025/01/27,100,"7,137.1",--,--,--,--
5803,フジクラ,PTS(O),信用新規売,６ヵ月,特定,2025/01/23,2025/01/27,100,"7,048.2",--,--,--,--
4676,フジ・メディア・ホールディングス,東証,信用返済売,６ヵ月,特定,2025/01/23,2025/01/27,400,"1,815.5",45,--,755,--
4676,フジ・メディア・ホールディングス,東証,信用返済売,６ヵ月,特定,2025/01/23,2025/01/27,200,"1,815.5",22,--,418,--
4676,フジ・メディア・ホールディングス,東証,信用返済売,無期限,特定,2025/01/23,2025/01/27,100,"1,814.5",10,--,"-1,760",--
4676,フジ・メディア・ホールディングス,東証,信用返済売,６ヵ月,特定,2025/01/23,2025/01/27,100,"1,815.5",11,--,199,--
4676,フジ・メディア・ホールディングス,東証,信用返済売,６ヵ月,特定,2025/01/23,2025/01/27,300,"1,815.5",33,--,597,--
4676,フジ・メディア・ホールディングス,東証,信用返済売,無期限,特定,2025/01/23,2025/01/27,100,"1,815.5",10,--,"1,390",--
4676,フジ・メディア・ホールディングス,東証,信用返済売,無期限,特定,2025/01/23,2025/01/27,700,"1,814.5",73,--,"-11,973",--
4676,フジ・メディア・ホールディングス,東証,信用返済売,無期限,特定,2025/01/23,2025/01/27,300,"1,815.5",31,--,"2,219",--
4676,フジ・メディア・ホールディングス,東証,信用返済売,無期限,特定,2025/01/23,2025/01/27,100,"1,814",10,--,"-1,810",--
4676,フジ・メディア・ホールディングス,東証,信用返済売,無期限,特定,2025/01/23,2025/01/27,"1,000","1,814.5",105,--,"-15,105",--
4676,フジ・メディア・ホールディングス,東証,信用返済売,無期限,特定,2025/01/23,2025/01/27,600,"1,814.5",62,--,"3,538",--
4676,フジ・メディア・ホールディングス,東証,信用返済売,無期限,特定,2025/01/23,2025/01/27,"1,100","1,815",114,--,"7,036",--
4676,フジ・メディア・ホールディングス,東証,信用返済売,６ヵ月,特定,2025/01/23,2025/01/27,100,"1,830.5",24,--,"13,546",--
4676,フジ・メディア・ホールディングス,東証,信用返済売,６ヵ月,特定,2025/01/23,2025/01/27,100,"1,830.5",24,--,"13,556",--
4676,フジ・メディア・ホールディングス,東証,信用返済売,６ヵ月,特定,2025/01/23,2025/01/27,300,"1,830.5",72,--,"40,668",--
4676,フジ・メディア・ホールディングス,東証,信用返済売,６ヵ月,特定,2025/01/23,2025/01/27,500,"1,830.5",118,--,"71,382",--
4676,フジ・メディア・ホールディングス,東証,信用返済売,無期限,特定,2025/01/23,2025/01/27,"1,000","1,834",103,--,"35,897",--
5803,フジクラ,PTS(O),信用返済売,６ヵ月,特定,2025/01/23,2025/01/27,100,"7,031",45,--,"-22,345",--
5803,フジクラ,東証,信用返済売,６ヵ月,特定,2025/01/23,2025/01/27,100,"7,309",45,--,"-3,445",--
5803,フジクラ,東証,信用返済売,６ヵ月,特定,2025/01/23,2025/01/27,100,"7,309",45,--,"-3,515",--
5803,フジクラ,東証,信用返済売,６ヵ月,特定,2025/01/23,2025/01/27,100,"7,309",45,--,"-3,515",--
5803,フジクラ,東証,信用返済売,６ヵ月,特定,2025/01/23,2025/01/27,100,"7,125",45,--,"-11,435",--
5803,フジクラ,東証,信用返済売,６ヵ月,特定,2025/01/23,2025/01/27,100,"7,031",45,--,"-22,345",--
5803,フジクラ,東証,信用返済売,６ヵ月,特定,2025/01/23,2025/01/27,300,"7,125",135,--,"-34,335",--
5803,フジクラ,東証,信用返済売,６ヵ月,特定,2025/01/23,2025/01/27,300,"7,125",135,--,"-34,635",--
6254,野村マイクロ・サイエンス,東証,信用返済売,無期限,特定,2025/01/23,2025/01/27,200,"2,709",174,--,"35,026",--
6254,野村マイクロ・サイエンス,東証,信用返済売,無期限,特定,2025/01/23,2025/01/27,100,"2,708",87,--,"17,313",--
6254,野村マイクロ・サイエンス,PTS(O),信用返済売,無期限,特定,2025/01/23,2025/01/27,100,"2,709.1",87,--,"17,623",--
6920,レーザーテック,PTS(X),信用返済売,６ヵ月,特定,2025/01/23,2025/01/27,200,"15,137.3","1,280",--,"97,280",--
9984,ソフトバンクグループ,PTS(O),信用返済売,６ヵ月,特定,2025/01/23,2025/01/27,100,"10,577.4",67,--,"-15,327",--
9984,ソフトバンクグループ,PTS(X),信用返済売,６ヵ月,特定,2025/01/23,2025/01/27,100,"10,695",67,--,"-15,417",--
9984,ソフトバンクグループ,東証,信用返済売,６ヵ月,特定,2025/01/23,2025/01/27,100,"10,695",67,--,"-17,337",--
9984,ソフトバンクグループ,東証,信用返済売,６ヵ月,特定,2025/01/23,2025/01/27,100,"10,695",67,--,"-15,417",--
9984,ソフトバンクグループ,PTS(O),信用返済売,６ヵ月,特定,2025/01/23,2025/01/27,100,"10,577.6",67,--,"-15,307",--
9984,ソフトバンクグループ,東証,信用返済売,６ヵ月,特定,2025/01/23,2025/01/27,100,"10,695",67,--,"-17,317",--
9984,ソフトバンクグループ,東証,信用返済売,６ヵ月,特定,2025/01/23,2025/01/27,200,"10,695",135,--,"-34,635",--
4676,フジ・メディア・ホールディングス,PTS(O),信用新規買,６ヵ月,特定,2025/01/23,2025/01/27,200,"1,813.3",--,--,--,--
4676,フジ・メディア・ホールディングス,PTS(O),信用新規買,６ヵ月,特定,2025/01/23,2025/01/27,300,"1,813.4",--,--,--,--
4676,フジ・メディア・ホールディングス,PTS(J),信用新規買,６ヵ月,特定,2025/01/23,2025/01/27,100,"1,813.4",--,--,--,--
4676,フジ・メディア・ホールディングス,PTS(X),信用新規買,６ヵ月,特定,2025/01/23,2025/01/27,500,"1,816.4",--,--,--,--
4676,フジ・メディア・ホールディングス,東証,信用新規買,６ヵ月,特定,2025/01/23,2025/01/27,"1,000","1,816.5",--,--,--,--
4676,フジ・メディア・ホールディングス,東証,信用新規買,６ヵ月,特定,2025/01/23,2025/01/27,400,"1,813.5",--,--,--,--
4676,フジ・メディア・ホールディングス,東証,信用新規買,無期限,特定,2025/01/23,2025/01/27,"1,000","1,798",--,--,--,--
4676,フジ・メディア・ホールディングス,東証,信用新規買,無期限,特定,2025/01/23,2025/01/27,"1,000","1,829.5",--,--,--,--
4676,フジ・メディア・ホールディングス,東証,信用新規買,無期限,特定,2025/01/23,2025/01/27,"1,700","1,808.5",--,--,--,--
4676,フジ・メディア・ホールディングス,東証,信用新規買,無期限,特定,2025/01/23,2025/01/27,200,"1,832",--,--,--,--
4676,フジ・メディア・ホールディングス,東証,信用新規買,無期限,特定,2025/01/23,2025/01/27,300,"1,808",--,--,--,--
4676,フジ・メディア・ホールディングス,東証,信用新規買,無期限,特定,2025/01/23,2025/01/27,100,"1,801.5",--,--,--,--
4676,フジ・メディア・ホールディングス,東証,信用新規買,無期限,特定,2025/01/23,2025/01/27,700,"1,831.5",--,--,--,--
5803,フジクラ,PTS(O),信用新規買,６ヵ月,特定,2025/01/23,2025/01/27,100,"7,343",--,--,--,--
5803,フジクラ,東証,信用新規買,６ヵ月,特定,2025/01/23,2025/01/27,200,"7,254",--,--,--,--
5803,フジクラ,東証,信用新規買,６ヵ月,特定,2025/01/23,2025/01/27,300,"7,240",--,--,--,--
5803,フジクラ,PTS(J),信用新規買,６ヵ月,特定,2025/01/23,2025/01/27,100,"7,238.9",--,--,--,--
5803,フジクラ,PTS(X),信用新規買,６ヵ月,特定,2025/01/23,2025/01/27,100,"7,343.7",--,--,--,--
5803,フジクラ,東証,信用新規買,６ヵ月,特定,2025/01/23,2025/01/27,300,"7,239",--,--,--,--
5803,フジクラ,PTS(O),信用新規買,６ヵ月,特定,2025/01/23,2025/01/27,100,"7,343.7",--,--,--,--
6254,野村マイクロ・サイエンス,東証,信用新規買,６ヵ月,特定,2025/01/23,2025/01/27,300,"2,703",--,--,--,--
6254,野村マイクロ・サイエンス,PTS(X),信用新規買,６ヵ月,特定,2025/01/23,2025/01/27,100,"2,703",--,--,--,--
6594,ニデック,東証,信用新規買,６ヵ月,特定,2025/01/23,2025/01/27,100,"2,946.5",--,--,--,--
6594,ニデック,東証,信用新規買,６ヵ月,特定,2025/01/23,2025/01/27,300,"2,946.5",--,--,--,--
6920,レーザーテック,東証,信用新規買,６ヵ月,特定,2025/01/23,2025/01/27,100,"15,200",--,--,--,--
6920,レーザーテック,PTS(O),信用新規買,６ヵ月,特定,2025/01/23,2025/01/27,100,"15,197.5",--,--,--,--
9984,ソフトバンクグループ,PTS(X),信用新規買,６ヵ月,特定,2025/01/23,2025/01/27,100,"10,867.7",--,--,--,--
9984,ソフトバンクグループ,PTS(X),信用新規買,６ヵ月,特定,2025/01/23,2025/01/27,200,"10,867.5",--,--,--,--
9984,ソフトバンクグループ,PTS(O),信用新規買,６ヵ月,特定,2025/01/23,2025/01/27,100,"10,867.5",--,--,--,--
9984,ソフトバンクグループ,東証,信用新規買,６ヵ月,特定,2025/01/23,2025/01/27,200,"10,730",--,--,--,--
9984,ソフトバンクグループ,PTS(O),信用新規買,６ヵ月,特定,2025/01/23,2025/01/27,200,"10,848.5",--,--,--,--
5803,フジクラ,東証,信用返済買,６ヵ月,特定,2025/01/23,2025/01/27,100,"7,230",21,--,"-18,621",--
5803,フジクラ,東証,信用返済買,６ヵ月,特定,2025/01/23,2025/01/27,100,"7,229",21,--,"-9,211",--
5803,フジクラ,東証,信用返済買,６ヵ月,特定,2025/01/23,2025/01/27,100,"7,229",21,--,"-18,101",--
5803,フジクラ,東証,信用返済買,６ヵ月,特定,2025/01/23,2025/01/27,300,"7,230",63,--,"-56,163",--
5803,フジクラ,東証,信用返済買,６ヵ月,特定,2025/01/23,2025/01/27,100,"7,229",21,--,"-9,521",--
2413,エムスリー,PTS(O),信用返済売,６ヵ月,特定,2025/01/22,2025/01/24,100,"1,418.8",220,--,"5,870",--
2413,エムスリー,PTS(X),信用返済売,６ヵ月,特定,2025/01/22,2025/01/24,100,"1,418.8",220,--,"5,870",--
4967,小林製薬,PTS(O),信用返済売,６ヵ月,特定,2025/01/22,2025/01/24,100,"5,717.2",66,--,"-1,546",--
4967,小林製薬,PTS(X),信用返済売,６ヵ月,特定,2025/01/22,2025/01/24,100,"5,717.1",750,--,"20,460",--
5715,古河機械金属,PTS(X),信用返済売,６ヵ月,特定,2025/01/22,2025/01/24,100,"1,765.1",22,--,"-1,412",--
5715,古河機械金属,東証,信用返済売,６ヵ月,特定,2025/01/22,2025/01/24,100,"1,765",22,--,"-1,412",--
5715,古河機械金属,東証,信用返済売,６ヵ月,特定,2025/01/22,2025/01/24,100,"1,765",22,--,"-1,402",--
5715,古河機械金属,東証,信用返済売,６ヵ月,特定,2025/01/22,2025/01/24,100,"1,765",22,--,"-1,422",--
5715,古河機械金属,東証,信用返済売,６ヵ月,特定,2025/01/22,2025/01/24,100,"1,765",22,--,"-1,402",--
5803,フジクラ,PTS(X),信用返済売,６ヵ月,特定,2025/01/22,2025/01/24,100,"6,943.1",42,--,"19,168",--
5803,フジクラ,PTS(X),信用返済売,６ヵ月,特定,2025/01/22,2025/01/24,100,"6,956.1",42,--,"20,378",--
6146,ディスコ,PTS(X),信用返済売,６ヵ月,特定,2025/01/22,2025/01/24,100,"49,750.5",306,--,"68,224",--
6857,アドバンテスト,PTS(O),信用返済売,６ヵ月,特定,2025/01/22,2025/01/24,100,"9,753.4",60,--,180,--
6857,アドバンテスト,PTS(O),信用返済売,６ヵ月,特定,2025/01/22,2025/01/24,100,"9,816",61,--,"-2,361",--
6857,アドバンテスト,PTS(X),信用返済売,６ヵ月,特定,2025/01/22,2025/01/24,100,"9,753.1",60,--,350,--
8035,東京エレクトロン,PTS(X),信用返済売,６ヵ月,特定,2025/01/22,2025/01/24,100,"27,375.7",171,--,"-10,051",--
8035,東京エレクトロン,PTS(O),信用返済売,６ヵ月,特定,2025/01/22,2025/01/24,100,"27,321.2",172,--,"-34,502",--
9984,ソフトバンクグループ,PTS(O),信用返済売,６ヵ月,特定,2025/01/22,2025/01/24,100,"9,916.1",62,--,"-6,952",--
9984,ソフトバンクグループ,PTS(X),信用返済売,６ヵ月,特定,2025/01/22,2025/01/24,100,"9,916",62,--,"-6,952",--
9984,ソフトバンクグループ,PTS(X),信用返済売,６ヵ月,特定,2025/01/22,2025/01/24,100,"10,225.8",62,--,"20,658",--
9984,ソフトバンクグループ,PTS(X),信用返済売,６ヵ月,特定,2025/01/22,2025/01/24,100,"9,916",62,--,"-6,952",--
4124,大阪油化工業,東証,信用新規買,６ヵ月,特定,2025/01/22,2025/01/24,100,"3,255",--,--,--,--
4124,大阪油化工業,東証,信用新規買,６ヵ月,特定,2025/01/22,2025/01/24,100,"3,255",--,--,--,--
4124,大阪油化工業,東証,信用新規買,６ヵ月,特定,2025/01/22,2025/01/24,100,"3,240",--,--,--,--
5803,フジクラ,PTS(X),信用新規買,６ヵ月,特定,2025/01/22,2025/01/24,100,"6,751.9",--,--,--,--
5803,フジクラ,東証,信用新規買,６ヵ月,特定,2025/01/22,2025/01/24,100,"6,751",--,--,--,--
6146,ディスコ,PTS(O),信用新規買,６ヵ月,特定,2025/01/22,2025/01/24,100,"49,065.2",--,--,--,--
6323,ローツェ,PTS(O),信用新規買,６ヵ月,特定,2025/01/22,2025/01/24,100,"1,773.5",--,--,--,--
6323,ローツェ,PTS(X),信用新規買,６ヵ月,特定,2025/01/22,2025/01/24,100,"1,773.6",--,--,--,--
6857,アドバンテスト,PTS(O),信用新規買,６ヵ月,特定,2025/01/22,2025/01/24,100,"9,839",--,--,--,--
6857,アドバンテスト,PTS(O),信用新規買,６ヵ月,特定,2025/01/22,2025/01/24,100,"9,751",--,--,--,--
6857,アドバンテスト,PTS(O),信用新規買,６ヵ月,特定,2025/01/22,2025/01/24,100,"9,749",--,--,--,--
8035,東京エレクトロン,PTS(O),信用新規買,６ヵ月,特定,2025/01/22,2025/01/24,100,"27,474.5",--,--,--,--
8035,東京エレクトロン,PTS(X),信用新規買,６ヵ月,特定,2025/01/22,2025/01/24,100,"27,664.5",--,--,--,--
8078,阪和興業,東証,信用新規買,６ヵ月,特定,2025/01/22,2025/01/24,100,"4,785",--,--,--,--
9984,ソフトバンクグループ,PTS(O),信用新規買,６ヵ月,特定,2025/01/22,2025/01/24,100,"9,984.9",--,--,--,--
9984,ソフトバンクグループ,PTS(X),信用新規買,６ヵ月,特定,2025/01/22,2025/01/24,100,"9,984.9",--,--,--,--
9984,ソフトバンクグループ,PTS(O),信用新規買,６ヵ月,特定,2025/01/22,2025/01/24,100,"10,018.6",--,--,--,--
9984,ソフトバンクグループ,PTS(X),信用新規買,６ヵ月,特定,2025/01/22,2025/01/24,100,"9,985",--,--,--,--
2160,ジーエヌアイグループ,東証(外),現物売,--,特定,2025/01/21,2025/01/23,100,"3,167",--,--,"316,700",--
5253,カバー,東証,信用新規売,６ヵ月,特定,2025/01/21,2025/01/23,100,"2,779",--,--,--,--
5253,カバー,東証,信用新規売,６ヵ月,特定,2025/01/21,2025/01/23,100,"2,779",--,--,--,--
5253,カバー,東証,信用新規売,６ヵ月,特定,2025/01/21,2025/01/23,100,"2,779",--,--,--,--
4676,フジ・メディア・ホールディングス,東証,信用返済売,無期限,特定,2025/01/21,2025/01/23,800,"1,751",78,--,"35,522",--
4676,フジ・メディア・ホールディングス,東証,信用返済売,無期限,特定,2025/01/21,2025/01/23,100,"1,823",10,--,"1,140",--
4676,フジ・メディア・ホールディングス,東証,信用返済売,無期限,特定,2025/01/21,2025/01/23,100,"1,814.5",10,--,"5,790",--
4676,フジ・メディア・ホールディングス,PTS(O),信用返済売,無期限,特定,2025/01/21,2025/01/23,100,"1,751.5",9,--,"4,491",--
4676,フジ・メディア・ホールディングス,PTS(O),信用返済売,無期限,特定,2025/01/21,2025/01/23,200,"1,814.5",20,--,"11,580",--
4676,フジ・メディア・ホールディングス,東証,信用返済売,無期限,特定,2025/01/21,2025/01/23,400,"1,769",39,--,"18,161",--
4676,フジ・メディア・ホールディングス,東証,信用返済売,無期限,特定,2025/01/21,2025/01/23,100,"1,751.5",9,--,"4,491",--
4676,フジ・メディア・ホールディングス,PTS(X),信用返済売,無期限,特定,2025/01/21,2025/01/23,200,"1,769",19,--,"9,081",--
4676,フジ・メディア・ホールディングス,PTS(X),信用返済売,無期限,特定,2025/01/21,2025/01/23,200,"1,814.5",20,--,"11,580",--
4676,フジ・メディア・ホールディングス,東証,信用返済売,無期限,特定,2025/01/21,2025/01/23,100,"1,823",10,--,"1,090",--
4676,フジ・メディア・ホールディングス,東証,信用返済売,無期限,特定,2025/01/21,2025/01/23,100,"1,768.5",9,--,"4,441",--
4676,フジ・メディア・ホールディングス,東証,信用返済売,無期限,特定,2025/01/21,2025/01/23,300,"1,823",31,--,"3,569",--
4676,フジ・メディア・ホールディングス,東証,信用返済売,無期限,特定,2025/01/21,2025/01/23,200,"1,768.5",19,--,"8,981",--
4676,フジ・メディア・ホールディングス,PTS(O),信用返済売,無期限,特定,2025/01/21,2025/01/23,100,"1,769.1",9,--,"4,551",--
5253,カバー,PTS(O),信用返済売,６ヵ月,特定,2025/01/21,2025/01/23,100,"2,787.1",17,--,"-2,207",--
5253,カバー,PTS(J),信用返済売,６ヵ月,特定,2025/01/21,2025/01/23,100,"2,787",17,--,"-2,117",--
5253,カバー,PTS(O),信用返済売,６ヵ月,特定,2025/01/21,2025/01/23,100,"2,787.1",17,--,"-2,307",--
5253,カバー,PTS(X),信用返済売,６ヵ月,特定,2025/01/21,2025/01/23,100,"2,787",17,--,"-2,217",--
5253,カバー,PTS(O),信用返済売,６ヵ月,特定,2025/01/21,2025/01/23,100,"2,787.1",17,--,"-2,207",--
5715,古河機械金属,PTS(J),信用返済売,６ヵ月,特定,2025/01/21,2025/01/23,100,"1,777.1",11,--,"-2,901",--
5715,古河機械金属,東証,信用返済売,６ヵ月,特定,2025/01/21,2025/01/23,100,"1,777",11,--,"-3,011",--
5715,古河機械金属,東証,信用返済売,６ヵ月,特定,2025/01/21,2025/01/23,100,"1,777",11,--,"-10,811",--
5715,古河機械金属,東証,信用返済売,６ヵ月,特定,2025/01/21,2025/01/23,100,"1,777",11,--,"-2,911",--
5715,古河機械金属,東証,信用返済売,６ヵ月,特定,2025/01/21,2025/01/23,100,"1,777",11,--,"-2,911",--
5715,古河機械金属,東証,信用返済売,６ヵ月,特定,2025/01/21,2025/01/23,400,"1,776",47,--,"-43,647",--
5715,古河機械金属,PTS(X),信用返済売,６ヵ月,特定,2025/01/21,2025/01/23,100,"1,777",11,--,"-2,901",--
6254,野村マイクロ・サイエンス,PTS(X),信用返済売,無期限,特定,2025/01/21,2025/01/23,100,"2,482.7",14,--,"3,856",--
6254,野村マイクロ・サイエンス,PTS(X),信用返済売,無期限,特定,2025/01/21,2025/01/23,100,"2,482.7",14,--,"3,756",--
6254,野村マイクロ・サイエンス,PTS(X),信用返済売,無期限,特定,2025/01/21,2025/01/23,100,"2,482.8",14,--,"3,966",--
6857,アドバンテスト,東証,信用返済売,６ヵ月,特定,2025/01/21,2025/01/23,100,"9,423",59,--,"-10,329",--
6857,アドバンテスト,PTS(O),信用返済売,６ヵ月,特定,2025/01/21,2025/01/23,100,"9,423",59,--,"-10,339",--
6857,アドバンテスト,PTS(X),信用返済売,６ヵ月,特定,2025/01/21,2025/01/23,100,"9,395.4",58,--,"-1,008",--
6857,アドバンテスト,PTS(O),信用返済売,６ヵ月,特定,2025/01/21,2025/01/23,100,"9,395.5",58,--,-958,--
7203,トヨタ自動車,PTS(X),信用返済売,６ヵ月,特定,2025/01/21,2025/01/23,100,"2,916.4",18,--,"-2,938",--
7203,トヨタ自動車,PTS(X),信用返済売,６ヵ月,特定,2025/01/21,2025/01/23,300,"2,916.4",55,--,"-8,845",--
7203,トヨタ自動車,PTS(X),信用返済売,６ヵ月,特定,2025/01/21,2025/01/23,100,"2,916.5",18,--,"-2,938",--
7261,マツダ,PTS(O),信用返済売,６ヵ月,特定,2025/01/21,2025/01/23,100,990.6,6,--,"-1,606",--
7261,マツダ,PTS(O),信用返済売,６ヵ月,特定,2025/01/21,2025/01/23,100,990.7,6,--,"-1,596",--
7261,マツダ,PTS(X),信用返済売,６ヵ月,特定,2025/01/21,2025/01/23,200,990.7,12,--,"-3,192",--
7261,マツダ,PTS(X),信用返済売,６ヵ月,特定,2025/01/21,2025/01/23,100,990.6,6,--,"-1,606",--
7261,マツダ,東証,信用返済売,６ヵ月,特定,2025/01/21,2025/01/23,100,990.6,6,--,"-1,726",--
7261,マツダ,東証,信用返済売,６ヵ月,特定,2025/01/21,2025/01/23,200,990.6,12,--,"-3,212",--
7261,マツダ,東証,信用返済売,６ヵ月,特定,2025/01/21,2025/01/23,100,990.6,6,--,"-1,766",--
7261,マツダ,東証,信用返済売,６ヵ月,特定,2025/01/21,2025/01/23,600,990.6,37,--,"-10,477",--
7261,マツダ,東証,信用返済売,６ヵ月,特定,2025/01/21,2025/01/23,100,990.6,6,--,"-1,746",--
7261,マツダ,東証,信用返済売,６ヵ月,特定,2025/01/21,2025/01/23,100,990.6,6,--,"-1,616",--
7261,マツダ,東証,信用返済売,６ヵ月,特定,2025/01/21,2025/01/23,200,990.6,12,--,"-3,232",--
7261,マツダ,東証,信用返済売,６ヵ月,特定,2025/01/21,2025/01/23,100,990.6,6,--,"-1,736",--
2160,ジーエヌアイグループ,PTS(X),信用新規買,６ヵ月,特定,2025/01/21,2025/01/23,100,"3,167.5",--,--,--,--
2160,ジーエヌアイグループ,PTS(O),信用新規買,６ヵ月,特定,2025/01/21,2025/01/23,100,"3,167.5",--,--,--,--
3978,マクロミル,東証,信用新規買,６ヵ月,特定,2025/01/21,2025/01/23,300,"1,265",--,--,--,--
3978,マクロミル,東証,信用新規買,６ヵ月,特定,2025/01/21,2025/01/23,500,"1,263",--,--,--,--
3978,マクロミル,PTS(X),信用新規買,６ヵ月,特定,2025/01/21,2025/01/23,100,"1,265",--,--,--,--
3978,マクロミル,PTS(X),信用新規買,６ヵ月,特定,2025/01/21,2025/01/23,300,"1,263",--,--,--,--
3978,マクロミル,PTS(O),信用新規買,６ヵ月,特定,2025/01/21,2025/01/23,200,"1,263",--,--,--,--
3978,マクロミル,PTS(O),信用新規買,６ヵ月,特定,2025/01/21,2025/01/23,100,"1,265",--,--,--,--
4676,フジ・メディア・ホールディングス,東証,信用新規買,無期限,特定,2025/01/21,2025/01/23,"1,000","1,706.5",--,--,--,--
4676,フジ・メディア・ホールディングス,東証,信用新規買,無期限,特定,2025/01/21,2025/01/23,100,"1,812",--,--,--,--
4676,フジ・メディア・ホールディングス,東証,信用新規買,無期限,特定,2025/01/21,2025/01/23,300,"1,811",--,--,--,--
4676,フジ・メディア・ホールディングス,東証,信用新規買,無期限,特定,2025/01/21,2025/01/23,100,"1,724",--,--,--,--
4676,フジ・メディア・ホールディングス,東証,信用新規買,無期限,特定,2025/01/21,2025/01/23,900,"1,723.5",--,--,--,--
4676,フジ・メディア・ホールディングス,東証,信用新規買,無期限,特定,2025/01/21,2025/01/23,100,"1,811.5",--,--,--,--
4676,フジ・メディア・ホールディングス,東証,信用新規買,無期限,特定,2025/01/21,2025/01/23,500,"1,756.5",--,--,--,--
4967,小林製薬,東証,信用新規買,６ヵ月,特定,2025/01/21,2025/01/23,100,"5,732",--,--,--,--
5253,カバー,東証,信用新規買,６ヵ月,特定,2025/01/21,2025/01/23,200,"2,809",--,--,--,--
5253,カバー,東証,信用新規買,６ヵ月,特定,2025/01/21,2025/01/23,100,"2,810",--,--,--,--
5253,カバー,PTS(O),信用新規買,６ヵ月,特定,2025/01/21,2025/01/23,100,"2,808",--,--,--,--
5253,カバー,PTS(X),信用新規買,６ヵ月,特定,2025/01/21,2025/01/23,100,"2,809",--,--,--,--
5715,古河機械金属,東証,信用新規買,６ヵ月,特定,2025/01/21,2025/01/23,500,"1,780",--,--,--,--
5715,古河機械金属,東証,信用新規買,６ヵ月,特定,2025/01/21,2025/01/23,500,"1,885",--,--,--,--
5715,古河機械金属,PTS(O),信用新規買,６ヵ月,特定,2025/01/21,2025/01/23,100,"1,805.9",--,--,--,--
5715,古河機械金属,PTS(O),信用新規買,６ヵ月,特定,2025/01/21,2025/01/23,100,"1,779",--,--,--,--
5715,古河機械金属,PTS(O),信用新規買,６ヵ月,特定,2025/01/21,2025/01/23,100,"1,778.8",--,--,--,--
5715,古河機械金属,PTS(X),信用新規買,６ヵ月,特定,2025/01/21,2025/01/23,100,"1,778.8",--,--,--,--
5715,古河機械金属,PTS(O),信用新規買,６ヵ月,特定,2025/01/21,2025/01/23,100,"1,806",--,--,--,--
5715,古河機械金属,PTS(X),信用新規買,６ヵ月,特定,2025/01/21,2025/01/23,100,"1,806",--,--,--,--
5715,古河機械金属,PTS(X),信用新規買,６ヵ月,特定,2025/01/21,2025/01/23,100,"1,778.9",--,--,--,--
5715,古河機械金属,東証,信用新規買,６ヵ月,特定,2025/01/21,2025/01/23,100,"1,807",--,--,--,--
5715,古河機械金属,東証,信用新規買,６ヵ月,特定,2025/01/21,2025/01/23,100,"1,806",--,--,--,--
5715,古河機械金属,東証,信用新規買,６ヵ月,特定,2025/01/21,2025/01/23,100,"1,779",--,--,--,--
6254,野村マイクロ・サイエンス,東証,信用新規買,無期限,特定,2025/01/21,2025/01/23,100,"2,443",--,--,--,--
6254,野村マイクロ・サイエンス,東証,信用新規買,無期限,特定,2025/01/21,2025/01/23,100,"2,445",--,--,--,--
6254,野村マイクロ・サイエンス,東証,信用新規買,無期限,特定,2025/01/21,2025/01/23,100,"2,444",--,--,--,--
6323,ローツェ,PTS(X),信用新規買,６ヵ月,特定,2025/01/21,2025/01/23,100,"1,839.1",--,--,--,--
6323,ローツェ,PTS(O),信用新規買,６ヵ月,特定,2025/01/21,2025/01/23,100,"1,839",--,--,--,--
6857,アドバンテスト,PTS(X),信用新規買,６ヵ月,特定,2025/01/21,2025/01/23,100,"9,525.8",--,--,--,--
6857,アドバンテスト,PTS(O),信用新規買,６ヵ月,特定,2025/01/21,2025/01/23,100,"9,404.9",--,--,--,--
6857,アドバンテスト,PTS(O),信用新規買,６ヵ月,特定,2025/01/21,2025/01/23,100,"9,525.7",--,--,--,--
6857,アドバンテスト,PTS(O),信用新規買,６ヵ月,特定,2025/01/21,2025/01/23,100,"9,404.5",--,--,--,--
7203,トヨタ自動車,PTS(X),信用新規買,６ヵ月,特定,2025/01/21,2025/01/23,100,"2,945.6",--,--,--,--
7203,トヨタ自動車,PTS(X),信用新規買,６ヵ月,特定,2025/01/21,2025/01/23,400,"2,945.7",--,--,--,--
7261,マツダ,PTS(X),信用新規買,６ヵ月,特定,2025/01/21,2025/01/23,700,"1,006.6",--,--,--,--
7261,マツダ,PTS(X),信用新規買,６ヵ月,特定,2025/01/21,2025/01/23,100,"1,008.2",--,--,--,--
7261,マツダ,PTS(O),信用新規買,６ヵ月,特定,2025/01/21,2025/01/23,100,"1,007.8",--,--,--,--
7261,マツダ,PTS(O),信用新規買,６ヵ月,特定,2025/01/21,2025/01/23,100,"1,008",--,--,--,--
7261,マツダ,PTS(O),信用新規買,６ヵ月,特定,2025/01/21,2025/01/23,100,"1,006.7",--,--,--,--
7261,マツダ,PTS(X),信用新規買,６ヵ月,特定,2025/01/21,2025/01/23,200,"1,006.7",--,--,--,--
7261,マツダ,PTS(X),信用新規買,６ヵ月,特定,2025/01/21,2025/01/23,100,"1,007.9",--,--,--,--
7261,マツダ,PTS(X),信用新規買,６ヵ月,特定,2025/01/21,2025/01/23,600,"1,008",--,--,--,--
5253,カバー,PTS(X),信用返済買,６ヵ月,特定,2025/01/21,2025/01/23,100,"2,783.6",8,--,-468,--
5253,カバー,PTS(X),信用返済買,６ヵ月,特定,2025/01/21,2025/01/23,100,"2,783.6",8,--,-468,--
5253,カバー,PTS(X),信用返済買,６ヵ月,特定,2025/01/21,2025/01/23,100,"2,783.6",8,--,-468,--
2160,ジーエヌアイグループ,PTS(J),現物買,--,特定,2025/01/20,2025/01/22,100,"3,080",--,--,"308,000",--
3382,セブン＆アイ・ホールディングス,東証,信用返済売,無期限,特定,2025/01/20,2025/01/22,900,"2,451.5",127,--,"-17,227",--
3382,セブン＆アイ・ホールディングス,東証,信用返済売,無期限,特定,2025/01/20,2025/01/22,"1,000","2,451.5",141,--,-141,--
3382,セブン＆アイ・ホールディングス,東証,信用返済売,無期限,特定,2025/01/20,2025/01/22,100,"2,451.5",14,--,"-1,164",--
4676,フジ・メディア・ホールディングス,東証,信用返済売,無期限,特定,2025/01/20,2025/01/22,400,"1,785.5",40,--,"3,960",--
4676,フジ・メディア・ホールディングス,東証,信用返済売,無期限,特定,2025/01/20,2025/01/22,100,"1,785.5",10,--,940,--
4676,フジ・メディア・ホールディングス,東証,信用返済売,無期限,特定,2025/01/20,2025/01/22,500,"1,785.5",50,--,"18,200",--
6857,アドバンテスト,東証,信用返済売,６ヵ月,特定,2025/01/20,2025/01/22,200,"9,370",116,--,"5,884",--
6857,アドバンテスト,PTS(O),信用返済売,６ヵ月,特定,2025/01/20,2025/01/22,100,"9,315",57,--,"7,313",--
3382,セブン＆アイ・ホールディングス,東証,信用新規買,無期限,特定,2025/01/20,2025/01/22,"1,000","2,451.5",--,--,--,--
3382,セブン＆アイ・ホールディングス,東証,信用新規買,無期限,特定,2025/01/20,2025/01/22,900,"2,470.5",--,--,--,--
3382,セブン＆アイ・ホールディングス,東証,信用新規買,無期限,特定,2025/01/20,2025/01/22,100,"2,463",--,--,--,--
4676,フジ・メディア・ホールディングス,東証,信用新規買,無期限,特定,2025/01/20,2025/01/22,400,"1,775.5",--,--,--,--
4676,フジ・メディア・ホールディングス,東証,信用新規買,無期限,特定,2025/01/20,2025/01/22,100,"1,776",--,--,--,--
4676,フジ・メディア・ホールディングス,東証,信用新規買,無期限,特定,2025/01/20,2025/01/22,500,"1,749",--,--,--,--
6254,野村マイクロ・サイエンス,東証,信用新規買,無期限,特定,2025/01/20,2025/01/22,200,"2,533",--,--,--,--
6254,野村マイクロ・サイエンス,東証,信用新規買,無期限,特定,2025/01/20,2025/01/22,100,"2,532",--,--,--,--
6254,野村マイクロ・サイエンス,東証,信用新規買,無期限,特定,2025/01/20,2025/01/22,100,"2,534",--,--,--,--
6857,アドバンテスト,PTS(X),信用新規買,６ヵ月,特定,2025/01/20,2025/01/22,100,"9,241.3",--,--,--,--
6857,アドバンテスト,東証,信用新規買,６ヵ月,特定,2025/01/20,2025/01/22,200,"9,340",--,--,--,--
9552,Ｍ＆Ａ総研ホールディングス,PTS(X),信用新規買,６ヵ月,特定,2025/01/20,2025/01/22,300,"1,915.9",--,--,--,--
9552,Ｍ＆Ａ総研ホールディングス,PTS(O),信用新規買,６ヵ月,特定,2025/01/20,2025/01/22,200,"1,915.8",--,--,--,--
7974,任天堂,PTS(O),信用新規売,６ヵ月,特定,2025/01/17,2025/01/21,100,"9,473.3",--,--,--,--
3498,霞ヶ関キャピタル,東証,信用返済売,６ヵ月,特定,2025/01/17,2025/01/21,100,"14,340",90,--,"-6,990",--
3498,霞ヶ関キャピタル,PTS(X),信用返済売,６ヵ月,特定,2025/01/17,2025/01/21,100,"14,246",91,--,"-38,491",--
3498,霞ヶ関キャピタル,PTS(O),信用返済売,６ヵ月,特定,2025/01/17,2025/01/21,100,"14,246",91,--,"-38,491",--
3498,霞ヶ関キャピタル,PTS(X),信用返済売,６ヵ月,特定,2025/01/17,2025/01/21,100,"14,243",91,--,"-38,791",--
3498,霞ヶ関キャピタル,PTS(X),信用返済売,６ヵ月,特定,2025/01/17,2025/01/21,100,"14,242",91,--,"-38,891",--
3498,霞ヶ関キャピタル,PTS(X),信用返済売,６ヵ月,特定,2025/01/17,2025/01/21,100,"14,340",90,--,"-6,990",--
3498,霞ヶ関キャピタル,東証,信用返済売,６ヵ月,特定,2025/01/17,2025/01/21,100,"14,340",90,--,"-10,190",--
3498,霞ヶ関キャピタル,東証,信用返済売,６ヵ月,特定,2025/01/17,2025/01/21,100,"13,920",84,--,"39,916",--
3498,霞ヶ関キャピタル,PTS(O),信用返済売,６ヵ月,特定,2025/01/17,2025/01/21,100,"14,340",424,--,"74,776",--
3978,マクロミル,東証,信用返済売,６ヵ月,特定,2025/01/17,2025/01/21,200,"1,247",75,--,"6,525",--
3978,マクロミル,東証,信用返済売,６ヵ月,特定,2025/01/17,2025/01/21,"1,000","1,247","2,553",--,"56,447",--
3978,マクロミル,東証,信用返済売,６ヵ月,特定,2025/01/17,2025/01/21,300,"1,247",113,--,"11,587",--
3978,マクロミル,東証,信用返済売,６ヵ月,特定,2025/01/17,2025/01/21,100,"1,247",37,--,"3,163",--
3978,マクロミル,東証,信用返済売,６ヵ月,特定,2025/01/17,2025/01/21,100,"1,247",37,--,"3,273",--
3978,マクロミル,東証,信用返済売,６ヵ月,特定,2025/01/17,2025/01/21,300,"1,247",113,--,"9,787",--
4499,Ｓｐｅｅｅ,東証,信用返済売,６ヵ月,特定,2025/01/17,2025/01/21,100,"3,855",23,--,"9,477",--
4499,Ｓｐｅｅｅ,東証,信用返済売,６ヵ月,特定,2025/01/17,2025/01/21,200,"3,855",46,--,"18,954",--
4499,Ｓｐｅｅｅ,PTS(X),信用返済売,６ヵ月,特定,2025/01/17,2025/01/21,100,"3,730.5",23,--,"-3,973",--
4499,Ｓｐｅｅｅ,PTS(X),信用返済売,６ヵ月,特定,2025/01/17,2025/01/21,100,"3,730",23,--,"-4,023",--
4499,Ｓｐｅｅｅ,東証,信用返済売,６ヵ月,特定,2025/01/17,2025/01/21,100,"3,855",23,--,"8,977",--
4499,Ｓｐｅｅｅ,東証,信用返済売,６ヵ月,特定,2025/01/17,2025/01/21,300,"3,730",70,--,"-15,070",--
4499,Ｓｐｅｅｅ,東証,信用返済売,６ヵ月,特定,2025/01/17,2025/01/21,100,"3,855",23,--,"8,477",--
4676,フジ・メディア・ホールディングス,東証,信用返済売,６ヵ月,特定,2025/01/17,2025/01/21,100,"1,690.5",10,--,"4,840",--
4676,フジ・メディア・ホールディングス,東証,信用返済売,６ヵ月,特定,2025/01/17,2025/01/21,600,"1,690.5",61,--,"32,039",--
4676,フジ・メディア・ホールディングス,東証,信用返済売,６ヵ月,特定,2025/01/17,2025/01/21,100,"1,690.5",10,--,290,--
4676,フジ・メディア・ホールディングス,東証,信用返済売,６ヵ月,特定,2025/01/17,2025/01/21,100,"1,690.5",10,--,"4,850",--
6016,ジャパンエンジンコーポレーション,PTS(O),信用返済売,６ヵ月,特定,2025/01/17,2025/01/21,100,"4,106",218,--,"-27,118",--
6016,ジャパンエンジンコーポレーション,PTS(O),信用返済売,６ヵ月,特定,2025/01/17,2025/01/21,100,"4,106",187,--,"-18,087",--
6857,アドバンテスト,PTS(O),信用返済売,６ヵ月,特定,2025/01/17,2025/01/21,100,"8,980",56,--,-356,--
6857,アドバンテスト,東証,信用返済売,６ヵ月,特定,2025/01/17,2025/01/21,200,"9,114",113,--,"-2,113",--
6857,アドバンテスト,東証,信用返済売,６ヵ月,特定,2025/01/17,2025/01/21,100,"9,114",56,--,"-1,056",--
6857,アドバンテスト,東証,信用返済売,６ヵ月,特定,2025/01/17,2025/01/21,100,"8,980",56,--,"-11,656",--
6857,アドバンテスト,東証,信用返済売,６ヵ月,特定,2025/01/17,2025/01/21,300,"8,980",346,--,"-80,146",--
6857,アドバンテスト,PTS(O),信用返済売,６ヵ月,特定,2025/01/17,2025/01/21,100,"8,980",56,--,334,--
6920,レーザーテック,東証,信用返済売,６ヵ月,特定,2025/01/17,2025/01/21,200,"14,615",182,--,"-5,722",--
6920,レーザーテック,東証,信用返済売,６ヵ月,特定,2025/01/17,2025/01/21,100,"14,645",90,--,"11,910",--
6920,レーザーテック,PTS(O),信用返済売,６ヵ月,特定,2025/01/17,2025/01/21,100,"14,571.5",182,--,"-6,992",--
6920,レーザーテック,PTS(O),信用返済売,６ヵ月,特定,2025/01/17,2025/01/21,100,"14,610.7",91,--,979,--
6920,レーザーテック,PTS(X),信用返済売,６ヵ月,特定,2025/01/17,2025/01/21,200,"14,645.1",181,--,"23,839",--
6920,レーザーテック,PTS(X),信用返済売,６ヵ月,特定,2025/01/17,2025/01/21,200,"14,645",181,--,"23,819",--
6920,レーザーテック,東証,信用返済売,６ヵ月,特定,2025/01/17,2025/01/21,100,"14,615",91,--,"-2,851",--
3498,霞ヶ関キャピタル,東証,信用新規買,６ヵ月,特定,2025/01/17,2025/01/21,100,"13,520",--,--,--,--
3498,霞ヶ関キャピタル,東証,信用新規買,６ヵ月,特定,2025/01/17,2025/01/21,400,"14,630",--,--,--,--
3498,霞ヶ関キャピタル,PTS(X),信用新規買,６ヵ月,特定,2025/01/17,2025/01/21,100,"14,441",--,--,--,--
3498,霞ヶ関キャピタル,PTS(O),信用新規買,６ヵ月,特定,2025/01/17,2025/01/21,200,"14,409",--,--,--,--
4499,Ｓｐｅｅｅ,東証,信用新規買,６ヵ月,特定,2025/01/17,2025/01/21,300,"3,780",--,--,--,--
4499,Ｓｐｅｅｅ,東証,信用新規買,６ヵ月,特定,2025/01/17,2025/01/21,100,"3,765",--,--,--,--
4499,Ｓｐｅｅｅ,東証,信用新規買,６ヵ月,特定,2025/01/17,2025/01/21,300,"3,770",--,--,--,--
4499,Ｓｐｅｅｅ,PTS(O),信用新規買,６ヵ月,特定,2025/01/17,2025/01/21,200,"3,760",--,--,--,--
4499,Ｓｐｅｅｅ,東証,信用新規買,６ヵ月,特定,2025/01/17,2025/01/21,100,"3,760",--,--,--,--
4676,フジ・メディア・ホールディングス,東証,信用新規買,６ヵ月,特定,2025/01/17,2025/01/21,500,"1,687.5",--,--,--,--
4676,フジ・メディア・ホールディングス,東証,信用新規買,６ヵ月,特定,2025/01/17,2025/01/21,100,"1,687.5",--,--,--,--
4676,フジ・メディア・ホールディングス,東証,信用新規買,６ヵ月,特定,2025/01/17,2025/01/21,100,"1,642",--,--,--,--
4676,フジ・メディア・ホールディングス,東証,信用新規買,６ヵ月,特定,2025/01/17,2025/01/21,600,"1,637",--,--,--,--
4676,フジ・メディア・ホールディングス,PTS(X),信用新規買,６ヵ月,特定,2025/01/17,2025/01/21,100,"1,694.8",--,--,--,--
4676,フジ・メディア・ホールディングス,PTS(X),信用新規買,６ヵ月,特定,2025/01/17,2025/01/21,300,"1,694.7",--,--,--,--
4676,フジ・メディア・ホールディングス,PTS(X),信用新規買,６ヵ月,特定,2025/01/17,2025/01/21,100,"1,641.9",--,--,--,--
4676,フジ・メディア・ホールディングス,PTS(O),信用新規買,６ヵ月,特定,2025/01/17,2025/01/21,100,"1,694.7",--,--,--,--
6857,アドバンテスト,東証,信用新規買,６ヵ月,特定,2025/01/17,2025/01/21,200,"9,124",--,--,--,--
6857,アドバンテスト,東証,信用新規買,６ヵ月,特定,2025/01/17,2025/01/21,100,"9,096",--,--,--,--
6857,アドバンテスト,PTS(O),信用新規買,６ヵ月,特定,2025/01/17,2025/01/21,100,"8,983",--,--,--,--
6857,アドバンテスト,PTS(O),信用新規買,６ヵ月,特定,2025/01/17,2025/01/21,100,"8,976.1",--,--,--,--
6857,アドバンテスト,PTS(O),信用新規買,６ヵ月,特定,2025/01/17,2025/01/21,100,"9,124",--,--,--,--
6920,レーザーテック,東証,信用新規買,６ヵ月,特定,2025/01/17,2025/01/21,500,"14,525",--,--,--,--
6920,レーザーテック,東証,信用新規買,６ヵ月,特定,2025/01/17,2025/01/21,100,"14,600",--,--,--,--
6920,レーザーテック,PTS(X),信用新規買,６ヵ月,特定,2025/01/17,2025/01/21,200,"14,644.5",--,--,--,--
6920,レーザーテック,PTS(X),信用新規買,６ヵ月,特定,2025/01/17,2025/01/21,100,"14,642.6",--,--,--,--
6920,レーザーテック,PTS(X),信用新規買,６ヵ月,特定,2025/01/17,2025/01/21,200,"14,642.7",--,--,--,--
7974,任天堂,PTS(O),信用返済買,６ヵ月,特定,2025/01/17,2025/01/21,100,"9,076",28,--,"39,702",--
5801,古河電気工業,PTS(O),信用新規売,６ヵ月,特定,2025/01/16,2025/01/20,200,"7,020.8",--,--,--,--
6857,アドバンテスト,PTS(X),信用新規売,６ヵ月,特定,2025/01/16,2025/01/20,100,"9,061.2",--,--,--,--
6857,アドバンテスト,PTS(X),信用新規売,６ヵ月,特定,2025/01/16,2025/01/20,300,"9,061.3",--,--,--,--
6857,アドバンテスト,PTS(X),信用新規売,６ヵ月,特定,2025/01/16,2025/01/20,100,"9,061.1",--,--,--,--
6920,レーザーテック,東証,信用新規売,６ヵ月,特定,2025/01/16,2025/01/20,100,"14,240",--,--,--,--
6920,レーザーテック,PTS(O),信用新規売,６ヵ月,特定,2025/01/16,2025/01/20,100,"14,261",--,--,--,--
277A,グロービング,東証,信用返済売,６ヵ月,特定,2025/01/16,2025/01/20,100,"8,530",229,--,"116,771",--
3498,霞ヶ関キャピタル,PTS(X),信用返済売,６ヵ月,特定,2025/01/16,2025/01/20,100,"13,700",83,--,"26,217",--
3498,霞ヶ関キャピタル,PTS(J),信用返済売,６ヵ月,特定,2025/01/16,2025/01/20,100,"13,710",83,--,"37,317",--
5801,古河電気工業,東証,信用返済売,６ヵ月,特定,2025/01/16,2025/01/20,100,"7,091",44,--,"-2,564",--
5801,古河電気工業,東証,信用返済売,６ヵ月,特定,2025/01/16,2025/01/20,100,"7,091",44,--,"-2,564",--
6323,ローツェ,PTS(O),信用返済売,６ヵ月,特定,2025/01/16,2025/01/20,100,"1,660.7",10,--,"-3,090",--
6323,ローツェ,PTS(X),信用返済売,６ヵ月,特定,2025/01/16,2025/01/20,200,"1,660.6",21,--,"-6,301",--
6323,ローツェ,PTS(X),信用返済売,６ヵ月,特定,2025/01/16,2025/01/20,100,"1,660.7",10,--,"-3,140",--
6323,ローツェ,PTS(X),信用返済売,６ヵ月,特定,2025/01/16,2025/01/20,100,"1,660.8",10,--,"-3,080",--
6323,ローツェ,PTS(O),信用返済売,６ヵ月,特定,2025/01/16,2025/01/20,100,"1,660.6",10,--,"-3,150",--
6323,ローツェ,PTS(X),信用返済売,６ヵ月,特定,2025/01/16,2025/01/20,100,"1,660.7",10,--,"-3,090",--
6857,アドバンテスト,PTS(O),信用返済売,６ヵ月,特定,2025/01/16,2025/01/20,100,"9,229.7",56,--,"14,434",--
6857,アドバンテスト,東証,信用返済売,６ヵ月,特定,2025/01/16,2025/01/20,100,"9,078",225,--,"4,875",--
6857,アドバンテスト,PTS(X),信用返済売,６ヵ月,特定,2025/01/16,2025/01/20,100,"9,229.6",56,--,"14,414",--
6857,アドバンテスト,PTS(O),信用返済売,６ヵ月,特定,2025/01/16,2025/01/20,100,"9,261.2",56,--,"18,094",--
6857,アドバンテスト,PTS(O),信用返済売,６ヵ月,特定,2025/01/16,2025/01/20,100,"9,261.1",56,--,"18,074",--
6857,アドバンテスト,PTS(O),信用返済売,６ヵ月,特定,2025/01/16,2025/01/20,100,"9,229.7",56,--,"14,934",--
6857,アドバンテスト,PTS(X),信用返済売,６ヵ月,特定,2025/01/16,2025/01/20,100,"9,229.6",56,--,"14,424",--
6857,アドバンテスト,PTS(X),信用返済売,６ヵ月,特定,2025/01/16,2025/01/20,100,"9,173",56,--,"9,274",--
6857,アドバンテスト,PTS(X),信用返済売,６ヵ月,特定,2025/01/16,2025/01/20,100,"9,229.6",56,--,"14,404",--
6857,アドバンテスト,東証,信用返済売,６ヵ月,特定,2025/01/16,2025/01/20,200,"9,195",115,--,"-10,315",--
6857,アドバンテスト,PTS(X),信用返済売,６ヵ月,特定,2025/01/16,2025/01/20,100,"9,078.1",225,--,"4,885",--
6857,アドバンテスト,PTS(X),信用返済売,６ヵ月,特定,2025/01/16,2025/01/20,100,"9,078.2",225,--,"4,895",--
6857,アドバンテスト,東証,信用返済売,６ヵ月,特定,2025/01/16,2025/01/20,200,"9,195",115,--,"-10,295",--
6857,アドバンテスト,東証,信用返済売,６ヵ月,特定,2025/01/16,2025/01/20,100,"9,195",57,--,"-5,147",--
6920,レーザーテック,東証,信用返済売,６ヵ月,特定,2025/01/16,2025/01/20,100,"14,265",364,--,"-30,824",--
6927,ヘリオス　テクノ　ホールディング,東証,信用返済売,６ヵ月,特定,2025/01/16,2025/01/20,200,930,11,--,189,--
6927,ヘリオス　テクノ　ホールディング,PTS(O),信用返済売,６ヵ月,特定,2025/01/16,2025/01/20,100,930,5,--,95,--
6927,ヘリオス　テクノ　ホールディング,東証,信用返済売,６ヵ月,特定,2025/01/16,2025/01/20,100,930,5,--,95,--
8035,東京エレクトロン,PTS(X),信用返済売,６ヵ月,特定,2025/01/16,2025/01/20,100,"26,515.7",168,--,"-43,738",--
9369,キユーソー流通システム,東証,信用返済売,６ヵ月,特定,2025/01/16,2025/01/20,100,"1,962",77,--,"-11,777",--
9369,キユーソー流通システム,東証,信用返済売,６ヵ月,特定,2025/01/16,2025/01/20,100,"1,965",77,--,"-11,477",--
9369,キユーソー流通システム,PTS(O),信用返済売,６ヵ月,特定,2025/01/16,2025/01/20,100,"1,965",77,--,"-11,477",--
3498,霞ヶ関キャピタル,PTS(X),信用新規買,６ヵ月,特定,2025/01/16,2025/01/20,100,"13,336",--,--,--,--
3498,霞ヶ関キャピタル,PTS(O),信用新規買,６ヵ月,特定,2025/01/16,2025/01/20,100,"13,437",--,--,--,--
5801,古河電気工業,PTS(X),信用新規買,６ヵ月,特定,2025/01/16,2025/01/20,100,"7,116.2",--,--,--,--
5801,古河電気工業,PTS(O),信用新規買,６ヵ月,特定,2025/01/16,2025/01/20,100,"7,116.2",--,--,--,--
6323,ローツェ,PTS(O),信用新規買,６ヵ月,特定,2025/01/16,2025/01/20,100,"1,691.5",--,--,--,--
6323,ローツェ,東証,信用新規買,６ヵ月,特定,2025/01/16,2025/01/20,400,"1,692",--,--,--,--
6323,ローツェ,東証,信用新規買,６ヵ月,特定,2025/01/16,2025/01/20,200,"1,691.5",--,--,--,--
6323,ローツェ,東証,信用新規買,６ヵ月,特定,2025/01/16,2025/01/20,600,"1,675",--,--,--,--
6857,アドバンテスト,PTS(O),信用新規買,６ヵ月,特定,2025/01/16,2025/01/20,200,"9,084.8",--,--,--,--
6857,アドバンテスト,PTS(J),信用新規買,６ヵ月,特定,2025/01/16,2025/01/20,100,"9,245.9",--,--,--,--
6857,アドバンテスト,PTS(O),信用新規買,６ヵ月,特定,2025/01/16,2025/01/20,200,"9,079.7",--,--,--,--
6857,アドバンテスト,PTS(O),信用新規買,６ヵ月,特定,2025/01/16,2025/01/20,200,"9,245.9",--,--,--,--
6857,アドバンテスト,東証,信用新規買,６ヵ月,特定,2025/01/16,2025/01/20,500,"9,246",--,--,--,--
6857,アドバンテスト,PTS(X),信用新規買,６ヵ月,特定,2025/01/16,2025/01/20,100,"9,085",--,--,--,--
6857,アドバンテスト,PTS(X),信用新規買,６ヵ月,特定,2025/01/16,2025/01/20,100,"9,079.8",--,--,--,--
6857,アドバンテスト,PTS(X),信用新規買,６ヵ月,特定,2025/01/16,2025/01/20,100,"9,084.9",--,--,--,--
6857,アドバンテスト,PTS(O),信用新規買,６ヵ月,特定,2025/01/16,2025/01/20,100,"9,079.8",--,--,--,--
6920,レーザーテック,PTS(X),信用新規買,６ヵ月,特定,2025/01/16,2025/01/20,100,"14,639.6",--,--,--,--
6927,ヘリオス　テクノ　ホールディング,東証,信用新規買,６ヵ月,特定,2025/01/16,2025/01/20,300,929,--,--,--,--
6927,ヘリオス　テクノ　ホールディング,PTS(O),信用新規買,６ヵ月,特定,2025/01/16,2025/01/20,100,929,--,--,--,--
6927,ヘリオス　テクノ　ホールディング,東証,信用新規買,無期限,特定,2025/01/16,2025/01/20,200,930,--,--,--,--
6927,ヘリオス　テクノ　ホールディング,東証,信用新規買,無期限,特定,2025/01/16,2025/01/20,200,929,--,--,--,--
8035,東京エレクトロン,PTS(O),信用新規買,６ヵ月,特定,2025/01/16,2025/01/20,100,"26,951.4",--,--,--,--
5801,古河電気工業,PTS(O),信用返済買,６ヵ月,特定,2025/01/16,2025/01/20,100,"7,103.7",21,--,"-8,311",--
5801,古河電気工業,PTS(X),信用返済買,６ヵ月,特定,2025/01/16,2025/01/20,100,"7,103.7",21,--,"-8,311",--
6857,アドバンテスト,東証,信用返済買,６ヵ月,特定,2025/01/16,2025/01/20,100,"9,089",27,--,"-2,797",--
6857,アドバンテスト,PTS(O),信用返済買,６ヵ月,特定,2025/01/16,2025/01/20,100,"9,088.7",27,--,"-2,777",--
6857,アドバンテスト,PTS(O),信用返済買,６ヵ月,特定,2025/01/16,2025/01/20,200,"9,088.6",54,--,"-5,514",--
6857,アドバンテスト,PTS(O),信用返済買,６ヵ月,特定,2025/01/16,2025/01/20,100,"9,068.8",27,--,-797,--
6920,レーザーテック,PTS(X),信用返済買,６ヵ月,特定,2025/01/16,2025/01/20,100,"14,265",42,--,-442,--
6920,レーザーテック,PTS(X),信用返済買,６ヵ月,特定,2025/01/16,2025/01/20,100,"14,265",42,--,"-2,542",--
3498,霞ヶ関キャピタル,PTS(X),信用新規売,６ヵ月,特定,2025/01/15,2025/01/17,100,"13,638",--,--,--,--
3498,霞ヶ関キャピタル,東証,信用新規売,６ヵ月,特定,2025/01/15,2025/01/17,100,"13,440",--,--,--,--
3498,霞ヶ関キャピタル,PTS(O),信用新規売,６ヵ月,特定,2025/01/15,2025/01/17,100,"13,441",--,--,--,--
3498,霞ヶ関キャピタル,PTS(O),信用新規売,６ヵ月,特定,2025/01/15,2025/01/17,100,"13,643",--,--,--,--
3498,霞ヶ関キャピタル,PTS(X),信用新規売,６ヵ月,特定,2025/01/15,2025/01/17,100,"13,631",--,--,--,--
3498,霞ヶ関キャピタル,東証,信用新規売,６ヵ月,特定,2025/01/15,2025/01/17,100,"13,440",--,--,--,--
3498,霞ヶ関キャピタル,東証,信用新規売,６ヵ月,特定,2025/01/15,2025/01/17,100,"13,440",--,--,--,--
3498,霞ヶ関キャピタル,東証,信用新規売,６ヵ月,特定,2025/01/15,2025/01/17,100,"13,440",--,--,--,--
3498,霞ヶ関キャピタル,東証,信用新規売,６ヵ月,特定,2025/01/15,2025/01/17,100,"13,440",--,--,--,--
3498,霞ヶ関キャピタル,東証,信用新規売,６ヵ月,特定,2025/01/15,2025/01/17,100,"13,440",--,--,--,--
6857,アドバンテスト,PTS(X),信用新規売,６ヵ月,特定,2025/01/15,2025/01/17,100,"9,039.1",--,--,--,--
6857,アドバンテスト,PTS(O),信用新規売,６ヵ月,特定,2025/01/15,2025/01/17,200,"9,039.2",--,--,--,--
6857,アドバンテスト,PTS(X),信用新規売,６ヵ月,特定,2025/01/15,2025/01/17,100,"9,041",--,--,--,--
6857,アドバンテスト,PTS(O),信用新規売,６ヵ月,特定,2025/01/15,2025/01/17,100,"9,042",--,--,--,--
6857,アドバンテスト,東証,信用新規売,６ヵ月,特定,2025/01/15,2025/01/17,100,"9,037",--,--,--,--
6857,アドバンテスト,東証,信用新規売,６ヵ月,特定,2025/01/15,2025/01/17,200,"9,039",--,--,--,--
3382,セブン＆アイ・ホールディングス,PTS(X),信用返済売,６ヵ月,特定,2025/01/15,2025/01/17,100,"2,440.7",289,--,-89,--
3498,霞ヶ関キャピタル,東証,信用返済売,６ヵ月,特定,2025/01/15,2025/01/17,100,"13,530",84,--,"-7,084",--
3498,霞ヶ関キャピタル,東証,信用返済売,６ヵ月,特定,2025/01/15,2025/01/17,100,"13,460",86,--,"-34,986",--
3498,霞ヶ関キャピタル,東証,信用返済売,６ヵ月,特定,2025/01/15,2025/01/17,100,"13,460",86,--,"-35,086",--
3498,霞ヶ関キャピタル,東証,信用返済売,６ヵ月,特定,2025/01/15,2025/01/17,100,"13,610",85,--,-85,--
3498,霞ヶ関キャピタル,東証,信用返済売,６ヵ月,特定,2025/01/15,2025/01/17,100,"13,610",84,--,"1,916",--
3498,霞ヶ関キャピタル,東証,信用返済売,６ヵ月,特定,2025/01/15,2025/01/17,100,"13,460",86,--,"-34,886",--
3498,霞ヶ関キャピタル,東証,信用返済売,６ヵ月,特定,2025/01/15,2025/01/17,100,"13,530",84,--,"-6,384",--
3498,霞ヶ関キャピタル,東証,信用返済売,６ヵ月,特定,2025/01/15,2025/01/17,300,"13,460",260,--,"-132,260",--
3498,霞ヶ関キャピタル,東証,信用返済売,６ヵ月,特定,2025/01/15,2025/01/17,100,"13,610",85,--,"-2,085",--
3498,霞ヶ関キャピタル,東証,信用返済売,６ヵ月,特定,2025/01/15,2025/01/17,100,"13,610",84,--,"2,116",--
3498,霞ヶ関キャピタル,東証,信用返済売,６ヵ月,特定,2025/01/15,2025/01/17,100,"13,460",86,--,"-35,086",--
3498,霞ヶ関キャピタル,東証,信用返済売,６ヵ月,特定,2025/01/15,2025/01/17,100,"13,610",84,--,"2,016",--
3498,霞ヶ関キャピタル,東証,信用返済売,６ヵ月,特定,2025/01/15,2025/01/17,200,"13,610",169,--,"3,831",--
3498,霞ヶ関キャピタル,東証,信用返済売,６ヵ月,特定,2025/01/15,2025/01/17,100,"13,460",85,--,"-22,085",--
3498,霞ヶ関キャピタル,PTS(O),信用返済売,６ヵ月,特定,2025/01/15,2025/01/17,100,"13,537",84,--,"-5,484",--
3498,霞ヶ関キャピタル,PTS(O),信用返済売,６ヵ月,特定,2025/01/15,2025/01/17,100,"13,539",84,--,"-5,084",--
3498,霞ヶ関キャピタル,PTS(X),信用返済売,６ヵ月,特定,2025/01/15,2025/01/17,100,"13,539",84,--,"-5,084",--
3498,霞ヶ関キャピタル,PTS(X),信用返済売,６ヵ月,特定,2025/01/15,2025/01/17,100,"13,537",84,--,"-5,684",--
3498,霞ヶ関キャピタル,PTS(O),信用返済売,６ヵ月,特定,2025/01/15,2025/01/17,100,"13,631",93,--,"-133,893",--
3498,霞ヶ関キャピタル,PTS(J),信用返済売,６ヵ月,特定,2025/01/15,2025/01/17,100,"13,531",84,--,"-6,084",--
3498,霞ヶ関キャピタル,PTS(O),信用返済売,６ヵ月,特定,2025/01/15,2025/01/17,100,"13,633",149,--,"-74,449",--
3697,ＳＨＩＦＴ,東証,信用返済売,６ヵ月,特定,2025/01/15,2025/01/17,300,"21,040",395,--,"-22,895",--
3697,ＳＨＩＦＴ,東証,信用返済売,６ヵ月,特定,2025/01/15,2025/01/17,200,"21,035",263,--,"-16,263",--
3697,ＳＨＩＦＴ,PTS(O),信用返済売,６ヵ月,特定,2025/01/15,2025/01/17,100,"21,132",131,--,"1,469",--
3697,ＳＨＩＦＴ,PTS(X),信用返済売,６ヵ月,特定,2025/01/15,2025/01/17,100,"21,133.5",131,--,"1,619",--
3697,ＳＨＩＦＴ,PTS(X),信用返済売,６ヵ月,特定,2025/01/15,2025/01/17,100,"21,134",131,--,"1,619",--
3697,ＳＨＩＦＴ,PTS(X),信用返済売,６ヵ月,特定,2025/01/15,2025/01/17,100,"21,132.5",131,--,"1,519",--
6254,野村マイクロ・サイエンス,東証,信用返済売,無期限,特定,2025/01/15,2025/01/17,300,"2,651",45,--,"-3,945",--
6254,野村マイクロ・サイエンス,東証,信用返済売,無期限,特定,2025/01/15,2025/01/17,200,"2,651",30,--,"-2,830",--
6323,ローツェ,PTS(X),信用返済売,６ヵ月,特定,2025/01/15,2025/01/17,100,"1,568.2",19,--,"-1,049",--
6323,ローツェ,PTS(O),信用返済売,６ヵ月,特定,2025/01/15,2025/01/17,100,"1,568",95,--,"3,305",--
6323,ローツェ,PTS(X),信用返済売,６ヵ月,特定,2025/01/15,2025/01/17,100,"1,568",19,--,"-1,069",--
6323,ローツェ,PTS(X),信用返済売,６ヵ月,特定,2025/01/15,2025/01/17,100,"1,568.3",95,--,"3,385",--
6323,ローツェ,PTS(X),信用返済売,６ヵ月,特定,2025/01/15,2025/01/17,200,"1,568.2",191,--,"6,649",--
6323,ローツェ,PTS(O),信用返済売,６ヵ月,特定,2025/01/15,2025/01/17,100,"1,568",95,--,"3,355",--
6393,油研工業,東証,信用返済売,６ヵ月,特定,2025/01/15,2025/01/17,100,"2,637",177,--,"-19,977",--
6857,アドバンテスト,PTS(X),信用返済売,６ヵ月,特定,2025/01/15,2025/01/17,100,"9,038.6",56,--,"-4,446",--
6857,アドバンテスト,PTS(X),信用返済売,６ヵ月,特定,2025/01/15,2025/01/17,100,"9,038.5",56,--,"-7,386",--
6857,アドバンテスト,PTS(O),信用返済売,６ヵ月,特定,2025/01/15,2025/01/17,100,"9,038.9",56,--,"-7,276",--
6857,アドバンテスト,PTS(X),信用返済売,６ヵ月,特定,2025/01/15,2025/01/17,100,"9,038.3",56,--,"-7,426",--
6857,アドバンテスト,PTS(O),信用返済売,６ヵ月,特定,2025/01/15,2025/01/17,100,"9,038.9",56,--,"-7,356",--
6857,アドバンテスト,PTS(O),信用返済売,６ヵ月,特定,2025/01/15,2025/01/17,100,"9,038.8",57,--,"-21,127",--
6857,アドバンテスト,PTS(X),信用返済売,６ヵ月,特定,2025/01/15,2025/01/17,100,"9,038.2",58,--,"-36,118",--
6857,アドバンテスト,PTS(O),信用返済売,６ヵ月,特定,2025/01/15,2025/01/17,100,"9,038.2",97,--,"-38,677",--
6920,レーザーテック,PTS(O),信用返済売,６ヵ月,特定,2025/01/15,2025/01/17,100,"14,391",92,--,"-48,242",--
6920,レーザーテック,PTS(X),信用返済売,６ヵ月,特定,2025/01/15,2025/01/17,100,"14,390.9",91,--,"-28,581",--
6920,レーザーテック,PTS(O),信用返済売,６ヵ月,特定,2025/01/15,2025/01/17,100,"14,391",189,--,"-81,589",--
3382,セブン＆アイ・ホールディングス,PTS(X),信用新規買,６ヵ月,特定,2025/01/15,2025/01/17,100,"2,438",--,--,--,--
3498,霞ヶ関キャピタル,PTS(X),信用新規買,６ヵ月,特定,2025/01/15,2025/01/17,100,"13,593",--,--,--,--
3498,霞ヶ関キャピタル,PTS(O),信用新規買,６ヵ月,特定,2025/01/15,2025/01/17,100,"13,589",--,--,--,--
3498,霞ヶ関キャピタル,PTS(O),信用新規買,６ヵ月,特定,2025/01/15,2025/01/17,100,"13,593",--,--,--,--
3498,霞ヶ関キャピタル,PTS(O),信用新規買,６ヵ月,特定,2025/01/15,2025/01/17,100,"13,810",--,--,--,--
3498,霞ヶ関キャピタル,PTS(X),信用新規買,６ヵ月,特定,2025/01/15,2025/01/17,100,"13,588",--,--,--,--
3498,霞ヶ関キャピタル,PTS(X),信用新規買,６ヵ月,特定,2025/01/15,2025/01/17,100,"13,588",--,--,--,--
3498,霞ヶ関キャピタル,PTS(X),信用新規買,６ヵ月,特定,2025/01/15,2025/01/17,100,"13,808",--,--,--,--
3498,霞ヶ関キャピタル,PTS(X),信用新規買,６ヵ月,特定,2025/01/15,2025/01/17,100,"13,591",--,--,--,--
3498,霞ヶ関キャピタル,PTS(J),信用新規買,６ヵ月,特定,2025/01/15,2025/01/17,100,"13,600",--,--,--,--
3498,霞ヶ関キャピタル,東証,信用新規買,６ヵ月,特定,2025/01/15,2025/01/17,100,"13,610",--,--,--,--
3498,霞ヶ関キャピタル,東証,信用新規買,６ヵ月,特定,2025/01/15,2025/01/17,200,"13,590",--,--,--,--
3498,霞ヶ関キャピタル,PTS(X),信用新規買,６ヵ月,特定,2025/01/15,2025/01/17,100,"13,589",--,--,--,--
3498,霞ヶ関キャピタル,PTS(O),信用新規買,６ヵ月,特定,2025/01/15,2025/01/17,100,"13,591",--,--,--,--
3498,霞ヶ関キャピタル,PTS(X),信用新規買,６ヵ月,特定,2025/01/15,2025/01/17,100,"13,809",--,--,--,--
3498,霞ヶ関キャピタル,PTS(O),信用新規買,６ヵ月,特定,2025/01/15,2025/01/17,100,"13,590",--,--,--,--
3498,霞ヶ関キャピタル,PTS(X),信用新規買,６ヵ月,特定,2025/01/15,2025/01/17,100,"13,589",--,--,--,--
3498,霞ヶ関キャピタル,PTS(O),信用新規買,６ヵ月,特定,2025/01/15,2025/01/17,100,"14,969",--,--,--,--
3498,霞ヶ関キャピタル,東証,信用新規買,６ヵ月,特定,2025/01/15,2025/01/17,100,"13,630",--,--,--,--
3498,霞ヶ関キャピタル,東証,信用新規買,６ヵ月,特定,2025/01/15,2025/01/17,100,"13,810",--,--,--,--
3498,霞ヶ関キャピタル,東証,信用新規買,６ヵ月,特定,2025/01/15,2025/01/17,100,"13,680",--,--,--,--
3498,霞ヶ関キャピタル,東証,信用新規買,６ヵ月,特定,2025/01/15,2025/01/17,300,"13,900",--,--,--,--
3697,ＳＨＩＦＴ,PTS(X),信用新規買,６ヵ月,特定,2025/01/15,2025/01/17,200,"21,116",--,--,--,--
3697,ＳＨＩＦＴ,東証,信用新規買,６ヵ月,特定,2025/01/15,2025/01/17,500,"21,115",--,--,--,--
3697,ＳＨＩＦＴ,PTS(X),信用新規買,６ヵ月,特定,2025/01/15,2025/01/17,100,"21,116.5",--,--,--,--
3697,ＳＨＩＦＴ,PTS(O),信用新規買,６ヵ月,特定,2025/01/15,2025/01/17,100,"21,116",--,--,--,--
3978,マクロミル,東証,信用新規買,６ヵ月,特定,2025/01/15,2025/01/17,100,"1,215",--,--,--,--
3978,マクロミル,PTS(O),信用新規買,６ヵ月,特定,2025/01/15,2025/01/17,100,"1,213.9",--,--,--,--
3978,マクロミル,東証,信用新規買,６ヵ月,特定,2025/01/15,2025/01/17,300,"1,214",--,--,--,--
3978,マクロミル,東証,信用新規買,６ヵ月,特定,2025/01/15,2025/01/17,300,"1,208",--,--,--,--
3978,マクロミル,PTS(X),信用新規買,６ヵ月,特定,2025/01/15,2025/01/17,200,"1,214",--,--,--,--
6135,牧野フライス製作所,東証,信用新規買,６ヵ月,特定,2025/01/15,2025/01/17,100,"11,540",--,--,--,--
6135,牧野フライス製作所,PTS(O),信用新規買,６ヵ月,特定,2025/01/15,2025/01/17,100,"11,689",--,--,--,--
6254,野村マイクロ・サイエンス,東証,信用新規買,無期限,特定,2025/01/15,2025/01/17,300,"2,664",--,--,--,--
6254,野村マイクロ・サイエンス,東証,信用新規買,無期限,特定,2025/01/15,2025/01/17,200,"2,665",--,--,--,--
6857,アドバンテスト,東証,信用新規買,６ヵ月,特定,2025/01/15,2025/01/17,100,"9,112",--,--,--,--
6857,アドバンテスト,東証,信用新規買,６ヵ月,特定,2025/01/15,2025/01/17,100,"9,027",--,--,--,--
6857,アドバンテスト,PTS(O),信用新規買,６ヵ月,特定,2025/01/15,2025/01/17,200,"9,027",--,--,--,--
6857,アドバンテスト,PTS(X),信用新規買,６ヵ月,特定,2025/01/15,2025/01/17,100,"9,111.1",--,--,--,--
6857,アドバンテスト,PTS(X),信用新規買,６ヵ月,特定,2025/01/15,2025/01/17,100,"9,111.8",--,--,--,--
6857,アドバンテスト,PTS(X),信用新規買,６ヵ月,特定,2025/01/15,2025/01/17,100,"9,111.9",--,--,--,--
6857,アドバンテスト,PTS(X),信用新規買,６ヵ月,特定,2025/01/15,2025/01/17,100,"9,249.5",--,--,--,--
6857,アドバンテスト,PTS(X),信用新規買,６ヵ月,特定,2025/01/15,2025/01/17,100,"9,082.5",--,--,--,--
6857,アドバンテスト,PTS(O),信用新規買,６ヵ月,特定,2025/01/15,2025/01/17,100,"9,398.8",--,--,--,--
6920,レーザーテック,PTS(X),信用新規買,６ヵ月,特定,2025/01/15,2025/01/17,100,"14,569.6",--,--,--,--
6920,レーザーテック,PTS(O),信用新規買,６ヵ月,特定,2025/01/15,2025/01/17,100,"14,675.8",--,--,--,--
6920,レーザーテック,PTS(O),信用新規買,６ヵ月,特定,2025/01/15,2025/01/17,100,"14,872.5",--,--,--,--
3498,霞ヶ関キャピタル,東証,信用返済買,６ヵ月,特定,2025/01/15,2025/01/17,100,"13,590",40,--,"-15,040",--
3498,霞ヶ関キャピタル,東証,信用返済買,６ヵ月,特定,2025/01/15,2025/01/17,100,"13,590",40,--,"-15,040",--
3498,霞ヶ関キャピタル,東証,信用返済買,６ヵ月,特定,2025/01/15,2025/01/17,100,"13,860",41,--,"-22,241",--
3498,霞ヶ関キャピタル,東証,信用返済買,６ヵ月,特定,2025/01/15,2025/01/17,100,"13,860",41,--,"-21,741",--
3498,霞ヶ関キャピタル,東証,信用返済買,６ヵ月,特定,2025/01/15,2025/01/17,100,"13,860",41,--,"-22,941",--
3498,霞ヶ関キャピタル,PTS(X),信用返済買,６ヵ月,特定,2025/01/15,2025/01/17,100,"13,583",40,--,"-14,340",--
3498,霞ヶ関キャピタル,PTS(X),信用返済買,６ヵ月,特定,2025/01/15,2025/01/17,100,"13,581",40,--,"-14,040",--
3498,霞ヶ関キャピタル,PTS(J),信用返済買,６ヵ月,特定,2025/01/15,2025/01/17,100,"13,589",40,--,"-14,940",--
3498,霞ヶ関キャピタル,PTS(O),信用返済買,６ヵ月,特定,2025/01/15,2025/01/17,100,"13,581",40,--,"-14,140",--
3498,霞ヶ関キャピタル,PTS(O),信用返済買,６ヵ月,特定,2025/01/15,2025/01/17,100,"13,583",40,--,"-14,340",--
6857,アドバンテスト,東証,信用返済買,６ヵ月,特定,2025/01/15,2025/01/17,100,"9,069",27,--,"-3,227",--
6857,アドバンテスト,東証,信用返済買,６ヵ月,特定,2025/01/15,2025/01/17,100,"9,068",27,--,"-2,727",--
6857,アドバンテスト,東証,信用返済買,６ヵ月,特定,2025/01/15,2025/01/17,100,"9,068",27,--,"-2,907",--
6857,アドバンテスト,東証,信用返済買,６ヵ月,特定,2025/01/15,2025/01/17,200,"9,068",54,--,"-5,854",--
6857,アドバンテスト,PTS(O),信用返済買,６ヵ月,特定,2025/01/15,2025/01/17,100,"9,068",27,--,"-2,627",--
6857,アドバンテスト,東証,信用返済買,６ヵ月,特定,2025/01/15,2025/01/17,100,"9,069",27,--,"-3,007",--
6857,アドバンテスト,東証,信用返済買,６ヵ月,特定,2025/01/15,2025/01/17,100,"9,069",27,--,"-3,017",--
6857,アドバンテスト,PTS(J),信用新規売,６ヵ月,特定,2025/01/14,2025/01/16,100,"9,453.1",--,--,--,--
6857,アドバンテスト,PTS(O),信用新規売,６ヵ月,特定,2025/01/14,2025/01/16,100,"9,454.3",--,--,--,--
6857,アドバンテスト,PTS(X),信用新規売,６ヵ月,特定,2025/01/14,2025/01/16,100,"9,456.1",--,--,--,--
6857,アドバンテスト,東証,信用新規売,６ヵ月,特定,2025/01/14,2025/01/16,100,"9,453",--,--,--,--
6857,アドバンテスト,PTS(O),信用新規売,６ヵ月,特定,2025/01/14,2025/01/16,300,"9,455.1",--,--,--,--
6857,アドバンテスト,PTS(X),信用新規売,６ヵ月,特定,2025/01/14,2025/01/16,100,"9,454.1",--,--,--,--
6857,アドバンテスト,PTS(O),信用新規売,６ヵ月,特定,2025/01/14,2025/01/16,100,"9,455.2",--,--,--,--
3382,セブン＆アイ・ホールディングス,東証,信用返済売,６ヵ月,特定,2025/01/14,2025/01/16,400,"2,424.5",60,--,"-3,020",--
3382,セブン＆アイ・ホールディングス,東証,信用返済売,６ヵ月,特定,2025/01/14,2025/01/16,100,"2,424.5",15,--,-745,--
3382,セブン＆アイ・ホールディングス,東証,信用返済売,６ヵ月,特定,2025/01/14,2025/01/16,100,"2,424.5",15,--,-745,--
3382,セブン＆アイ・ホールディングス,PTS(X),信用返済売,６ヵ月,特定,2025/01/14,2025/01/16,100,"2,426.7",15,--,335,--
3382,セブン＆アイ・ホールディングス,東証,信用返済売,６ヵ月,特定,2025/01/14,2025/01/16,400,"2,425",60,--,"-2,820",--
3382,セブン＆アイ・ホールディングス,PTS(X),信用返済売,６ヵ月,特定,2025/01/14,2025/01/16,200,"2,426.6",30,--,650,--
4935,リベルタ,東証,信用返済売,６ヵ月,特定,2025/01/14,2025/01/16,100,"2,064",13,--,"-11,813",--
4935,リベルタ,東証,信用返済売,６ヵ月,特定,2025/01/14,2025/01/16,100,"2,061",13,--,"-17,123",--
4935,リベルタ,東証,信用返済売,６ヵ月,特定,2025/01/14,2025/01/16,100,"2,061",13,--,"-17,123",--
4935,リベルタ,東証,信用返済売,６ヵ月,特定,2025/01/14,2025/01/16,100,"2,063",13,--,"-11,913",--
6323,ローツェ,東証,信用返済売,６ヵ月,特定,2025/01/14,2025/01/16,500,"1,581",49,--,451,--
6323,ローツェ,東証,信用返済売,６ヵ月,特定,2025/01/14,2025/01/16,100,"1,581",9,--,251,--
6323,ローツェ,東証,信用返済売,６ヵ月,特定,2025/01/14,2025/01/16,200,"1,581",19,--,481,--
6857,アドバンテスト,PTS(X),信用返済売,６ヵ月,特定,2025/01/14,2025/01/16,100,"9,456.2",59,--,-999,--
6857,アドバンテスト,PTS(X),信用返済売,６ヵ月,特定,2025/01/14,2025/01/16,100,"9,456.1",59,--,"-1,019",--
6857,アドバンテスト,PTS(O),信用返済売,６ヵ月,特定,2025/01/14,2025/01/16,100,"9,456.5",59,--,"-11,309",--
6857,アドバンテスト,PTS(X),信用返済売,６ヵ月,特定,2025/01/14,2025/01/16,100,"9,456.1",59,--,"-1,039",--
6857,アドバンテスト,東証,信用返済売,６ヵ月,特定,2025/01/14,2025/01/16,100,"9,456",61,--,"-34,861",--
6857,アドバンテスト,PTS(O),信用返済売,６ヵ月,特定,2025/01/14,2025/01/16,100,"9,456.5",60,--,"-20,050",--
6857,アドバンテスト,PTS(X),信用返済売,６ヵ月,特定,2025/01/14,2025/01/16,100,"9,456.1",59,--,"-1,049",--
6857,アドバンテスト,PTS(X),信用返済売,６ヵ月,特定,2025/01/14,2025/01/16,100,"9,456.4",59,--,"-3,689",--
6857,アドバンテスト,PTS(X),信用返済売,６ヵ月,特定,2025/01/14,2025/01/16,100,"9,456.1",59,--,"-1,029",--
6920,レーザーテック,PTS(O),信用返済売,６ヵ月,特定,2025/01/14,2025/01/16,100,"14,970.4",853,--,"-22,663",--
8016,オンワードホールディングス,PTS(X),信用返済売,６ヵ月,特定,2025/01/14,2025/01/16,100,595.7,11,--,-581,--
8016,オンワードホールディングス,PTS(X),信用返済売,６ヵ月,特定,2025/01/14,2025/01/16,100,595.7,11,--,-691,--
8016,オンワードホールディングス,PTS(X),信用返済売,６ヵ月,特定,2025/01/14,2025/01/16,100,595.7,11,--,-591,--
8016,オンワードホールディングス,PTS(X),信用返済売,６ヵ月,特定,2025/01/14,2025/01/16,100,595.7,11,--,-701,--
8016,オンワードホールディングス,PTS(O),信用返済売,６ヵ月,特定,2025/01/14,2025/01/16,200,595.7,22,--,"-1,182",--
8016,オンワードホールディングス,PTS(O),信用返済売,６ヵ月,特定,2025/01/14,2025/01/16,200,595.7,22,--,"-1,482",--
8016,オンワードホールディングス,PTS(X),信用返済売,６ヵ月,特定,2025/01/14,2025/01/16,100,595.7,11,--,-711,--
277A,グロービング,東証,信用新規買,６ヵ月,特定,2025/01/14,2025/01/16,100,"7,360",--,--,--,--
3382,セブン＆アイ・ホールディングス,PTS(X),信用新規買,６ヵ月,特定,2025/01/14,2025/01/16,100,"2,431.8",--,--,--,--
3382,セブン＆アイ・ホールディングス,PTS(X),信用新規買,６ヵ月,特定,2025/01/14,2025/01/16,300,"2,423.2",--,--,--,--
3382,セブン＆アイ・ホールディングス,PTS(X),信用新規買,６ヵ月,特定,2025/01/14,2025/01/16,800,"2,431.9",--,--,--,--
3382,セブン＆アイ・ホールディングス,PTS(O),信用新規買,６ヵ月,特定,2025/01/14,2025/01/16,100,"2,431.8",--,--,--,--
3498,霞ヶ関キャピタル,PTS(X),信用新規買,６ヵ月,特定,2025/01/14,2025/01/16,100,"14,376",--,--,--,--
4935,リベルタ,東証,信用新規買,６ヵ月,特定,2025/01/14,2025/01/16,100,"2,182",--,--,--,--
4935,リベルタ,PTS(X),信用新規買,６ヵ月,特定,2025/01/14,2025/01/16,100,"2,232.1",--,--,--,--
4935,リベルタ,PTS(O),信用新規買,６ヵ月,特定,2025/01/14,2025/01/16,100,"2,232.1",--,--,--,--
4935,リベルタ,PTS(X),信用新規買,６ヵ月,特定,2025/01/14,2025/01/16,100,"2,182",--,--,--,--
6323,ローツェ,東証,信用新規買,６ヵ月,特定,2025/01/14,2025/01/16,500,"1,580",--,--,--,--
6323,ローツェ,PTS(O),信用新規買,６ヵ月,特定,2025/01/14,2025/01/16,100,"1,578.4",--,--,--,--
6323,ローツェ,PTS(X),信用新規買,６ヵ月,特定,2025/01/14,2025/01/16,100,"1,578.5",--,--,--,--
6323,ローツェ,PTS(O),信用新規買,６ヵ月,特定,2025/01/14,2025/01/16,100,"1,578.5",--,--,--,--
6323,ローツェ,東証,信用新規買,６ヵ月,特定,2025/01/14,2025/01/16,200,"1,578.5",--,--,--,--
6857,アドバンテスト,東証,信用新規買,６ヵ月,特定,2025/01/14,2025/01/16,100,"9,569",--,--,--,--
6857,アドバンテスト,東証,信用新規買,６ヵ月,特定,2025/01/14,2025/01/16,100,"9,466",--,--,--,--
6857,アドバンテスト,東証,信用新規買,６ヵ月,特定,2025/01/14,2025/01/16,100,"9,424",--,--,--,--
6857,アドバンテスト,PTS(X),信用新規買,６ヵ月,特定,2025/01/14,2025/01/16,100,"9,804",--,--,--,--
6857,アドバンテスト,PTS(X),信用新規買,６ヵ月,特定,2025/01/14,2025/01/16,100,"9,465.8",--,--,--,--
6857,アドバンテスト,PTS(X),信用新規買,６ヵ月,特定,2025/01/14,2025/01/16,100,"9,465.9",--,--,--,--
6857,アドバンテスト,PTS(O),信用新規買,６ヵ月,特定,2025/01/14,2025/01/16,100,"9,656.4",--,--,--,--
6857,アドバンテスト,PTS(X),信用新規買,６ヵ月,特定,2025/01/14,2025/01/16,100,"9,465.6",--,--,--,--
6857,アドバンテスト,PTS(X),信用新規買,６ヵ月,特定,2025/01/14,2025/01/16,100,"9,465.7",--,--,--,--
6857,アドバンテスト,PTS(O),信用新規買,６ヵ月,特定,2025/01/14,2025/01/16,100,"9,492.7",--,--,--,--
6920,レーザーテック,PTS(O),信用新規買,６ヵ月,特定,2025/01/14,2025/01/16,100,"15,205",--,--,--,--
6857,アドバンテスト,東証,信用返済買,６ヵ月,特定,2025/01/14,2025/01/16,100,"9,424",28,--,"3,092",--
6857,アドバンテスト,東証,信用返済買,６ヵ月,特定,2025/01/14,2025/01/16,100,"9,424",28,--,"3,182",--
6857,アドバンテスト,東証,信用返済買,６ヵ月,特定,2025/01/14,2025/01/16,300,"9,424",85,--,"9,245",--
6857,アドバンテスト,PTS(X),信用返済買,６ヵ月,特定,2025/01/14,2025/01/16,100,"9,467.6",28,--,"-1,378",--
6857,アドバンテスト,PTS(X),信用返済買,６ヵ月,特定,2025/01/14,2025/01/16,100,"9,467.5",28,--,"-1,348",--
6857,アドバンテスト,PTS(X),信用返済買,６ヵ月,特定,2025/01/14,2025/01/16,100,"9,467.7",28,--,"-1,488",--
6857,アドバンテスト,東証,信用返済買,６ヵ月,特定,2025/01/14,2025/01/16,100,"9,468",28,--,"-1,528",--
3382,セブン＆アイ・ホールディングス,東証,信用返済売,無期限,特定,2025/01/10,2025/01/15,500,"2,490",66,--,"82,684",--
3382,セブン＆アイ・ホールディングス,PTS(O),信用返済売,無期限,特定,2025/01/10,2025/01/15,100,"2,451.3",13,--,"12,667",--
3382,セブン＆アイ・ホールディングス,PTS(X),信用返済売,無期限,特定,2025/01/10,2025/01/15,100,"2,451.3",13,--,"12,667",--
3382,セブン＆アイ・ホールディングス,PTS(X),信用返済売,無期限,特定,2025/01/10,2025/01/15,100,"2,451.5",13,--,"12,687",--
3382,セブン＆アイ・ホールディングス,PTS(X),信用返済売,無期限,特定,2025/01/10,2025/01/15,100,"2,451.4",13,--,"12,677",--
3382,セブン＆アイ・ホールディングス,PTS(X),信用返済売,無期限,特定,2025/01/10,2025/01/15,100,"2,451.6",13,--,"12,697",--
6857,アドバンテスト,東証,信用返済売,６ヵ月,特定,2025/01/10,2025/01/15,100,"10,380",62,--,"40,638",--
3382,セブン＆アイ・ホールディングス,東証,信用新規買,無期限,特定,2025/01/10,2025/01/15,"1,000","2,324.5",--,--,--,--
6016,ジャパンエンジンコーポレーション,東証,信用新規買,６ヵ月,特定,2025/01/10,2025/01/15,100,"4,285",--,--,--,--
6857,アドバンテスト,東証,信用新規買,６ヵ月,特定,2025/01/10,2025/01/15,100,"9,973",--,--,--,--
9369,キユーソー流通システム,東証,信用新規買,６ヵ月,特定,2025/01/10,2025/01/15,300,"2,079",--,--,--,--
5803,フジクラ,PTS(X),信用新規売,６ヵ月,特定,2025/01/09,2025/01/14,100,"6,449.9",--,--,--,--
5803,フジクラ,東証,信用新規売,６ヵ月,特定,2025/01/09,2025/01/14,300,"6,452",--,--,--,--
5803,フジクラ,東証,信用新規売,６ヵ月,特定,2025/01/09,2025/01/14,100,"6,453",--,--,--,--
3382,セブン＆アイ・ホールディングス,東証,信用返済売,無期限,特定,2025/01/09,2025/01/14,500,"2,374.5",68,--,"-10,318",--
3382,セブン＆アイ・ホールディングス,東証,信用返済売,無期限,特定,2025/01/09,2025/01/14,500,"2,374.5",68,--,-568,--
3382,セブン＆アイ・ホールディングス,東証,信用返済売,無期限,特定,2025/01/09,2025/01/14,500,"2,374.5",68,--,"-5,318",--
4385,メルカリ,東証,信用返済売,６ヵ月,特定,2025/01/09,2025/01/14,100,"1,676",10,--,"-2,310",--
4385,メルカリ,東証,信用返済売,６ヵ月,特定,2025/01/09,2025/01/14,200,"1,676.5",21,--,"-4,521",--
4385,メルカリ,東証,信用返済売,６ヵ月,特定,2025/01/09,2025/01/14,100,"1,676",10,--,"-2,360",--
4385,メルカリ,東証,信用返済売,６ヵ月,特定,2025/01/09,2025/01/14,100,"1,676",10,--,"-2,310",--
6016,ジャパンエンジンコーポレーション,東証,信用返済売,６ヵ月,特定,2025/01/09,2025/01/14,100,"4,210",184,--,"-1,084",--
6857,アドバンテスト,東証,信用返済売,６ヵ月,特定,2025/01/09,2025/01/14,100,"9,874",62,--,"-6,462",--
6857,アドバンテスト,東証,信用返済売,６ヵ月,特定,2025/01/09,2025/01/14,100,"9,874",63,--,"-23,023",--
8035,東京エレクトロン,PTS(O),信用返済売,６ヵ月,特定,2025/01/09,2025/01/14,100,"27,020.8",169,--,"-4,869",--
8035,東京エレクトロン,PTS(X),信用返済売,６ヵ月,特定,2025/01/09,2025/01/14,100,"27,072.5",168,--,"11,632",--
8035,東京エレクトロン,東証,信用返済売,６ヵ月,特定,2025/01/09,2025/01/14,100,"27,035",170,--,"-30,650",--
9104,商船三井,東証,信用返済売,６ヵ月,特定,2025/01/09,2025/01/14,300,"5,421",101,--,"-1,181",--
9104,商船三井,PTS(X),信用返済売,６ヵ月,特定,2025/01/09,2025/01/14,100,"5,391",33,--,"-1,623",--
9104,商船三井,PTS(X),信用返済売,６ヵ月,特定,2025/01/09,2025/01/14,100,"5,391",33,--,"-1,623",--
9104,商船三井,PTS(X),信用返済売,６ヵ月,特定,2025/01/09,2025/01/14,100,"5,391",33,--,"-1,633",--
3382,セブン＆アイ・ホールディングス,東証,信用新規買,無期限,特定,2025/01/09,2025/01/14,500,"2,375.5",--,--,--,--
3382,セブン＆アイ・ホールディングス,東証,信用新規買,無期限,特定,2025/01/09,2025/01/14,500,"2,385",--,--,--,--
3382,セブン＆アイ・ホールディングス,東証,信用新規買,無期限,特定,2025/01/09,2025/01/14,500,"2,395",--,--,--,--
4385,メルカリ,東証,信用新規買,６ヵ月,特定,2025/01/09,2025/01/14,100,"1,699.5",--,--,--,--
4385,メルカリ,東証,信用新規買,６ヵ月,特定,2025/01/09,2025/01/14,300,"1,699",--,--,--,--
4385,メルカリ,PTS(O),信用新規買,６ヵ月,特定,2025/01/09,2025/01/14,100,"1,699",--,--,--,--
6016,ジャパンエンジンコーポレーション,PTS(O),信用新規買,６ヵ月,特定,2025/01/09,2025/01/14,100,"4,375",--,--,--,--
6857,アドバンテスト,PTS(O),信用新規買,６ヵ月,特定,2025/01/09,2025/01/14,100,"10,103.6",--,--,--,--
6857,アドバンテスト,PTS(O),信用新規買,６ヵ月,特定,2025/01/09,2025/01/14,100,"9,938",--,--,--,--
8016,オンワードホールディングス,PTS(O),信用新規買,６ヵ月,特定,2025/01/09,2025/01/14,100,601.4,--,--,--,--
8016,オンワードホールディングス,東証,信用新規買,６ヵ月,特定,2025/01/09,2025/01/14,200,603,--,--,--,--
8016,オンワードホールディングス,PTS(X),信用新規買,６ヵ月,特定,2025/01/09,2025/01/14,100,602.6,--,--,--,--
8016,オンワードホールディングス,PTS(X),信用新規買,６ヵ月,特定,2025/01/09,2025/01/14,300,601.5,--,--,--,--
8016,オンワードホールディングス,PTS(O),信用新規買,６ヵ月,特定,2025/01/09,2025/01/14,100,602.7,--,--,--,--
8016,オンワードホールディングス,PTS(O),信用新規買,６ヵ月,特定,2025/01/09,2025/01/14,100,602.5,--,--,--,--
8035,東京エレクトロン,PTS(O),信用新規買,６ヵ月,特定,2025/01/09,2025/01/14,100,"27,339.8",--,--,--,--
8035,東京エレクトロン,PTS(O),信用新規買,６ヵ月,特定,2025/01/09,2025/01/14,100,"27,067.8",--,--,--,--
8035,東京エレクトロン,PTS(O),信用新規買,６ヵ月,特定,2025/01/09,2025/01/14,100,"26,954.5",--,--,--,--
9104,商船三井,東証,信用新規買,６ヵ月,特定,2025/01/09,2025/01/14,100,"5,407",--,--,--,--
9104,商船三井,PTS(O),信用新規買,６ヵ月,特定,2025/01/09,2025/01/14,100,"5,406.9",--,--,--,--
9104,商船三井,PTS(X),信用新規買,６ヵ月,特定,2025/01/09,2025/01/14,300,"5,424.6",--,--,--,--
9104,商船三井,PTS(X),信用新規買,６ヵ月,特定,2025/01/09,2025/01/14,100,"5,406.9",--,--,--,--
5803,フジクラ,PTS(O),信用返済買,６ヵ月,特定,2025/01/09,2025/01/14,100,"6,329.9",19,--,"12,191",--
5803,フジクラ,PTS(X),信用返済買,６ヵ月,特定,2025/01/09,2025/01/14,100,"6,332",19,--,"11,981",--
5803,フジクラ,PTS(O),信用返済買,６ヵ月,特定,2025/01/09,2025/01/14,100,"6,332",19,--,"11,981",--
5803,フジクラ,東証,信用返済買,６ヵ月,特定,2025/01/09,2025/01/14,100,"6,332",19,--,"11,771",--
5803,フジクラ,PTS(O),信用返済買,６ヵ月,特定,2025/01/09,2025/01/14,100,"6,329.9",19,--,"12,291",--
3382,セブン＆アイ・ホールディングス,PTS(X),信用返済売,無期限,特定,2025/01/08,2025/01/10,400,"2,409.8",55,--,"4,465",--
3382,セブン＆アイ・ホールディングス,PTS(X),信用返済売,無期限,特定,2025/01/08,2025/01/10,100,"2,409.7",13,--,507,--
3382,セブン＆アイ・ホールディングス,PTS(X),信用返済売,無期限,特定,2025/01/08,2025/01/10,100,"2,409.8",13,--,"1,067",--
3382,セブン＆アイ・ホールディングス,東証,信用返済売,無期限,特定,2025/01/08,2025/01/10,400,"2,396.5",55,--,"-12,055",--
3382,セブン＆アイ・ホールディングス,東証,信用返済売,無期限,特定,2025/01/08,2025/01/10,100,"2,396.5",13,--,"-2,963",--
3382,セブン＆アイ・ホールディングス,東証,信用返済売,無期限,特定,2025/01/08,2025/01/10,500,"2,396.5",69,--,"-8,319",--
3382,セブン＆アイ・ホールディングス,PTS(X),信用返済売,無期限,特定,2025/01/08,2025/01/10,400,"2,409.6",55,--,"1,985",--
8035,東京エレクトロン,東証,信用返済売,６ヵ月,特定,2025/01/08,2025/01/10,100,"27,540",168,--,"51,642",--
3382,セブン＆アイ・ホールディングス,東証,信用新規買,無期限,特定,2025/01/08,2025/01/10,400,"2,426.5",--,--,--,--
3382,セブン＆アイ・ホールディングス,東証,信用新規買,無期限,特定,2025/01/08,2025/01/10,500,"2,413",--,--,--,--
3382,セブン＆アイ・ホールディングス,東証,信用新規買,無期限,特定,2025/01/08,2025/01/10,500,"2,404.5",--,--,--,--
3382,セブン＆アイ・ホールディングス,東証,信用新規買,無期限,特定,2025/01/08,2025/01/10,100,"2,399",--,--,--,--
3382,セブン＆アイ・ホールディングス,東証,信用新規買,無期限,特定,2025/01/08,2025/01/10,100,"2,426",--,--,--,--
3382,セブン＆アイ・ホールディングス,東証,信用新規買,無期限,特定,2025/01/08,2025/01/10,400,"2,398.5",--,--,--,--
8035,東京エレクトロン,PTS(O),信用新規買,６ヵ月,特定,2025/01/08,2025/01/10,100,"27,021.9",--,--,--,--
6967,新光電気工業,東証,現物売,--,特定,2025/01/07,2025/01/09,200,"5,877",--,--,"1,175,400",--
7203,トヨタ自動車,PTS(X),信用新規売,６ヵ月,特定,2025/01/07,2025/01/09,200,"3,053.4",--,--,--,--
7203,トヨタ自動車,PTS(O),信用新規売,６ヵ月,特定,2025/01/07,2025/01/09,200,"3,096.3",--,--,--,--
7203,トヨタ自動車,PTS(O),信用新規売,６ヵ月,特定,2025/01/07,2025/01/09,100,"3,053.5",--,--,--,--
7203,トヨタ自動車,PTS(X),信用新規売,６ヵ月,特定,2025/01/07,2025/01/09,300,"3,097.1",--,--,--,--
7203,トヨタ自動車,PTS(X),信用新規売,６ヵ月,特定,2025/01/07,2025/01/09,200,"3,096.2",--,--,--,--
3186,ネクステージ,東証,信用返済売,６ヵ月,特定,2025/01/07,2025/01/09,300,"1,467",53,--,"8,047",--
3382,セブン＆アイ・ホールディングス,PTS(X),信用返済売,６ヵ月,特定,2025/01/07,2025/01/09,100,"2,448",167,--,783,--
3382,セブン＆アイ・ホールディングス,PTS(X),信用返済売,６ヵ月,特定,2025/01/07,2025/01/09,100,"2,448",167,--,773,--
3382,セブン＆アイ・ホールディングス,PTS(X),信用返済売,６ヵ月,特定,2025/01/07,2025/01/09,100,"2,448",167,--,783,--
3382,セブン＆アイ・ホールディングス,PTS(X),信用返済売,６ヵ月,特定,2025/01/07,2025/01/09,100,"2,448.1",167,--,853,--
3382,セブン＆アイ・ホールディングス,PTS(X),信用返済売,６ヵ月,特定,2025/01/07,2025/01/09,100,"2,448.1",167,--,793,--
6254,野村マイクロ・サイエンス,PTS(O),信用返済売,無期限,特定,2025/01/07,2025/01/09,300,"2,622.1",45,--,"3,885",--
6254,野村マイクロ・サイエンス,PTS(O),信用返済売,無期限,特定,2025/01/07,2025/01/09,100,"2,622",15,--,"1,285",--
6254,野村マイクロ・サイエンス,東証,信用返済売,６ヵ月,特定,2025/01/07,2025/01/09,300,"2,890",294,--,"307,506",--
6254,野村マイクロ・サイエンス,PTS(X),信用返済売,無期限,特定,2025/01/07,2025/01/09,100,"2,622",15,--,"1,385",--
6755,富士通ゼネラル,東証,信用返済売,６ヵ月,特定,2025/01/07,2025/01/09,100,"2,759",264,--,"40,646",--
6755,富士通ゼネラル,東証,信用返済売,６ヵ月,特定,2025/01/07,2025/01/09,200,"2,759",464,--,"86,936",--
6755,富士通ゼネラル,東証,信用返済売,６ヵ月,特定,2025/01/07,2025/01/09,100,"2,759",264,--,"40,656",--
6755,富士通ゼネラル,東証,信用返済売,６ヵ月,特定,2025/01/07,2025/01/09,100,"2,759",264,--,"40,666",--
6755,富士通ゼネラル,PTS(X),信用返済売,６ヵ月,特定,2025/01/07,2025/01/09,100,"2,759",28,--,"48,682",--
6755,富士通ゼネラル,PTS(O),信用返済売,６ヵ月,特定,2025/01/07,2025/01/09,100,"2,759",28,--,"48,682",--
6755,富士通ゼネラル,東証,信用返済売,無期限,特定,2025/01/07,2025/01/09,100,"2,759",15,--,-515,--
6755,富士通ゼネラル,東証,信用返済売,無期限,特定,2025/01/07,2025/01/09,200,"2,759",31,--,-831,--
6755,富士通ゼネラル,PTS(X),信用返済売,無期限,特定,2025/01/07,2025/01/09,200,"2,759",31,--,"1,769",--
6755,富士通ゼネラル,PTS(O),信用返済売,無期限,特定,2025/01/07,2025/01/09,100,"2,759",15,--,885,--
6857,アドバンテスト,東証,信用返済売,６ヵ月,特定,2025/01/07,2025/01/09,100,"9,837",61,--,"2,369",--
6857,アドバンテスト,東証,信用返済売,６ヵ月,特定,2025/01/07,2025/01/09,100,"9,838",61,--,"2,459",--
7203,トヨタ自動車,PTS(X),信用返済売,６ヵ月,特定,2025/01/07,2025/01/09,100,"3,058.2",19,--,"-2,479",--
7203,トヨタ自動車,PTS(O),信用返済売,６ヵ月,特定,2025/01/07,2025/01/09,100,"3,058.3",19,--,"-2,469",--
8035,東京エレクトロン,東証,信用返済売,６ヵ月,特定,2025/01/07,2025/01/09,100,"26,880",167,--,"9,863",--
6254,野村マイクロ・サイエンス,東証,信用新規買,無期限,特定,2025/01/07,2025/01/09,100,"2,608",--,--,--,--
6254,野村マイクロ・サイエンス,東証,信用新規買,無期限,特定,2025/01/07,2025/01/09,400,"2,609",--,--,--,--
6755,富士通ゼネラル,東証,信用新規買,無期限,特定,2025/01/07,2025/01/09,100,"2,764",--,--,--,--
6755,富士通ゼネラル,東証,信用新規買,無期限,特定,2025/01/07,2025/01/09,200,"2,763",--,--,--,--
6755,富士通ゼネラル,東証,信用新規買,無期限,特定,2025/01/07,2025/01/09,300,"2,750",--,--,--,--
6857,アドバンテスト,PTS(X),信用新規買,６ヵ月,特定,2025/01/07,2025/01/09,100,"9,812.8",--,--,--,--
6857,アドバンテスト,PTS(O),信用新規買,６ヵ月,特定,2025/01/07,2025/01/09,100,"9,812.7",--,--,--,--
7203,トヨタ自動車,PTS(O),信用新規買,６ヵ月,特定,2025/01/07,2025/01/09,200,"3,082.8",--,--,--,--
8035,東京エレクトロン,PTS(O),信用新規買,６ヵ月,特定,2025/01/07,2025/01/09,100,"26,779.7",--,--,--,--
7203,トヨタ自動車,PTS(X),信用返済買,６ヵ月,特定,2025/01/07,2025/01/09,100,"3,060.9",9,--,-749,--
7203,トヨタ自動車,PTS(O),信用返済買,６ヵ月,特定,2025/01/07,2025/01/09,200,"3,077.5",18,--,"3,722",--
7203,トヨタ自動車,PTS(X),信用返済買,６ヵ月,特定,2025/01/07,2025/01/09,200,"3,060.9",18,--,"7,062",--
7203,トヨタ自動車,PTS(X),信用返済買,６ヵ月,特定,2025/01/07,2025/01/09,200,"3,077.5",18,--,"3,902",--
7203,トヨタ自動車,PTS(O),信用返済買,６ヵ月,特定,2025/01/07,2025/01/09,100,"3,077.5",9,--,"1,951",--
7203,トヨタ自動車,PTS(X),信用返済買,６ヵ月,特定,2025/01/07,2025/01/09,200,"3,060.9",18,--,"-1,518",--
6967,新光電気工業,PTS(J),現物買,--,特定,2025/01/06,2025/01/09,200,"5,760",--,--,"1,152,000",--
3382,セブン＆アイ・ホールディングス,東証,信用返済売,無期限,特定,2025/01/06,2025/01/08,500,"2,440",70,--,"-6,320",--
3844,コムチュア,東証,信用返済売,６ヵ月,特定,2025/01/06,2025/01/08,100,"2,140",13,--,7,--
3844,コムチュア,東証,信用返済売,６ヵ月,特定,2025/01/06,2025/01/08,100,"2,140",13,--,17,--
5401,日本製鉄,東証,信用返済売,６ヵ月,特定,2025/01/06,2025/01/08,200,"3,158",39,--,"1,561",--
6857,アドバンテスト,東証,信用返済売,６ヵ月,特定,2025/01/06,2025/01/08,100,"9,302",58,--,"-11,958",--
6857,アドバンテスト,東証,信用返済売,６ヵ月,特定,2025/01/06,2025/01/08,100,"9,302",57,--,"4,643",--
3186,ネクステージ,東証,信用新規買,６ヵ月,特定,2025/01/06,2025/01/08,300,"1,440",--,--,--,--
3382,セブン＆アイ・ホールディングス,PTS(X),信用新規買,６ヵ月,特定,2025/01/06,2025/01/08,100,"2,441.1",--,--,--,--
3382,セブン＆アイ・ホールディングス,PTS(X),信用新規買,６ヵ月,特定,2025/01/06,2025/01/08,100,"2,441.2",--,--,--,--
3382,セブン＆アイ・ホールディングス,東証,信用新規買,無期限,特定,2025/01/06,2025/01/08,500,"2,452.5",--,--,--,--
3382,セブン＆アイ・ホールディングス,PTS(X),信用新規買,６ヵ月,特定,2025/01/06,2025/01/08,200,"2,441.4",--,--,--,--
3382,セブン＆アイ・ホールディングス,PTS(X),信用新規買,６ヵ月,特定,2025/01/06,2025/01/08,100,"2,441.3",--,--,--,--
3844,コムチュア,PTS(O),信用新規買,６ヵ月,特定,2025/01/06,2025/01/08,100,"2,139.7",--,--,--,--
3844,コムチュア,PTS(X),信用新規買,６ヵ月,特定,2025/01/06,2025/01/08,100,"2,139.8",--,--,--,--
5401,日本製鉄,東証,信用新規買,６ヵ月,特定,2025/01/06,2025/01/08,200,"3,150",--,--,--,--
6016,ジャパンエンジンコーポレーション,PTS(X),信用新規買,６ヵ月,特定,2025/01/06,2025/01/08,100,"4,219",--,--,--,--
6323,ローツェ,東証,信用新規買,６ヵ月,特定,2025/01/06,2025/01/08,200,"1,533.5",--,--,--,--
6323,ローツェ,東証,信用新規買,６ヵ月,特定,2025/01/06,2025/01/08,300,"1,534",--,--,--,--
6393,油研工業,東証,信用新規買,６ヵ月,特定,2025/01/06,2025/01/08,100,"2,835",--,--,--,--
6755,富士通ゼネラル,PTS(X),信用新規買,６ヵ月,特定,2025/01/06,2025/01/08,200,"2,271.9",--,--,--,--
6857,アドバンテスト,PTS(O),信用新規買,６ヵ月,特定,2025/01/06,2025/01/08,100,"9,421",--,--,--,--
6857,アドバンテスト,PTS(O),信用新規買,６ヵ月,特定,2025/01/06,2025/01/08,100,"9,255",--,--,--,--
6920,レーザーテック,PTS(O),信用新規買,６ヵ月,特定,2025/01/06,2025/01/08,100,"15,188.5",--,--,--,--
